recording,method,latency_budget_ms,ablation,seed,der,miss,false_alarm,confusion,jer,der_no_overlap,der_collar250ms,overlap_miss_floor,n_speakers_true,n_speakers_pred,speaker_count_error,latency_median_ms,latency_p95_ms,latency_max_ms,latency_first_ms,n_decisions,turn_accuracy,duration_s,overlap_fraction,embed_s,cluster_s,total_s,rtf,extra_mean_query_size
test_000_1000,online,500.0,full,0,0.1458157939046977,0.0756019531907728,0.0227310995117023,0.0474827412022225,0.1742786344154374,0.0839992204248684,0.0582460732984293,0.0680249200202054,3.0,4.0,1.0,500.0,500.0,500.0,500.0,225.0,0.9547738693467336,60.0,0.0729900632339656,0.0674455999978818,0.0414422000176273,0.1241404000029433,0.0020690066667157,2.9066666666666667
test_000_1001,online,500.0,full,0,0.1867317425885755,0.064172089660159,0.0448300795372378,0.0777295733911786,0.2198656200792454,0.1335215812827753,0.0249178532311062,0.051879971077368,3.0,5.0,2.0,500.0,500.0,500.0,500.0,217.0,0.9292929292929292,60.0,0.0547187797902764,0.0533298999944236,0.0407981000025756,0.1081417000095825,0.0018023616668263,2.774193548387097
test_000_1002,online,500.0,full,0,0.5793983910458202,0.0431969220006995,0.0269324938789786,0.509268975166142,1.0745742108840737,0.573037927149831,0.5159694107062528,0.0342777194823364,3.0,2.0,-1.0,500.0,500.0,500.0,500.0,225.0,0.4666666666666667,60.0,0.0354943860919956,0.0483640999882482,0.0437514999939594,0.1095151999616064,0.0018252533326934,2.902222222222222
test_000_1003,online,500.0,full,0,0.266783523225241,0.0255915863277826,0.024715162138475,0.2164767747589833,0.4758615641189287,0.2515145951900128,0.2095595908996034,0.0226117440841367,5.0,5.0,0.0,500.0,500.0,500.0,500.0,228.0,0.776255707762557,60.0,0.0231348637015781,0.0513247999770101,0.0392669000138994,0.1064244000008329,0.0017737400000138,2.881578947368421
test_000_1004,online,500.0,full,0,0.315989847715736,0.1153236040609137,0.0115799492385786,0.1890862944162436,0.5657703555894351,0.2293279022403258,0.2269412269412269,0.1105647208121827,4.0,5.0,1.0,500.0,500.0,500.0,500.0,226.0,0.7978723404255319,60.0,0.1243088995897984,0.0464578999963123,0.0456581000180449,0.1066182000213302,0.0017769700003555,2.911504424778761
test_000_1005,online,500.0,full,0,0.1952008168822328,0.0660313138189244,0.0233151803948264,0.1058543226684819,0.2998248368362197,0.1414662084765177,0.0773044850123957,0.05428863172226,5.0,7.0,2.0,500.0,500.0,500.0,500.0,225.0,0.9108910891089108,60.0,0.057405074680583,0.048867200006498,0.0386148999969009,0.1004841999965719,0.0016747366666095,2.8844444444444446
test_000_1006,online,500.0,full,0,0.2094967396756395,0.0822604915565958,0.018558769436549,0.1086774786824945,0.3393174373888676,0.1414002745636399,0.0775780510879848,0.0737334893830463,5.0,7.0,2.0,500.0,500.0,500.0,500.0,224.0,0.9123711340206184,60.0,0.0796028880866425,0.0501127999741584,0.0392389000044204,0.1044069999770727,0.0017401166662845,2.8660714285714284
test_000_1007,online,500.0,full,0,0.4367816091954023,0.0718819694630296,0.0283067421513124,0.3365928975810602,0.6919761151119892,0.4273318872017353,0.3651750521678646,0.0650197289414994,2.0,3.0,1.0,500.0,500.0,500.0,500.0,223.0,0.605,60.0,0.0695412844036697,0.0476866999815683,0.0425158999860286,0.1051152999862097,0.0017519216664368,2.8430493273542603
test_000_1008,online,500.0,full,0,0.0752464971458225,0.0477426050856253,0.0164331430548348,0.0110707490053623,0.0878218137592083,0.038005644402634,0.0087032201914708,0.0403044455976474,2.0,2.0,0.0,500.0,500.0,500.0,500.0,224.0,0.9952153110047848,60.0,0.0419971160778658,0.0484760999970603,0.0385830999875906,0.1015667999745346,0.0016927799995755,2.9017857142857144
test_000_1009,online,500.0,full,0,0.3895058747786898,0.0928697891517785,0.0143248028327699,0.2823112827941413,0.7047826673335313,0.3365702078073412,0.3235743937076688,0.0856269113149847,3.0,3.0,0.0,500.0,500.0,500.0,500.0,229.0,0.689119170984456,60.0,0.0936454849498327,0.047984600008931,0.0465941999864298,0.1097852000093553,0.0018297533334892,2.938864628820961
test_000_1010,online,500.0,full,0,0.1740650122334848,0.0527787486892694,0.018350227193289,0.1029360363509262,0.2719651414585246,0.1336633663366336,0.0763903916901103,0.0410695560992659,5.0,6.0,1.0,500.0,500.0,500.0,500.0,221.0,0.9033816425120772,60.0,0.0428285037361035,0.0478546999802347,0.0542040000145789,0.1285676000115927,0.0021427933335265,2.8642533936651584
test_000_1011,online,500.0,full,0,0.186897880539499,0.0855812459858702,0.0208734746307,0.0804431599229287,0.4998980062641699,0.0814087759815242,0.1118024889602569,0.0828516377649325,3.0,3.0,0.0,500.0,500.0,500.0,500.0,233.0,0.9362745098039216,60.0,0.0903361344537815,0.1083068999869283,0.0444950000091921,0.1691700000083074,0.0028195000001384,2.918454935622317
test_000_1012,online,500.0,full,0,0.4167812929848693,0.1242549289316827,0.0221610881858474,0.2703652758673391,0.6864952229671331,0.3902439024390244,0.3709002861545234,0.1208925569310713,2.0,2.0,0.0,500.0,500.0,500.0,500.0,235.0,0.6436170212765957,60.0,0.1375173852573018,0.0646992000110913,0.0450721000088378,0.1273527000448666,0.0021225450007477,2.970212765957447
test_000_1013,online,500.0,full,0,0.1503290613093176,0.0481468652580533,0.0223415310010391,0.0798406650502251,0.4894487990146808,0.1127619047619047,0.0588235294117647,0.0453758226532732,5.0,4.0,-1.0,500.0,500.0,500.0,500.0,225.0,0.908653846153846,60.0,0.047532656023222,0.0609377000073436,0.0447535999992396,0.118754600000102,0.001979243333335,2.9066666666666667
test_000_1014,online,500.0,full,0,0.2928106649738137,0.0968100301539438,0.0172988414537375,0.1787017933661323,1.0256792443041758,0.1632772780602268,0.1083180987202925,0.094588160609427,5.0,6.0,1.0,500.0,500.0,500.0,500.0,232.0,0.9015544041450776,60.0,0.1035933391761612,0.0647029000101611,0.0495645000191871,0.1304125000315252,0.002173541667192,2.8663793103448274
test_000_1015,online,500.0,full,0,0.1776192902020716,0.0485651214128035,0.0249617931737137,0.1040923756155544,0.1703918624422057,0.1247439955315583,0.061047739754964,0.0439803022584479,3.0,7.0,4.0,500.0,500.0,500.0,500.0,230.0,0.9014084507042254,60.0,0.0460035523978685,0.0685363999800756,0.043752300000051,0.1289002999837976,0.0021483383330632,2.878260869565217
test_000_1016,online,500.0,full,0,0.336892247043364,0.0905059132720105,0.0226675427069645,0.2237187910643889,0.5164360150251935,0.2743519245875884,0.2535274356103023,0.0818002628120893,4.0,6.0,2.0,500.0,500.0,500.0,500.0,227.0,0.7587939698492462,60.0,0.089087656529517,0.0665275999926962,0.0439323000027798,0.1274188999959733,0.0021236483332662,2.845814977973568
test_000_1017,online,500.0,full,0,0.3515959197104311,0.0771635406383678,0.02319842053307,0.2512339585389931,0.4098469989238925,0.2891912610195477,0.1879981247069854,0.0707469562356038,4.0,8.0,4.0,500.0,500.0,500.0,500.0,230.0,0.77,60.0,0.0761331444759206,0.0692336999927647,0.0440438000077847,0.1297094000037759,0.0021618233333962,2.8217391304347825
test_000_1018,online,500.0,full,0,0.3229310344827586,0.0667241379310344,0.0236206896551724,0.2325862068965517,0.3098455791282113,0.2424420887318414,0.1080878681977034,0.0608620689655172,2.0,4.0,2.0,500.0,500.0,500.0,500.0,222.0,0.8,60.0,0.0648063154029741,0.0625869999930728,0.0432902000029571,0.1223049999971408,0.002038416666619,2.779279279279279
test_000_1019,online,500.0,full,0,0.4573975655751757,0.0560603463055031,0.0204011657809017,0.3809360534887708,0.9124850593926358,0.4035721071632149,0.3937387116195063,0.0488599348534201,4.0,3.0,-1.0,500.0,500.0,500.0,500.0,225.0,0.6238095238095238,60.0,0.0513698630136986,0.0645148999756202,0.0389190999849233,0.117045099963434,0.0019507516660572,2.893333333333333
test_000_1020,online,500.0,full,0,0.4413839435673496,0.0935505542492442,0.0298958683238159,0.3179375209942895,0.7152391377286371,0.4080808080808081,0.3556320708312838,0.0843130668458179,4.0,4.0,0.0,500.0,500.0,500.0,500.0,223.0,0.643979057591623,60.0,0.0920763022743947,0.0548261000076308,0.0439369999803602,0.1120277000009082,0.0018671283333484,2.8520179372197307
test_000_1021,online,500.0,full,0,0.2022653721682848,0.1111650485436893,0.0132686084142394,0.0778317152103559,0.2937329713931778,0.1110439338976219,0.0887532284573843,0.0985436893203883,5.0,5.0,0.0,500.0,500.0,500.0,500.0,223.0,0.9297297297297298,60.0,0.1093161012385568,0.0466833999962545,0.0423553000146057,0.1028606000181753,0.0017143433336362,2.896860986547085
test_000_1022,online,500.0,full,0,0.6154770075497598,0.0427247769389155,0.0250514756348661,0.547700754975978,0.9510291734327894,0.6186219739292365,0.5739773716275022,0.039293067947838,5.0,3.0,-2.0,500.0,500.0,500.0,500.0,229.0,0.4075829383886256,60.0,0.0409001607429898,0.0442971000156831,0.0422142999887,0.1007950000057462,0.0016799166667624,2.921397379912664
test_000_1023,online,500.0,full,0,0.4885375494071146,0.1141501976284585,0.0232411067193675,0.3511462450592885,0.8315981964318192,0.451968182745258,0.420217803030303,0.1124110671936758,5.0,3.0,-2.0,500.0,500.0,500.0,500.0,230.0,0.5783783783783784,60.0,0.1266476665479159,0.0444133999990299,0.0396397000004071,0.0988015999901108,0.0016466933331685,2.9217391304347826
test_000_1000,online,500.0,no_bounded_window,0,0.1542347196497727,0.0756019531907728,0.0227310995117023,0.0559016669472975,0.2329038545909063,0.0997856168388228,0.0589005235602094,0.0680249200202054,3.0,3.0,0.0,500.0,500.0,500.0,500.0,225.0,0.9447236180904522,60.0,0.0729900632339656,0.0476753999828361,0.0231847999966703,0.0839971999812405,0.0013999533330206,1.0
test_000_1001,online,500.0,no_bounded_window,0,0.2744034707158351,0.064172089660159,0.0448300795372378,0.1654013015184381,0.3911020053063143,0.2349737797498991,0.1056955093099671,0.051879971077368,3.0,5.0,2.0,500.0,500.0,500.0,500.0,217.0,0.8333333333333334,60.0,0.0547187797902764,0.0464055000047665,0.027312799997162,0.0881013000034727,0.0014683550000578,1.0
test_000_1002,online,500.0,no_bounded_window,0,0.4073102483385799,0.0431969220006995,0.0269324938789786,0.3371808324589017,0.8048341047284019,0.384904243334585,0.3153396311291048,0.0342777194823364,3.0,3.0,0.0,500.0,500.0,500.0,500.0,225.0,0.6523809523809524,60.0,0.0354943860919956,0.0486619000148493,0.0238607999926898,0.0873172999999951,0.0014552883333332,1.0
test_000_1003,online,500.0,no_bounded_window,0,0.3307624890446976,0.0255915863277826,0.024715162138475,0.2804557405784399,0.6192839478622693,0.3185239581420965,0.2552702984763097,0.0226117440841367,5.0,5.0,0.0,500.0,500.0,500.0,500.0,228.0,0.7077625570776256,60.0,0.0231348637015781,0.0464687999919988,0.0245177999895531,0.0849793999805115,0.0014163233330085,1.0
test_000_1004,online,500.0,no_bounded_window,0,0.3304251269035533,0.1153236040609137,0.0115799492385786,0.2035215736040609,0.6175001788360335,0.2604887983706721,0.252037752037752,0.1105647208121827,4.0,4.0,0.0,500.0,500.0,500.0,500.0,226.0,0.7606382978723404,60.0,0.1243088995897984,0.0585196999891195,0.0262035999912768,0.0989108999783638,0.0016485149996393,1.0
test_000_1005,online,500.0,no_bounded_window,0,0.2830156569094622,0.0660313138189244,0.0233151803948264,0.1936691626957113,0.4176902969233007,0.2535318823978618,0.1751183231913455,0.05428863172226,5.0,6.0,1.0,500.0,500.0,500.0,500.0,225.0,0.7871287128712872,60.0,0.057405074680583,0.0478688000002875,0.0370772999885957,0.098666099976981,0.0016444349996163,1.0
test_000_1006,online,500.0,no_bounded_window,0,0.2573148302959371,0.0822604915565958,0.018558769436549,0.1564955693027921,0.4149261444568796,0.2055304961757207,0.1208609271523178,0.0737334893830463,5.0,6.0,1.0,500.0,500.0,500.0,500.0,224.0,0.845360824742268,60.0,0.0796028880866425,0.1353111999924294,0.0259700999886263,0.1770476999809034,0.0029507949996817,1.0
test_000_1007,online,500.0,no_bounded_window,0,0.3621547435237605,0.0718819694630296,0.0283067421513124,0.2619660319094184,0.606388658749885,0.3415499901400118,0.2868073266867609,0.0650197289414994,2.0,3.0,1.0,500.0,500.0,500.0,500.0,223.0,0.705,60.0,0.0695412844036697,0.0507443000096827,0.0262241000018548,0.0906805999984499,0.0015113433333074,1.0
test_000_1008,online,500.0,no_bounded_window,0,0.1184916104480193,0.0477426050856253,0.0164331430548348,0.0543158623075592,0.1769395872164441,0.0850423330197554,0.0267624020887728,0.0403044455976474,2.0,2.0,0.0,500.0,500.0,500.0,500.0,224.0,0.9473684210526316,60.0,0.0419971160778658,0.0497825999918859,0.0240003999788314,0.0879561999754514,0.0014659366662575,1.0
test_000_1009,online,500.0,no_bounded_window,0,0.4199259616932239,0.0928697891517785,0.0143248028327699,0.3127313697086754,0.7647316985357993,0.3732763643425908,0.332532226349137,0.0856269113149847,3.0,3.0,0.0,500.0,500.0,500.0,500.0,229.0,0.6580310880829016,60.0,0.0936454849498327,0.0475198000203818,0.0250002999964635,0.0862405000079888,0.0014373416667998,1.0
test_000_1010,online,500.0,no_bounded_window,0,0.1791331702202027,0.0527787486892694,0.018350227193289,0.1080041943376441,0.2727299375677119,0.1475628332063975,0.0843973165981389,0.0410695560992659,5.0,5.0,0.0,500.0,500.0,500.0,500.0,221.0,0.8840579710144928,60.0,0.0428285037361035,0.0518939000030513,0.0289197000092826,0.0949497999972663,0.0015824966666211,1.0
test_000_1011,online,500.0,no_bounded_window,0,0.2329800899165061,0.0855812459858702,0.0208734746307,0.1265253692999357,0.6464980171299742,0.1412625096227867,0.144118827780008,0.0828516377649325,3.0,3.0,0.0,500.0,500.0,500.0,500.0,233.0,0.8823529411764706,60.0,0.0903361344537815,0.0488558000070042,0.0311153000220656,0.0948060000373516,0.0015801000006225,1.0
test_000_1012,online,500.0,no_bounded_window,0,0.3423506036986092,0.1242549289316827,0.0221610881858474,0.195934586581079,0.4737956971664837,0.2920782100382987,0.2507153863086066,0.1208925569310713,2.0,3.0,1.0,500.0,500.0,500.0,500.0,235.0,0.7553191489361702,60.0,0.1375173852573018,0.0451005999930202,0.0306579999742098,0.0908798999735154,0.0015146649995585,1.0
test_000_1013,online,500.0,no_bounded_window,0,0.1783858676827156,0.0481468652580533,0.0223415310010391,0.1078974714236231,0.5233951969735274,0.1432380952380952,0.0821799307958477,0.0453758226532732,5.0,4.0,-1.0,500.0,500.0,500.0,500.0,225.0,0.8846153846153846,60.0,0.047532656023222,0.0482259000127669,0.0294364999863319,0.0933266000065486,0.0015554433334424,1.0
test_000_1014,online,500.0,no_bounded_window,0,0.251071258530392,0.0968100301539438,0.0172988414537375,0.1369623869227106,0.5324458512776162,0.1591709034024247,0.0941499085923217,0.094588160609427,5.0,4.0,-1.0,500.0,500.0,500.0,500.0,232.0,0.8911917098445595,60.0,0.1035933391761612,0.0463697999948635,0.0292324000038206,0.0911746000056155,0.0015195766667602,1.0
test_000_1015,online,500.0,no_bounded_window,0,0.249617931737137,0.0485651214128035,0.0249617931737137,0.1760910171506198,0.2500499567763299,0.2144851982870973,0.1485002112378538,0.0439803022584479,3.0,7.0,4.0,500.0,500.0,500.0,500.0,230.0,0.8215962441314554,60.0,0.0460035523978685,0.0492040000099223,0.0303902000014204,0.0933358000183943,0.0015555966669732,1.0
test_000_1016,online,500.0,no_bounded_window,0,0.2439224704336399,0.0905059132720105,0.0226675427069645,0.1307490144546649,0.2830000718658934,0.1804791830322074,0.1193729003359462,0.0818002628120893,4.0,6.0,2.0,500.0,500.0,500.0,500.0,227.0,0.864321608040201,60.0,0.089087656529517,0.056426899973303,0.0262245999765582,0.0979854999459348,0.0016330916657655,1.0
test_000_1017,online,500.0,no_bounded_window,0,0.4302402105955906,0.0771635406383678,0.02319842053307,0.3298782494241526,0.6734930602667627,0.4095438865465696,0.3326300984528832,0.0707469562356038,4.0,6.0,2.0,500.0,500.0,500.0,500.0,230.0,0.64,60.0,0.0761331444759206,0.0509815000114031,0.0287473000062163,0.0941081000200938,0.0015684683336682,1.0
test_000_1018,online,500.0,no_bounded_window,0,0.2972413793103448,0.0667241379310344,0.0236206896551724,0.2068965517241379,0.3058104979176536,0.2546132705143306,0.1303045431852221,0.0608620689655172,2.0,3.0,1.0,500.0,500.0,500.0,500.0,222.0,0.785,60.0,0.0648063154029741,0.0499722000095061,0.0272247999964747,0.0910687000141479,0.0015178116669024,1.0
test_000_1019,online,500.0,no_bounded_window,0,0.4433396194068232,0.0560603463055031,0.0204011657809017,0.3668781073204183,0.8787633956216421,0.3974919247577427,0.3768813967489464,0.0488599348534201,4.0,3.0,-1.0,500.0,500.0,500.0,500.0,225.0,0.6333333333333333,60.0,0.0513698630136986,0.0504119000106584,0.0245971000113058,0.089854700025171,0.0014975783337528,1.0
test_000_1020,online,500.0,no_bounded_window,0,0.4912663755458515,0.0935505542492442,0.0298958683238159,0.3678199529727914,0.8468468468468469,0.4682828282828283,0.38293162813576,0.0843130668458179,4.0,3.0,-1.0,500.0,500.0,500.0,500.0,223.0,0.581151832460733,60.0,0.0920763022743947,0.0491578000073786,0.0296398999926168,0.0945112999761477,0.0015751883329357,1.0
test_000_1021,online,500.0,no_bounded_window,0,0.2056634304207119,0.1111650485436893,0.0132686084142394,0.0812297734627831,0.2878232867083201,0.1223297057638049,0.0911011974641934,0.0985436893203883,5.0,5.0,0.0,500.0,500.0,500.0,500.0,223.0,0.9297297297297298,60.0,0.1093161012385568,0.0512191999878268,0.0350355999835301,0.1054023999604396,0.0017567066660073,1.0
test_000_1022,online,500.0,no_bounded_window,0,0.6240562800274537,0.0427247769389155,0.0250514756348661,0.5562800274536719,0.9756687943890696,0.6279329608938548,0.5828981723237598,0.039293067947838,5.0,3.0,-2.0,500.0,500.0,500.0,500.0,229.0,0.3981042654028436,60.0,0.0409001607429898,0.2395199000020511,0.0360268999938853,0.2897560999845154,0.0048292683330752,1.0
test_000_1023,online,500.0,no_bounded_window,0,0.3682213438735178,0.1141501976284585,0.0232411067193675,0.2308300395256917,0.6365949117618832,0.308178666122782,0.2464488636363636,0.1124110671936758,5.0,4.0,-1.0,500.0,500.0,500.0,500.0,230.0,0.7297297297297297,60.0,0.1266476665479159,0.1003833999857306,0.0313620000088121,0.1490996000065934,0.0024849933334432,1.0
test_000_1000,online,500.0,no_spawn,0,0.2749621148341472,0.0756019531907728,0.0227310995117023,0.176629062131672,0.5409140833278056,0.2395244591697524,0.1893542757417103,0.0680249200202054,3.0,2.0,-1.0,500.0,500.0,500.0,500.0,225.0,0.7939698492462312,60.0,0.0729900632339656,0.0515670000168029,0.0388295000011567,0.105431200005114,0.0017571866667519,2.9066666666666667
test_000_1001,online,500.0,no_spawn,0,0.6699204627621114,0.064172089660159,0.0448300795372378,0.5609182935647143,1.20173775671406,0.6663977410246067,0.583789704271632,0.051879971077368,3.0,1.0,-2.0,500.0,500.0,500.0,500.0,217.0,0.3838383838383838,60.0,0.0547187797902764,0.0490123000054154,0.040540099987993,0.1044658999890089,0.0017410983331501,2.774193548387097
test_000_1002,online,500.0,no_spawn,0,0.5793983910458202,0.0431969220006995,0.0269324938789786,0.509268975166142,1.0745742108840737,0.573037927149831,0.5159694107062528,0.0342777194823364,3.0,2.0,-1.0,500.0,500.0,500.0,500.0,225.0,0.4666666666666667,60.0,0.0354943860919956,0.0546014999854378,0.0429673000180628,0.1128764000022783,0.0018812733333713,2.902222222222222
test_000_1003,online,500.0,no_spawn,0,0.7037686240140227,0.0255915863277826,0.024715162138475,0.6534618755477651,1.221401412275937,0.6945107398568019,0.6629096222083073,0.0226117440841367,5.0,1.0,-4.0,500.0,500.0,500.0,500.0,228.0,0.3287671232876712,60.0,0.0231348637015781,0.0495201000012457,0.0386043000034987,0.1036844000045675,0.0017280733334094,2.881578947368421
test_000_1004,online,500.0,no_spawn,0,0.5783629441624365,0.1153236040609137,0.0115799492385786,0.4514593908629442,1.0171658144631115,0.530346232179226,0.5298155298155298,0.1105647208121827,4.0,1.0,-3.0,500.0,500.0,500.0,500.0,226.0,0.5,60.0,0.1243088995897984,0.0478431000083219,0.0381043000088539,0.0992491000215523,0.0016541516670258,2.911504424778761
test_000_1005,online,500.0,no_spawn,0,0.5655207624234173,0.0660313138189244,0.0233151803948264,0.4761742682096664,0.946094160171237,0.5643375334096984,0.5161144917737209,0.05428863172226,5.0,2.0,-3.0,500.0,500.0,500.0,500.0,225.0,0.4702970297029702,60.0,0.057405074680583,0.0468459000112488,0.0420783000008668,0.1049085000122431,0.001748475000204,2.8844444444444446
test_000_1006,online,500.0,no_spawn,0,0.5447249623808728,0.0822604915565958,0.018558769436549,0.4439057013877278,0.9781348344363398,0.4871543439890174,0.4139072847682119,0.0737334893830463,5.0,2.0,-3.0,500.0,500.0,500.0,500.0,224.0,0.5515463917525774,60.0,0.0796028880866425,0.0567007999925408,0.0385395000048447,0.1092307000071741,0.0018205116667862,2.8660714285714284
test_000_1007,online,500.0,no_spawn,0,0.5076342425802024,0.0718819694630296,0.0283067421513124,0.4074455309658603,0.9191176470588236,0.5087753894695326,0.4662647808949687,0.0650197289414994,2.0,1.0,-1.0,500.0,500.0,500.0,500.0,223.0,0.525,60.0,0.0695412844036697,0.0524537000164855,0.0380881000019144,0.105036300024949,0.0017506050004158,2.8430493273542603
test_000_1008,online,500.0,no_spawn,0,0.4566683964711988,0.0477426050856253,0.0164331430548348,0.3924926483307386,0.8665033680342927,0.4528692380056444,0.4181897302001741,0.0403044455976474,2.0,1.0,-1.0,500.0,500.0,500.0,500.0,224.0,0.569377990430622,60.0,0.0419971160778658,0.049519100022735,0.0361641999916173,0.1016827000130433,0.001694711666884,2.9017857142857144
test_000_1009,online,500.0,no_spawn,0,0.4656365684854338,0.0928697891517785,0.0143248028327699,0.3584419765008852,0.83159763403052,0.4509613517187803,0.4190517806423421,0.0856269113149847,3.0,2.0,-1.0,500.0,500.0,500.0,500.0,229.0,0.5699481865284974,60.0,0.0936454849498327,0.0512687000154983,0.0403794000158086,0.1056502000137697,0.0017608366668961,2.938864628820961
test_000_1010,online,500.0,no_spawn,0,0.5193988116043341,0.0527787486892694,0.018350227193289,0.4482698357217756,0.9785228110332588,0.5133282559025133,0.4602899805236962,0.0410695560992659,5.0,2.0,-3.0,500.0,500.0,500.0,500.0,221.0,0.5169082125603864,60.0,0.0428285037361035,0.0533769000030588,0.0401634000008925,0.109092500002589,0.0018182083333764,2.8642533936651584
test_000_1011,online,500.0,no_spawn,0,0.5183044315992292,0.0855812459858702,0.0208734746307,0.4118497109826589,0.953733248245054,0.5207852193995381,0.4899638699317543,0.0828516377649325,3.0,1.0,-2.0,500.0,500.0,500.0,500.0,233.0,0.5098039215686274,60.0,0.0903361344537815,0.0519038999918848,0.0421770999964792,0.1090890000050421,0.001818150000084,2.918454935622317
test_000_1012,online,500.0,no_spawn,0,0.5210148250038209,0.1242549289316827,0.0221610881858474,0.3745988078862907,0.8962951715760705,0.5277161862527716,0.4891041162227603,0.1208925569310713,2.0,1.0,-1.0,500.0,500.0,500.0,500.0,235.0,0.5106382978723404,60.0,0.1375173852573018,0.0486544999876059,0.0449874000041745,0.1112223999807611,0.001853706666346,2.970212765957447
test_000_1013,online,500.0,no_spawn,0,0.6056459993072394,0.0481468652580533,0.0223415310010391,0.5351576030481469,1.0673849979278909,0.5958095238095238,0.5519031141868512,0.0453758226532732,5.0,1.0,-4.0,500.0,500.0,500.0,500.0,225.0,0.4278846153846153,60.0,0.047532656023222,0.0492735999869182,0.0413518999994266,0.1042612999735865,0.0017376883328931,2.9066666666666667
test_000_1014,online,500.0,no_spawn,0,0.6584669100142835,0.0968100301539438,0.0172988414537375,0.5443580384066021,1.113047324192835,0.6257332811888933,0.578382084095064,0.094588160609427,5.0,1.0,-4.0,500.0,500.0,500.0,500.0,232.0,0.4041450777202072,60.0,0.1035933391761612,0.058719699998619,0.0427833000139799,0.1163178000133484,0.0019386300002224,2.8663793103448274
test_000_1015,online,500.0,no_spawn,0,0.5710646968925115,0.0485651214128035,0.0249617931737137,0.4975377823059942,1.0503803466766428,0.5695401228821448,0.5240811153358682,0.0439803022584479,3.0,1.0,-2.0,500.0,500.0,500.0,500.0,230.0,0.460093896713615,60.0,0.0460035523978685,0.0527400999853853,0.040865599992685,0.1083124999713618,0.001805208332856,2.878260869565217
test_000_1016,online,500.0,no_spawn,0,0.6576872536136662,0.0905059132720105,0.0226675427069645,0.5445137976346912,1.1378190774742498,0.6412018853102907,0.6109742441209407,0.0818002628120893,4.0,1.0,-3.0,500.0,500.0,500.0,500.0,227.0,0.4070351758793969,60.0,0.089087656529517,0.0442586000135634,0.0401210999989416,0.0988510000170208,0.0016475166669503,2.845814977973568
test_000_1017,online,500.0,no_spawn,0,0.3649226719315564,0.0771635406383678,0.02319842053307,0.2645607107601184,0.6119794136143526,0.3422767343809889,0.2899671823722456,0.0707469562356038,4.0,4.0,0.0,500.0,500.0,500.0,500.0,230.0,0.7,60.0,0.0761331444759206,0.049648399988655,0.0413103000028058,0.1066889999783597,0.0017781499996393,2.8217391304347825
test_000_1018,online,500.0,no_spawn,0,0.2394827586206896,0.0667241379310344,0.0236206896551724,0.1491379310344827,0.2417586076341919,0.1723596387907342,0.0688966550174737,0.0608620689655172,2.0,3.0,1.0,500.0,500.0,500.0,500.0,222.0,0.87,60.0,0.0648063154029741,0.0533864999888464,0.0356589999864809,0.1180819999717641,0.0019680333328627,2.779279279279279
test_000_1019,online,500.0,no_spawn,0,0.4769415395165438,0.0560603463055031,0.0204011657809017,0.4004800274301389,0.935282961157868,0.4744442333269998,0.4447120208709613,0.0488599348534201,4.0,2.0,-2.0,500.0,500.0,500.0,500.0,225.0,0.5523809523809524,60.0,0.0513698630136986,0.0532642999896779,0.0386099999886937,0.1067080999782774,0.0017784683329712,2.893333333333333
test_000_1020,online,500.0,no_spawn,0,0.6943231441048034,0.0935505542492442,0.0298958683238159,0.5708767215317434,1.1975725725725723,0.6913131313131313,0.6333005410723069,0.0843130668458179,4.0,1.0,-3.0,500.0,500.0,500.0,500.0,223.0,0.3403141361256545,60.0,0.0920763022743947,0.0501442000095266,0.0356726000027265,0.1000320999883115,0.0016672016664718,2.8520179372197307
test_000_1021,online,500.0,no_spawn,0,0.5469255663430421,0.1111650485436893,0.0132686084142394,0.4224919093851133,1.0164687924983578,0.4983877468762596,0.4653674571495656,0.0985436893203883,5.0,2.0,-3.0,500.0,500.0,500.0,500.0,223.0,0.5351351351351351,60.0,0.1093161012385568,0.045301100006327,0.0364085999899543,0.0972694999945815,0.001621158333243,2.896860986547085
test_000_1022,online,500.0,no_spawn,0,0.6659231297185999,0.0427247769389155,0.0250514756348661,0.5981468771448181,1.1470616340181556,0.6733705772811918,0.6359878154917319,0.039293067947838,5.0,1.0,-4.0,500.0,500.0,500.0,500.0,229.0,0.3507109004739336,60.0,0.0409001607429898,0.0580388000234961,0.0441552999836858,0.1159945999970659,0.0019332433332844,2.921397379912664
test_000_1023,online,500.0,no_spawn,0,0.5830830039525692,0.1141501976284585,0.0232411067193675,0.4456916996047431,1.0498035985041287,0.5743422394452377,0.5288825757575758,0.1124110671936758,5.0,2.0,-3.0,500.0,500.0,500.0,500.0,230.0,0.4540540540540541,60.0,0.1266476665479159,0.304106600000523,0.0497126999835018,0.3716128999658394,0.0061935483327639,2.9217391304347826
test_000_1000,online,500.0,no_momentum,0,0.227310995117023,0.0756019531907728,0.0227310995117023,0.1289779424145479,0.3902466768985491,0.1791073864743714,0.1354712041884817,0.0680249200202054,3.0,4.0,1.0,500.0,500.0,500.0,500.0,225.0,0.864321608040201,60.0,0.0729900632339656,0.0472332999925129,0.0485792999970726,0.1113389999954961,0.0018556499999249,2.9066666666666667
test_000_1001,online,500.0,no_momentum,0,0.5455531453362256,0.064172089660159,0.0448300795372378,0.4365509761388286,0.5854943514304972,0.5040338846308996,0.3937568455640745,0.051879971077368,3.0,7.0,4.0,500.0,500.0,500.0,500.0,217.0,0.5505050505050505,60.0,0.0547187797902764,0.0449922000116203,0.0388299999758601,0.098093799984781,0.001634896666413,2.774193548387097
test_000_1002,online,500.0,no_momentum,0,0.3242392444910808,0.0431969220006995,0.0269324938789786,0.2541098286114026,0.6574868305265921,0.3111152835148329,0.2314439946018893,0.0342777194823364,3.0,3.0,0.0,500.0,500.0,500.0,500.0,225.0,0.7285714285714285,60.0,0.0354943860919956,0.0472247999859973,0.0397626000049058,0.1035414999932982,0.0017256916665549,2.902222222222222
test_000_1003,online,500.0,no_momentum,0,0.2678352322524102,0.0255915863277826,0.024715162138475,0.2175284837861525,0.5026692841059766,0.236644024233523,0.1838864537674807,0.0226117440841367,5.0,6.0,1.0,500.0,500.0,500.0,500.0,228.0,0.7899543378995434,60.0,0.0231348637015781,0.0526946999889332,0.0429771000053733,0.1112347999878693,0.0018539133331311,2.881578947368421
test_000_1004,online,500.0,no_momentum,0,0.3432741116751269,0.1153236040609137,0.0115799492385786,0.2163705583756345,0.6561278397351685,0.2647657841140529,0.2548262548262548,0.1105647208121827,4.0,4.0,0.0,500.0,500.0,500.0,500.0,226.0,0.7659574468085106,60.0,0.1243088995897984,0.0483587000053375,0.0368789999920409,0.0988483999972231,0.001647473333287,2.911504424778761
test_000_1005,online,500.0,no_momentum,0,0.4322668481960517,0.0660313138189244,0.0233151803948264,0.3429203539823008,0.859765688852432,0.4205803741886216,0.3509127789046653,0.05428863172226,5.0,4.0,-1.0,500.0,500.0,500.0,500.0,225.0,0.6188118811881188,60.0,0.057405074680583,0.044913899997482,0.0429344000003766,0.1014753999770619,0.0016912566662843,2.8844444444444446
test_000_1006,online,500.0,no_momentum,0,0.39943153318843,0.0822604915565958,0.018558769436549,0.2986122721952851,0.714710189746831,0.3712492645616788,0.3133869441816461,0.0737334893830463,5.0,5.0,0.0,500.0,500.0,500.0,500.0,224.0,0.6597938144329897,60.0,0.0796028880866425,0.044497599999886,0.0387576000066474,0.098040500015486,0.0016340083335914,2.8660714285714284
test_000_1007,online,500.0,no_momentum,0,0.3271573168639561,0.0718819694630296,0.0283067421513124,0.2269686052496139,0.5193962922836162,0.3013212384145139,0.2589844655692093,0.0650197289414994,2.0,3.0,1.0,500.0,500.0,500.0,500.0,223.0,0.735,60.0,0.0695412844036697,0.0440391000011004,0.0424133999913465,0.100337199983187,0.0016722866663864,2.8430493273542603
test_000_1008,online,500.0,no_momentum,0,0.533817678602318,0.0477426050856253,0.0164331430548348,0.4696419304618578,0.6233450491174204,0.516274694261524,0.4784595300261096,0.0403044455976474,2.0,3.0,1.0,500.0,500.0,500.0,500.0,224.0,0.5119617224880383,60.0,0.0419971160778658,0.0471860999823547,0.0391069999895989,0.0996885999629739,0.0016614766660495,2.9017857142857144
test_000_1009,online,500.0,no_momentum,0,0.5107033639143731,0.0928697891517785,0.0143248028327699,0.4035087719298245,0.921669385280467,0.4779568848320062,0.4592527856674678,0.0856269113149847,3.0,3.0,0.0,500.0,500.0,500.0,500.0,229.0,0.5544041450777202,60.0,0.0936454849498327,0.1870253999950364,0.0375440000207163,0.2387739000259898,0.0039795650004331,2.938864628820961
test_000_1010,online,500.0,no_momentum,0,0.4566585110101363,0.0527787486892694,0.018350227193289,0.3855295351275777,0.7584189953067385,0.448019801980198,0.3975330015148236,0.0410695560992659,5.0,6.0,1.0,500.0,500.0,500.0,500.0,221.0,0.5748792270531401,60.0,0.0428285037361035,0.0623555000056512,0.0447773000050801,0.1231658000033348,0.0020527633333889,2.8642533936651584
test_000_1011,online,500.0,no_momentum,0,0.3794155427103404,0.0855812459858702,0.0208734746307,0.2729608220937701,1.1888137201488038,0.3485373364126251,0.3125250903251706,0.0828516377649325,3.0,3.0,0.0,500.0,500.0,500.0,500.0,233.0,0.6813725490196079,60.0,0.0903361344537815,0.0464303999906405,0.0477066000166814,0.1085450000246055,0.0018090833337434,2.918454935622317
test_000_1012,online,500.0,no_momentum,0,0.5210148250038209,0.1242549289316827,0.0221610881858474,0.3745988078862907,0.8962951715760705,0.5277161862527716,0.4891041162227603,0.1208925569310713,2.0,1.0,-1.0,500.0,500.0,500.0,500.0,235.0,0.5106382978723404,60.0,0.1375173852573018,0.0521405999897979,0.0424999000097159,0.1119862000050488,0.0018664366667508,2.970212765957447
test_000_1013,online,500.0,no_momentum,0,0.2909594735019051,0.0481468652580533,0.0223415310010391,0.2204710772428126,1.3944554606458015,0.2674285714285714,0.2316176470588235,0.0453758226532732,5.0,4.0,-1.0,500.0,500.0,500.0,500.0,225.0,0.7596153846153846,60.0,0.047532656023222,0.054459000006318,0.0439379999879747,0.1134662999829743,0.0018911049997162,2.9066666666666667
test_000_1014,online,500.0,no_momentum,0,0.4723059831772734,0.0968100301539438,0.0172988414537375,0.3581971115695921,1.059446270283713,0.3910833007430582,0.360146252285192,0.094588160609427,5.0,6.0,1.0,500.0,500.0,500.0,500.0,232.0,0.6580310880829016,60.0,0.1035933391761612,0.0467443999950774,0.0419658999890089,0.1025898999650962,0.0017098316660849,2.8663793103448274
test_000_1015,online,500.0,no_momentum,0,0.2204109356427237,0.0485651214128035,0.0249617931737137,0.1468840210562065,0.2127928596477293,0.1642152299385589,0.1106886354034643,0.0439803022584479,3.0,8.0,5.0,500.0,500.0,500.0,500.0,230.0,0.8685446009389671,60.0,0.0460035523978685,0.1221908000006806,0.0386597000178881,0.1749197000171989,0.0029153283336199,2.878260869565217
test_000_1016,online,500.0,no_momentum,0,0.4748685939553219,0.0905059132720105,0.0226675427069645,0.3616951379763469,0.4602544021169289,0.4065200314218382,0.3708846584546472,0.0818002628120893,4.0,9.0,5.0,500.0,500.0,500.0,500.0,227.0,0.592964824120603,60.0,0.089087656529517,0.0480253999994602,0.0417061999905854,0.1026124999916646,0.0017102083331944,2.845814977973568
test_000_1017,online,500.0,no_momentum,0,0.3279039157617637,0.0771635406383678,0.02319842053307,0.2275419545903257,0.4021638913457378,0.2577615944806439,0.1891701828410689,0.0707469562356038,4.0,9.0,5.0,500.0,500.0,500.0,500.0,230.0,0.8,60.0,0.0761331444759206,0.0620931999874301,0.0407279999926686,0.1178100999677553,0.0019635016661292,2.8217391304347825
test_000_1018,online,500.0,no_momentum,0,0.618103448275862,0.0667241379310344,0.0236206896551724,0.5277586206896552,0.6241666809358287,0.5881429132312525,0.5187219171243135,0.0608620689655172,2.0,7.0,5.0,500.0,500.0,500.0,500.0,222.0,0.44,60.0,0.0648063154029741,0.0488440000044647,0.0406133000215049,0.1036156000045593,0.0017269266667426,2.779279279279279
test_000_1019,online,500.0,no_momentum,0,0.3730498885650609,0.0560603463055031,0.0204011657809017,0.2965883764786559,0.8269686936522758,0.3593007790233707,0.3267108167770419,0.0488599348534201,4.0,4.0,0.0,500.0,500.0,500.0,500.0,225.0,0.6666666666666666,60.0,0.0513698630136986,0.0555435999995097,0.0413009999901987,0.1133263999945484,0.0018887733332424,2.893333333333333
test_000_1020,online,500.0,no_momentum,0,0.561807188444743,0.0935505542492442,0.0298958683238159,0.4383607658716829,0.6910756933033206,0.5066666666666667,0.4254795868175111,0.0843130668458179,4.0,6.0,2.0,500.0,500.0,500.0,500.0,223.0,0.5445026178010471,60.0,0.0920763022743947,0.0467381999769713,0.0391068999888375,0.0991154999646823,0.0016519249994113,2.8520179372197307
test_000_1021,online,500.0,no_momentum,0,0.4142394822006472,0.1111650485436893,0.0132686084142394,0.2898058252427185,0.627065606139576,0.3240628778718258,0.3256633012444235,0.0985436893203883,5.0,6.0,1.0,500.0,500.0,500.0,500.0,223.0,0.7189189189189189,60.0,0.1093161012385568,0.0461440999933984,0.0369249999930616,0.0980410999909509,0.0016340183331825,2.896860986547085
test_000_1022,online,500.0,no_momentum,0,0.4970830473575841,0.0427247769389155,0.0250514756348661,0.4293067947838023,0.879907312090826,0.464804469273743,0.4164490861618799,0.039293067947838,5.0,3.0,-2.0,500.0,500.0,500.0,500.0,229.0,0.5734597156398105,60.0,0.0409001607429898,0.0532020000100601,0.0436028999974951,0.1098397000168915,0.0018306616669481,2.921397379912664
test_000_1023,online,500.0,no_momentum,0,0.5471936758893281,0.1141501976284585,0.0232411067193675,0.4098023715415019,0.9177153305832836,0.550275341627575,0.515625,0.1124110671936758,5.0,4.0,-1.0,500.0,500.0,500.0,500.0,230.0,0.4756756756756757,60.0,0.1266476665479159,0.0471991999947931,0.0392076999996788,0.1013337000040337,0.0016888950000672,2.9217391304347826
test_000_1000,online,500.0,noncausal,0,0.1422798450917662,0.0756019531907728,0.0227310995117023,0.0439467923892911,0.1695006692664773,0.0799064509842136,0.0582460732984293,0.0680249200202054,3.0,4.0,1.0,500.0,500.0,500.0,500.0,225.0,0.9547738693467336,60.0,0.0729900632339656,0.0495673999830614,0.0456890999921597,0.1092728999792598,0.0018212149996543,2.9066666666666667
test_000_1001,online,500.0,noncausal,0,0.1787780187997107,0.064172089660159,0.0448300795372378,0.0697758496023138,0.2082338960476106,0.1246470350947962,0.0243702081051478,0.051879971077368,3.0,5.0,2.0,500.0,500.0,500.0,500.0,217.0,0.9393939393939394,60.0,0.0547187797902764,0.0455210999934934,0.0447989999956917,0.1042987999971956,0.0017383133332865,2.76036866359447
test_000_1002,online,500.0,noncausal,0,0.2521860790486184,0.0431969220006995,0.0269324938789786,0.1820566631689402,0.5362881473190296,0.2339466766804356,0.1527215474583895,0.0342777194823364,3.0,3.0,0.0,500.0,500.0,500.0,500.0,225.0,0.8047619047619048,60.0,0.0354943860919956,0.0456229999836068,0.050029900012305,0.1115302999969571,0.0018588383332826,2.9066666666666667
test_000_1003,online,500.0,noncausal,0,0.2715162138475022,0.0255915863277826,0.024715162138475,0.2212094653812445,0.4896201153797944,0.2518817697815311,0.2093508662074723,0.0226117440841367,5.0,5.0,0.0,500.0,500.0,500.0,500.0,228.0,0.776255707762557,60.0,0.0231348637015781,0.049836399994092,0.0440585000033024,0.1085058999888133,0.0018084316664802,2.8771929824561404
test_000_1004,online,500.0,noncausal,0,0.3199555837563452,0.1153236040609137,0.0115799492385786,0.1930520304568528,0.5718226456129702,0.2344195519348269,0.2323037323037323,0.1105647208121827,4.0,5.0,1.0,500.0,500.0,500.0,500.0,226.0,0.7925531914893617,60.0,0.1243088995897984,0.0496158000023569,0.0416951999941375,0.1047274000011384,0.0017454566666856,2.911504424778761
test_000_1005,online,500.0,noncausal,0,0.2047311095983662,0.0660313138189244,0.0233151803948264,0.1153846153846153,0.3284984677391495,0.1473844978999618,0.0833896777101645,0.05428863172226,5.0,7.0,2.0,500.0,500.0,500.0,500.0,225.0,0.8960396039603961,60.0,0.057405074680583,0.0499810999899636,0.0421009000274352,0.1051420000148937,0.0017523666669148,2.8844444444444446
test_000_1006,online,500.0,noncausal,0,0.1969570305968901,0.0822604915565958,0.018558769436549,0.0961377696037451,0.3073461100466201,0.1266915081388507,0.0603122043519394,0.0737334893830463,5.0,7.0,2.0,500.0,500.0,500.0,500.0,224.0,0.9278350515463918,60.0,0.0796028880866425,0.0461766000080388,0.0481447000056505,0.1086114000354427,0.0018101900005907,2.8705357142857144
test_000_1007,online,500.0,noncausal,0,0.3964659461314119,0.0718819694630296,0.0283067421513124,0.2962772345170698,0.6752340336640255,0.3809899428120686,0.3378159054022722,0.0650197289414994,2.0,3.0,1.0,500.0,500.0,500.0,500.0,223.0,0.66,60.0,0.0695412844036697,0.0887300999893341,0.0474692000134382,0.1549627000058535,0.0025827116667642,2.8430493273542603
test_000_1008,online,500.0,noncausal,0,0.0712679467220204,0.0477426050856253,0.0164331430548348,0.0070921985815602,0.0786766845345562,0.0336782690498588,0.0087032201914708,0.0403044455976474,2.0,2.0,0.0,500.0,500.0,500.0,500.0,224.0,0.9952153110047848,60.0,0.0419971160778658,0.0511985000048298,0.0406927999865729,0.1068615999829489,0.0017810266663824,2.9017857142857144
test_000_1009,online,500.0,noncausal,0,0.3896668276195075,0.0928697891517785,0.0143248028327699,0.2824722356349589,0.705089424726903,0.3367644202757817,0.3253222634913699,0.0856269113149847,3.0,3.0,0.0,500.0,500.0,500.0,500.0,229.0,0.689119170984456,60.0,0.0936454849498327,0.0451337000122293,0.0402327999763656,0.1138334999850485,0.0018972249997508,2.938864628820961
test_000_1010,online,500.0,noncausal,0,0.153442852149598,0.0527787486892694,0.018350227193289,0.0823138762670395,0.2280044852583716,0.1111957349581111,0.0547500541008439,0.0410695560992659,5.0,6.0,1.0,500.0,500.0,500.0,500.0,221.0,0.927536231884058,60.0,0.0428285037361035,0.0485012999852187,0.038279300002614,0.1008317999949213,0.0016805299999153,2.8642533936651584
test_000_1011,online,500.0,noncausal,0,0.1909120102761721,0.0855812459858702,0.0208734746307,0.0844572896596018,0.5176276736478166,0.0862201693610469,0.1168205539943797,0.0828516377649325,3.0,3.0,0.0,500.0,500.0,500.0,500.0,233.0,0.931372549019608,60.0,0.0903361344537815,0.0517664000217337,0.0398787999874912,0.1057010999938938,0.0017616849998982,2.9098712446351933
test_000_1012,online,500.0,noncausal,0,0.4212135106220388,0.1242549289316827,0.0221610881858474,0.2747974935045086,0.6953178537223481,0.3960894980850635,0.37640325775919,0.1208925569310713,2.0,2.0,0.0,500.0,500.0,500.0,500.0,235.0,0.6329787234042553,60.0,0.1375173852573018,0.0488201999978628,0.0438146999804303,0.108036399964476,0.0018006066660746,2.970212765957447
test_000_1013,online,500.0,noncausal,0,0.14305507447177,0.0481468652580533,0.0223415310010391,0.0725666782126775,0.4013057049273257,0.1047619047619047,0.0577422145328719,0.0453758226532732,5.0,4.0,-1.0,500.0,500.0,500.0,500.0,225.0,0.9182692307692308,60.0,0.047532656023222,0.0502693000016734,0.0439332000096328,0.1101782000041566,0.0018363033334026,2.9066666666666667
test_000_1014,online,500.0,noncausal,0,0.2928106649738137,0.0968100301539438,0.0172988414537375,0.1787017933661323,0.992800167231882,0.1632772780602268,0.1083180987202925,0.094588160609427,5.0,6.0,1.0,500.0,500.0,500.0,500.0,232.0,0.9015544041450776,60.0,0.1035933391761612,0.110788699996192,0.0422299000201746,0.1669628000236116,0.0027827133337268,2.8706896551724137
test_000_1015,online,500.0,noncausal,0,0.1803362200713194,0.0485651214128035,0.0249617931737137,0.1068093054848021,0.1663003169735807,0.1139452615900204,0.0551330798479087,0.0439803022584479,3.0,8.0,5.0,500.0,500.0,500.0,500.0,230.0,0.9154929577464788,60.0,0.0460035523978685,0.0893498999939765,0.0413627999951131,0.1450038999901153,0.0024167316665019,2.88695652173913
test_000_1016,online,500.0,noncausal,0,0.2204336399474376,0.0905059132720105,0.0226675427069645,0.1072601839684625,0.2172713782679758,0.1256873527101335,0.0972004479283314,0.0818002628120893,4.0,7.0,3.0,500.0,500.0,500.0,500.0,227.0,0.9095477386934674,60.0,0.089087656529517,0.0687421999755315,0.0431148000061512,0.1262019999849144,0.0021033666664152,2.859030837004405
test_000_1017,online,500.0,noncausal,0,0.3917407041790062,0.0771635406383678,0.02319842053307,0.2913787430075683,0.6068406765343177,0.3560751245688003,0.2925457102672292,0.0707469562356038,4.0,6.0,2.0,500.0,500.0,500.0,500.0,230.0,0.69,60.0,0.0761331444759206,0.0685578999982681,0.0447760999959427,0.1265902000013739,0.0021098366666895,2.813043478260869
test_000_1018,online,500.0,noncausal,0,0.3136206896551724,0.0667241379310344,0.0236206896551724,0.2232758620689655,0.2996626294450818,0.2341970946211229,0.1023464802795806,0.0608620689655172,2.0,4.0,2.0,500.0,500.0,500.0,500.0,222.0,0.805,60.0,0.0648063154029741,0.0691263000189792,0.0386062999896239,0.1219395000080112,0.0020323250001335,2.783783783783784
test_000_1019,online,500.0,noncausal,0,0.4539687982170409,0.0560603463055031,0.0204011657809017,0.377507286130636,0.90098756866255,0.3997719931597948,0.389725065221754,0.0488599348534201,4.0,3.0,-1.0,500.0,500.0,500.0,500.0,225.0,0.6333333333333333,60.0,0.0513698630136986,0.0676058999961242,0.0462131000240333,0.1290189000137616,0.0021503150002293,2.893333333333333
test_000_1020,online,500.0,noncausal,0,0.2243869667450453,0.0935505542492442,0.0298958683238159,0.1009405441719852,0.3353304155742866,0.1585858585858585,0.0794392523364486,0.0843130668458179,4.0,4.0,0.0,500.0,500.0,500.0,500.0,223.0,0.9057591623036648,60.0,0.0920763022743947,0.0800533999863546,0.0441034999967087,0.1400158999895211,0.0023335983331586,2.8609865470852016
test_000_1021,online,500.0,noncausal,0,0.3576051779935275,0.1111650485436893,0.0132686084142394,0.2331715210355987,0.5662620116982301,0.2720677146311971,0.2756515613993895,0.0985436893203883,5.0,5.0,0.0,500.0,500.0,500.0,500.0,223.0,0.7675675675675676,60.0,0.1093161012385568,0.0657508000149391,0.0493773999914992,0.1297666000318713,0.0021627766671978,2.89237668161435
test_000_1022,online,500.0,noncausal,0,0.6154770075497598,0.0427247769389155,0.0250514756348661,0.547700754975978,0.9510291734327894,0.6186219739292365,0.5739773716275022,0.039293067947838,5.0,3.0,-2.0,500.0,500.0,500.0,500.0,229.0,0.4075829383886256,60.0,0.0409001607429898,0.0911027999827638,0.0417870999954175,0.147063899989007,0.0024510649998167,2.921397379912664
test_000_1023,online,500.0,noncausal,0,0.4863241106719367,0.1141501976284585,0.0232411067193675,0.3489328063241106,0.8247631552927832,0.4403426473587599,0.4083806818181818,0.1124110671936758,5.0,3.0,-2.0,500.0,500.0,500.0,500.0,230.0,0.5891891891891892,60.0,0.1266476665479159,0.062927299994044,0.0421234000241383,0.1214864000212401,0.0020247733336873,2.9217391304347826
test_001_1000,online,500.0,full,1,0.0950543668888109,0.0445457734128376,0.0310417397404419,0.0194668537355313,0.115954903185509,0.0573236196319018,0.0229073003639477,0.0426166257453525,2.0,2.0,0.0,500.0,500.0,500.0,500.0,225.0,0.976525821596244,60.0,0.0445136471881296,0.0477593999821692,0.0391500999976415,0.1015786999778356,0.0016929783329639,2.897777777777778
test_001_1001,online,500.0,full,1,0.2252396166134185,0.0532481363152289,0.0383386581469648,0.1336528221512247,0.5168646847877282,0.194021101992966,0.1328474018339995,0.0457933972310969,4.0,4.0,0.0,500.0,500.0,500.0,500.0,222.0,0.8480392156862745,60.0,0.0479910714285714,0.049914599978365,0.0465712999866809,0.113269199966453,0.0018878199994408,2.833333333333333
test_001_1002,online,500.0,full,1,0.26123046875,0.0812174479166666,0.01708984375,0.1629231770833333,0.2614548708973362,0.1522324865280985,0.0599810336652441,0.0771484375,2.0,3.0,1.0,500.0,500.0,500.0,500.0,230.0,0.8984771573604061,60.0,0.0835978835978836,0.0557985999912489,0.0474390999879688,0.1190427999827079,0.0019840466663784,2.8521739130434782
test_001_1003,online,500.0,full,1,0.5214618169281159,0.1063609722461644,0.0329253576969488,0.3821754869850026,0.913561634253804,0.5265855221012171,0.4676315789473684,0.0963626960868815,2.0,2.0,0.0,500.0,500.0,500.0,500.0,215.0,0.5274725274725275,60.0,0.1066386875238458,0.0522681000002194,0.0431979999993927,0.1129424000100698,0.0018823733335011,2.823255813953488
test_001_1004,online,500.0,full,1,0.2894598846355532,0.0499912602691837,0.0288411116937598,0.2106275126726096,0.5063566221654456,0.2289387833429284,0.2162045060658579,0.0445726271630833,4.0,5.0,1.0,500.0,500.0,500.0,500.0,224.0,0.8125,60.0,0.0466520307354555,0.0534715000248979,0.046477900003083,0.1147313000401482,0.0019121883340024,2.821428571428572
test_001_1005,online,500.0,full,1,0.1076263924592973,0.0363324764353042,0.0260497000856898,0.0452442159383033,0.1509401139980753,0.0793679955906669,0.0044444444444444,0.0335904027420736,2.0,2.0,0.0,500.0,500.0,500.0,500.0,231.0,0.9626168224299064,60.0,0.0347579358042206,0.0543170000019017,0.0418849000125192,0.1122588000143878,0.0018709800002397,2.9177489177489178
test_001_1006,online,500.0,full,1,0.3457735247208931,0.1097288676236044,0.0267942583732057,0.2092503987240829,0.6983531277691648,0.278838342810723,0.2430776214253291,0.1076555023923445,5.0,6.0,1.0,500.0,500.0,500.0,500.0,230.0,0.7512953367875648,60.0,0.1199285075960679,0.0635658999963197,0.0408509999979287,0.1199533999897539,0.0019992233331625,2.891304347826087
test_001_1007,online,500.0,full,1,0.3175593690414283,0.0598023920956838,0.0261743803085456,0.2315825966371988,0.5325432404820645,0.2862410246458374,0.2283737024221453,0.0533888022187554,5.0,6.0,1.0,500.0,500.0,500.0,500.0,223.0,0.7524752475247525,60.0,0.0563999267533418,0.1682763999851886,0.0457113999873399,0.2286233999766409,0.0038103899996106,2.878923766816144
test_001_1008,online,500.0,full,1,0.3115810341979184,0.0847513629605154,0.0264331736329093,0.2003964976044936,0.4301945993737032,0.2058302146937167,0.1613909942041908,0.0806211795803733,5.0,10.0,5.0,500.0,500.0,500.0,500.0,228.0,0.8258706467661692,60.0,0.0876909254267744,0.0673755000170786,0.0424146000004839,0.1263678999966941,0.0021061316666115,2.837719298245614
test_001_1009,online,500.0,full,1,0.3919835884487928,0.0875808742307085,0.0146757140602808,0.2897270001578034,0.5928530090949073,0.3598014888337469,0.3633754305396096,0.0866340539687549,3.0,3.0,0.0,500.0,500.0,500.0,500.0,235.0,0.6600985221674877,60.0,0.094851416724257,0.0588129000097978,0.0408800000150222,0.1141524000267963,0.0019025400004466,2.9574468085106385
test_001_1010,online,500.0,full,1,0.4971221838513402,0.0935701364907087,0.0226936359151455,0.3808584114454859,0.8337223553250214,0.4463681592039801,0.4035250463821892,0.0868278243709916,5.0,3.0,-2.0,500.0,500.0,500.0,500.0,226.0,0.6010362694300518,60.0,0.095083738519719,0.0470414999872446,0.0390334000112488,0.1008845999895129,0.0016814099998252,2.871681415929204
test_001_1011,online,500.0,full,1,0.1303559657218193,0.0980553724456163,0.025049439683586,0.007251153592617,0.1412314055651842,0.0490550864495375,0.0597345132743362,0.0901450230718523,2.0,2.0,0.0,500.0,500.0,500.0,500.0,225.0,0.9948453608247424,60.0,0.0990762543017569,0.0510141999984625,0.0415297000145074,0.109348800004227,0.0018224800000704,2.88
test_001_1012,online,500.0,full,1,0.2816879231617068,0.1143127066603684,0.0236183278223901,0.1437568886789482,0.4313697493702088,0.1561543172075933,0.1147826086956521,0.1143127066603684,5.0,8.0,3.0,500.0,500.0,500.0,500.0,231.0,0.8776595744680851,60.0,0.1290666666666666,0.0429623000090941,0.0426898000005167,0.1005072999978438,0.0016751216666307,2.9047619047619047
test_001_1013,online,500.0,full,1,0.0887125856473133,0.0358817165524702,0.0320952037504507,0.0207356653443923,0.1148944952918523,0.0666793313069908,0.0179521276595744,0.0254237288135593,2.0,2.0,0.0,500.0,500.0,500.0,500.0,221.0,0.9764150943396226,60.0,0.0260869565217391,0.0472813000087626,0.0420146000105887,0.1043237000121735,0.0017387283335362,2.8642533936651584
test_001_1014,online,500.0,full,1,0.1728732490604714,0.0702084045097369,0.0310898530919029,0.0715749914588315,0.1646263793376561,0.1073512252042007,0.044812362030905,0.0608131192347113,2.0,3.0,1.0,500.0,500.0,500.0,500.0,225.0,0.927536231884058,60.0,0.064750818479447,0.0468178000010084,0.0408220999815966,0.1041689999692607,0.0017361499994876,2.848888888888889
test_001_1015,online,500.0,full,1,0.1678856382978723,0.0779587765957446,0.0254321808510638,0.0644946808510638,0.1700493661460392,0.1012461059190031,0.0690962713292605,0.0731382978723404,2.0,3.0,1.0,500.0,500.0,500.0,500.0,228.0,0.9306930693069309,60.0,0.078909612625538,0.0527169000124558,0.0411817000131122,0.1088127000257372,0.0018135450004289,2.921052631578948
test_001_1016,online,500.0,full,1,0.3792991563919533,0.1132381570408825,0.0176833225178455,0.2483776768332251,0.7216162033168699,0.2548613984278031,0.2624788494077834,0.1078844905905256,3.0,4.0,1.0,500.0,500.0,500.0,500.0,223.0,0.7777777777777778,60.0,0.1209310783778868,0.0476416000165045,0.0422633000125642,0.1053263000503648,0.0017554383341727,2.8295964125560538
test_001_1017,online,500.0,full,1,0.5125292348813899,0.0751754092883394,0.0190444370197126,0.4183093885733377,0.8691959327065474,0.4557453416149068,0.4266375545851528,0.0696625459405279,5.0,5.0,0.0,500.0,500.0,500.0,500.0,226.0,0.5693069306930693,60.0,0.0748787933201652,0.0483416999923065,0.0442796999996062,0.1157213999831583,0.0019286899997193,2.902654867256637
test_001_1018,online,500.0,full,1,0.3816349031343519,0.1015908017010552,0.015120491415971,0.2649236100173255,0.6891530506807813,0.3103110937194286,0.2436596349845935,0.0974956686092298,5.0,4.0,-1.0,500.0,500.0,500.0,500.0,232.0,0.7277486910994765,60.0,0.1080279232111692,0.0506181000091601,0.0476782000041566,0.1141384000075049,0.0019023066667917,2.875
test_001_1019,online,500.0,full,1,0.3564890487087283,0.1015037593984962,0.0127492644655116,0.2422360248447205,0.5580152541067035,0.2951082598235766,0.2548837209302325,0.092350441320693,5.0,7.0,2.0,500.0,500.0,500.0,500.0,223.0,0.7395833333333334,60.0,0.1017468035296236,0.0529193999827839,0.0443213999969884,0.1130628999962937,0.0018843816666048,2.874439461883408
test_001_1020,online,500.0,full,1,0.2499568742452993,0.0886665516646541,0.0331205796101431,0.128169742970502,0.5060619392968819,0.1865841073271414,0.1376497578383889,0.0821114369501466,5.0,4.0,-1.0,500.0,500.0,500.0,500.0,219.0,0.8638743455497382,60.0,0.0894568690095846,0.0493142000050284,0.0452710000099614,0.1091377999982796,0.0018189633333046,2.863013698630137
test_001_1021,online,500.0,full,1,0.3547075383171723,0.1207381920550516,0.0200187675946199,0.2139505786675007,0.6397208005142695,0.233428222854819,0.2856542743121193,0.1154207069127306,4.0,3.0,-1.0,500.0,500.0,500.0,500.0,230.0,0.8052631578947368,60.0,0.1304809052333805,0.0462396999937482,0.0473028999986127,0.1094578999909572,0.0018242983331826,2.930434782608696
test_001_1022,online,500.0,full,1,0.1231713072203869,0.1000471920717319,0.0124272455560799,0.0106968695925751,0.132234243752521,0.0351251698039976,0.0535532478110364,0.0946987572754444,2.0,2.0,0.0,500.0,500.0,500.0,500.0,232.0,0.9948979591836736,60.0,0.1046046915725456,0.049996200017631,0.0481071999820414,0.1142017999954987,0.0019033633332583,2.939655172413793
test_001_1023,online,500.0,full,1,0.1748041993001166,0.071154807532078,0.0168305282452924,0.0868188635227462,0.1777510461517896,0.0994062440145566,0.0288350634371395,0.0649891684719213,2.0,3.0,1.0,500.0,500.0,500.0,500.0,227.0,0.9447236180904522,60.0,0.0695063268579575,0.0496182999922893,0.0451690999907441,0.1121935999835841,0.0018698933330597,2.9030837004405288
test_001_1000,online,500.0,no_bounded_window,1,0.1290775166608207,0.0445457734128376,0.0310417397404419,0.0534900035075412,0.1859692692067457,0.0945168711656441,0.0423892100192678,0.0426166257453525,2.0,2.0,0.0,500.0,500.0,500.0,500.0,225.0,0.9389671361502347,60.0,0.0445136471881296,0.0836918999848421,0.0738937999994959,0.1720877999905496,0.0028681299998424,1.0
test_001_1001,online,500.0,no_bounded_window,1,0.2532836350727724,0.0532481363152289,0.0383386581469648,0.1616968406105786,0.5824913105766857,0.2196170379054318,0.1152127909710792,0.0457933972310969,4.0,4.0,0.0,500.0,500.0,500.0,500.0,222.0,0.8284313725490197,60.0,0.0479910714285714,0.25584590001381,0.0316601999802514,0.3017262000066694,0.0050287700001111,1.0
test_001_1002,online,500.0,no_bounded_window,1,0.2898763020833333,0.0812174479166666,0.01708984375,0.1915690104166666,0.302247910814802,0.2117013086989992,0.1247036510194404,0.0771484375,2.0,3.0,1.0,500.0,500.0,500.0,500.0,230.0,0.8274111675126904,60.0,0.0835978835978836,0.1090142000175546,0.0303604000073391,0.1542926000256557,0.0025715433337609,1.0
test_001_1003,online,500.0,no_bounded_window,1,0.2471987588346836,0.1063609722461644,0.0329253576969488,0.1079124288915704,0.3486621816087959,0.186846038863976,0.1126315789473684,0.0963626960868815,2.0,3.0,1.0,500.0,500.0,500.0,500.0,215.0,0.8846153846153846,60.0,0.1066386875238458,0.0979010000010021,0.0378924000251572,0.1502637000230606,0.0025043950003843,1.0
test_001_1004,online,500.0,no_bounded_window,1,0.3113092116762804,0.0499912602691837,0.0288411116937598,0.2324768397133368,0.6847526787810773,0.2567645365572826,0.231369150779896,0.0445726271630833,4.0,4.0,0.0,500.0,500.0,500.0,500.0,224.0,0.7836538461538461,60.0,0.0466520307354555,0.0942412000149488,0.0315032999787945,0.1421962000022176,0.0023699366667036,1.0
test_001_1005,online,500.0,no_bounded_window,1,0.1561268209083119,0.0363324764353042,0.0260497000856898,0.0937446443873179,0.2550854985565178,0.1313613815910343,0.0357777777777777,0.0335904027420736,2.0,2.0,0.0,500.0,500.0,500.0,500.0,231.0,0.9158878504672896,60.0,0.0347579358042206,0.1080400999926496,0.0352147000085096,0.1579715000116266,0.0026328583335271,1.0
test_001_1006,online,500.0,no_bounded_window,1,0.2625199362041467,0.1097288676236044,0.0267942583732057,0.1259968102073365,0.8318335693061144,0.1844029244516653,0.1413980935088515,0.1076555023923445,5.0,5.0,0.0,500.0,500.0,500.0,500.0,230.0,0.8601036269430051,60.0,0.1199285075960679,0.1007283999933861,0.0664294000016525,0.1841032000083942,0.0030683866668065,1.0
test_001_1007,online,500.0,no_bounded_window,1,0.3671346853874155,0.0598023920956838,0.0261743803085456,0.281157912983186,0.6242528921597916,0.330487094896177,0.2627450980392157,0.0533888022187554,5.0,6.0,1.0,500.0,500.0,500.0,500.0,223.0,0.7079207920792079,60.0,0.0563999267533418,0.1237873000209219,0.0291955999855417,0.1668706999917049,0.002781178333195,1.0
test_001_1008,online,500.0,no_bounded_window,1,0.324301999008756,0.0847513629605154,0.0264331736329093,0.2131174624153312,0.489903362981855,0.2718140634232814,0.1914846188140882,0.0806211795803733,5.0,7.0,2.0,500.0,500.0,500.0,500.0,228.0,0.7711442786069652,60.0,0.0876909254267744,0.060264100000495,0.0280315999989397,0.1022572999936528,0.0017042883332275,1.0
test_001_1009,online,500.0,no_bounded_window,1,0.2425437904371153,0.0875808742307085,0.0146757140602808,0.1402872021461259,0.4080244527629927,0.1803779347203664,0.166475315729047,0.0866340539687549,3.0,4.0,1.0,500.0,500.0,500.0,500.0,235.0,0.8423645320197044,60.0,0.094851416724257,0.0566980000003241,0.0285334000072907,0.1020733999903313,0.0017012233331721,1.0
test_001_1010,online,500.0,no_bounded_window,1,0.4359480348626871,0.0935701364907087,0.0226936359151455,0.3196842624568327,0.8049509783950116,0.4007960199004975,0.3464749536178108,0.0868278243709916,5.0,3.0,-2.0,500.0,500.0,500.0,500.0,226.0,0.6424870466321243,60.0,0.095083738519719,0.0581380999938119,0.0269620000035502,0.0989528999780304,0.0016492149996338,1.0
test_001_1011,online,500.0,no_bounded_window,1,0.2048450889914304,0.0980553724456163,0.025049439683586,0.081740276862228,0.2663065723557264,0.1357056694813027,0.0986725663716814,0.0901450230718523,2.0,3.0,1.0,500.0,500.0,500.0,500.0,225.0,0.9123711340206184,60.0,0.0990762543017569,0.0700349000107962,0.0275185999926179,0.1134929999825544,0.0018915499997092,1.0
test_001_1012,online,500.0,no_bounded_window,1,0.331758778145174,0.1143127066603684,0.0236183278223901,0.1938277436624153,0.5880674674198346,0.2498469075321494,0.1798757763975155,0.1143127066603684,5.0,6.0,1.0,500.0,500.0,500.0,500.0,231.0,0.7925531914893617,60.0,0.1290666666666666,0.0612277000036556,0.0278601000027265,0.1029063000169117,0.0017151050002818,1.0
test_001_1013,online,500.0,no_bounded_window,1,0.1471330688784709,0.0358817165524702,0.0320952037504507,0.0791561485755499,0.2048339619655527,0.1282294832826747,0.0511968085106383,0.0254237288135593,2.0,3.0,1.0,500.0,500.0,500.0,500.0,221.0,0.9198113207547168,60.0,0.0260869565217391,0.0668699000088963,0.0274075999914202,0.1080913000041619,0.001801521666736,1.0
test_001_1014,online,500.0,no_bounded_window,1,0.183293474547318,0.0702084045097369,0.0310898530919029,0.0819952169456781,0.2185547194148213,0.1374951380785686,0.0679911699779249,0.0608131192347113,2.0,3.0,1.0,500.0,500.0,500.0,500.0,225.0,0.9033816425120772,60.0,0.064750818479447,0.0568238999985624,0.0290143000020179,0.1004408999870065,0.0016740149997834,1.0
test_001_1015,online,500.0,no_bounded_window,1,0.2174202127659574,0.0779587765957446,0.0254321808510638,0.1140292553191489,0.2506439662067127,0.1592679127725856,0.1215504529176321,0.0731382978723404,2.0,3.0,1.0,500.0,500.0,500.0,500.0,228.0,0.8762376237623762,60.0,0.078909612625538,0.0601848000078462,0.02718500001356,0.1013605000043753,0.0016893416667395,1.0
test_001_1016,online,500.0,no_bounded_window,1,0.3655094094743673,0.1132381570408825,0.0176833225178455,0.2345879299156392,0.5287515086594944,0.241414977244518,0.2535956006768189,0.1078844905905256,3.0,5.0,2.0,500.0,500.0,500.0,500.0,223.0,0.798941798941799,60.0,0.1209310783778868,0.0603343999828211,0.0258150000008754,0.1013934999937191,0.0016898916665619,1.0
test_001_1017,online,500.0,no_bounded_window,1,0.5170397594386903,0.0751754092883394,0.0190444370197126,0.4228199131306381,0.8892462338566338,0.4730201863354037,0.4283842794759825,0.0696625459405279,5.0,4.0,-1.0,500.0,500.0,500.0,500.0,226.0,0.5495049504950495,60.0,0.0748787933201652,0.0679371999867726,0.0261790000076871,0.1078885000024456,0.0017981416667074,1.0
test_001_1018,online,500.0,no_bounded_window,1,0.4386517561820759,0.1015908017010552,0.015120491415971,0.3219404630650496,0.794248641104969,0.3729211504597926,0.290590187248163,0.0974956686092298,5.0,5.0,0.0,500.0,500.0,500.0,500.0,232.0,0.675392670157068,60.0,0.1080279232111692,0.0619889000081457,0.0276675000204704,0.103690700023435,0.0017281783337239,1.0
test_001_1019,online,500.0,no_bounded_window,1,0.3002615233736515,0.1015037593984962,0.0127492644655116,0.1860084995096436,0.5109055887238767,0.2435846030473135,0.2009302325581395,0.092350441320693,5.0,6.0,1.0,500.0,500.0,500.0,500.0,223.0,0.7916666666666666,60.0,0.1017468035296236,0.0626086000120267,0.0278289999987464,0.1042457000003196,0.0017374283333386,1.0
test_001_1020,online,500.0,no_bounded_window,1,0.2867000172503018,0.0886665516646541,0.0331205796101431,0.1649128859755045,0.5738666277441964,0.2412796697626419,0.1687484068315065,0.0821114369501466,5.0,4.0,-1.0,500.0,500.0,500.0,500.0,219.0,0.806282722513089,60.0,0.0894568690095846,0.0615255000011529,0.0263572999974712,0.101468599983491,0.0016911433330581,1.0
test_001_1021,online,500.0,no_bounded_window,1,0.3797309978104473,0.1207381920550516,0.0200187675946199,0.2389740381607757,0.6803554866556021,0.2960553070353802,0.2888048729258559,0.1154207069127306,4.0,4.0,0.0,500.0,500.0,500.0,500.0,230.0,0.7473684210526316,60.0,0.1304809052333805,0.0624272999993991,0.0280895000032614,0.1047961000003852,0.001746601666673,1.0
test_001_1022,online,500.0,no_bounded_window,1,0.1492842535787321,0.1000471920717319,0.0124272455560799,0.0368098159509202,0.1862773591872397,0.0673394139336309,0.0696395846059865,0.0946987572754444,2.0,2.0,0.0,500.0,500.0,500.0,500.0,232.0,0.9642857142857144,60.0,0.1046046915725456,0.0631872999947518,0.0281350000004749,0.1072644999949261,0.0017877416665821,1.0
test_001_1023,online,500.0,no_bounded_window,1,0.153474420929845,0.071154807532078,0.0168305282452924,0.0654890851524745,0.2191618472737255,0.1017046542807891,0.0382929642445213,0.0649891684719213,2.0,2.0,0.0,500.0,500.0,500.0,500.0,227.0,0.9447236180904522,60.0,0.0695063268579575,0.0602828999981284,0.0264180000231135,0.1021555000334046,0.0017025916672234,1.0
test_001_1000,online,500.0,no_spawn,1,0.4698351455629603,0.0445457734128376,0.0310417397404419,0.3942476324096808,0.8789818863210493,0.4670245398773006,0.4196103618068936,0.0426166257453525,2.0,1.0,-1.0,500.0,500.0,500.0,500.0,225.0,0.568075117370892,60.0,0.0445136471881296,0.0599477000068873,0.0438116999866906,0.1187692999665159,0.0019794883327752,2.897777777777778
test_001_1001,online,500.0,no_spawn,1,0.6918707845225417,0.0532481363152289,0.0383386581469648,0.6002839900603479,1.2096281202241468,0.6805392731535757,0.6423700916999765,0.0457933972310969,4.0,1.0,-3.0,500.0,500.0,500.0,500.0,222.0,0.3578431372549019,60.0,0.0479910714285714,0.0643263999954797,0.0450844000151846,0.1246120000141672,0.0020768666669027,2.833333333333333
test_001_1002,online,500.0,no_spawn,1,0.5123697916666666,0.0812174479166666,0.01708984375,0.4140625,0.9272141706924316,0.514626635873749,0.4954954954954955,0.0771484375,2.0,1.0,-1.0,500.0,500.0,500.0,500.0,230.0,0.5025380710659898,60.0,0.0835978835978836,0.0629074999887961,0.0427479000063613,0.1201922000036574,0.0020032033333942,2.8521739130434782
test_001_1003,online,500.0,no_spawn,1,0.5214618169281159,0.1063609722461644,0.0329253576969488,0.3821754869850026,0.913561634253804,0.5265855221012171,0.4676315789473684,0.0963626960868815,2.0,2.0,0.0,500.0,500.0,500.0,500.0,215.0,0.5274725274725275,60.0,0.1066386875238458,0.0599088000017218,0.0384592000045813,0.1121825000154785,0.0018697083335913,2.823255813953488
test_001_1004,online,500.0,no_spawn,1,0.2464604090194022,0.0499912602691837,0.0288411116937598,0.1676280370564586,0.473587527116016,0.2191517942813279,0.1759098786828422,0.0445726271630833,4.0,3.0,-1.0,500.0,500.0,500.0,500.0,224.0,0.8173076923076923,60.0,0.0466520307354555,0.0537303000164683,0.0403346999955829,0.1090013000066392,0.0018166883334439,2.821428571428572
test_001_1005,online,500.0,no_spawn,1,0.4188517566409597,0.0363324764353042,0.0260497000856898,0.3564695801199657,0.8156118143459916,0.4130075326106926,0.3646666666666666,0.0335904027420736,2.0,1.0,-1.0,500.0,500.0,500.0,500.0,231.0,0.6214953271028038,60.0,0.0347579358042206,0.0679600000148639,0.0370507999905385,0.1194107000192161,0.0019901783336536,2.9177489177489178
test_001_1006,online,500.0,no_spawn,1,0.625518341307815,0.1097288676236044,0.0267942583732057,0.4889952153110047,1.056781336496639,0.622055239642567,0.5862460281434407,0.1076555023923445,5.0,1.0,-4.0,500.0,500.0,500.0,500.0,230.0,0.4145077720207253,60.0,0.1199285075960679,0.0638783000176772,0.0397544000006746,0.1181945000134874,0.0019699083335581,2.891304347826087
test_001_1007,online,500.0,no_spawn,1,0.609291038308199,0.0598023920956838,0.0261743803085456,0.5233142659039695,1.101060302102899,0.6078012808072967,0.566320645905421,0.0533888022187554,5.0,2.0,-3.0,500.0,500.0,500.0,500.0,223.0,0.4207920792079208,60.0,0.0563999267533418,0.0595189000014215,0.0385081999993417,0.1119319999997969,0.0018655333333299,2.878923766816144
test_001_1008,online,500.0,no_spawn,1,0.6038328101767718,0.0847513629605154,0.0264331736329093,0.4926482735833471,1.0863544761140105,0.5731731337403979,0.5506018724921979,0.0806211795803733,5.0,2.0,-3.0,500.0,500.0,500.0,500.0,228.0,0.4079601990049751,60.0,0.0876909254267744,0.0621070000051986,0.043450400000438,0.1204770999902393,0.0020079516665039,2.837719298245614
test_001_1009,online,500.0,no_spawn,1,0.5475777181631687,0.0875808742307085,0.0146757140602808,0.4453211298721792,0.9949324324324323,0.4899790036266463,0.5147340221967087,0.0866340539687549,3.0,1.0,-2.0,500.0,500.0,500.0,500.0,235.0,0.5369458128078818,60.0,0.094851416724257,0.0647537999902851,0.0414932999992743,0.1195367999898735,0.0019922799998312,2.9574468085106385
test_001_1010,online,500.0,no_spawn,1,0.5806610754810064,0.0935701364907087,0.0226936359151455,0.4643973030751521,1.0203490531006314,0.5327363184079602,0.475417439703154,0.0868278243709916,5.0,1.0,-4.0,500.0,500.0,500.0,500.0,226.0,0.5129533678756477,60.0,0.095083738519719,0.0655336000199895,0.0419844000134617,0.1220711000496521,0.0020345183341608,2.871681415929204
test_001_1011,online,500.0,no_spawn,1,0.466381015161503,0.0980553724456163,0.025049439683586,0.3432762030323006,0.8307940228537943,0.4589867310012063,0.4154867256637168,0.0901450230718523,2.0,1.0,-1.0,500.0,500.0,500.0,500.0,225.0,0.5670103092783505,60.0,0.0990762543017569,0.0666888000268954,0.038683899998432,0.1194340000220108,0.0019905666670335,2.88
test_001_1012,online,500.0,no_spawn,1,0.6868209730751063,0.1143127066603684,0.0236183278223901,0.5488899385923477,1.1399719495091163,0.6668707899571341,0.6231055900621117,0.1143127066603684,5.0,1.0,-4.0,500.0,500.0,500.0,500.0,231.0,0.3723404255319149,60.0,0.1290666666666666,0.0642784999799914,0.0442526000260841,0.1234701000212226,0.0020578350003537,2.9047619047619047
test_001_1013,online,500.0,no_spawn,1,0.4761990623873062,0.0358817165524702,0.0320952037504507,0.4082221420843851,0.8966129032258064,0.4749240121580547,0.4219858156028369,0.0254237288135593,2.0,1.0,-1.0,500.0,500.0,500.0,500.0,221.0,0.5660377358490566,60.0,0.0260869565217391,0.0730976000195369,0.0481413999805226,0.1372205000079702,0.0022870083334661,2.8642533936651584
test_001_1014,online,500.0,no_spawn,1,0.4677143833276392,0.0702084045097369,0.0310898530919029,0.3664161257259993,0.8543354335433544,0.4632438739789965,0.4158940397350993,0.0608131192347113,2.0,1.0,-1.0,500.0,500.0,500.0,500.0,225.0,0.5748792270531401,60.0,0.064750818479447,0.0752268999931402,0.0406426000117789,0.1360729000007268,0.0022678816666787,2.848888888888889
test_001_1015,online,500.0,no_spawn,1,0.1336436170212765,0.0779587765957446,0.0254321808510638,0.030252659574468,0.1718268231919764,0.0708722741433021,0.0554034126816937,0.0731382978723404,2.0,2.0,0.0,500.0,500.0,500.0,500.0,228.0,0.9702970297029704,60.0,0.078909612625538,0.0598384999902918,0.0405995000037364,0.1147909999999683,0.0019131833333328,2.921052631578948
test_001_1016,online,500.0,no_spawn,1,0.2976963011031797,0.1132381570408825,0.0176833225178455,0.1667748215444516,0.6416333676154143,0.2252792718245759,0.2138324873096446,0.1078844905905256,3.0,2.0,-1.0,500.0,500.0,500.0,500.0,223.0,0.798941798941799,60.0,0.1209310783778868,0.0611442000081297,0.0407341999816708,0.1157340999925509,0.0019289016665425,2.8295964125560538
test_001_1017,online,500.0,no_spawn,1,0.6470096892749749,0.0751754092883394,0.0190444370197126,0.5527898429669228,1.1073608617594255,0.62402950310559,0.5753275109170306,0.0696625459405279,5.0,1.0,-4.0,500.0,500.0,500.0,500.0,226.0,0.400990099009901,60.0,0.0748787933201652,0.0628940000024158,0.0406149000045843,0.1177842000033706,0.0019630700000561,2.902654867256637
test_001_1018,online,500.0,no_spawn,1,0.7338163490313435,0.1015908017010552,0.015120491415971,0.6171050559143172,1.248522030117122,0.7159068675405987,0.6951884332780279,0.0974956686092298,5.0,1.0,-4.0,500.0,500.0,500.0,500.0,232.0,0.3089005235602094,60.0,0.1080279232111692,0.0576215000182855,0.042107199988095,0.1160869000013917,0.0019347816666898,2.875
test_001_1019,online,500.0,no_spawn,1,0.726381170317097,0.1015037593984962,0.0127492644655116,0.6121281464530892,1.2334836527621196,0.7135124298315958,0.6816279069767441,0.092350441320693,5.0,1.0,-4.0,500.0,500.0,500.0,500.0,223.0,0.3020833333333333,60.0,0.1017468035296236,0.0648680000158492,0.0397975000087171,0.1191706000245176,0.0019861766670752,2.874439461883408
test_001_1020,online,500.0,no_spawn,1,0.4773158530274279,0.0886665516646541,0.0331205796101431,0.3555287217526306,0.874930972918548,0.4431372549019607,0.3680856487382105,0.0821114369501466,5.0,2.0,-3.0,500.0,500.0,500.0,500.0,219.0,0.5968586387434555,60.0,0.0894568690095846,0.0597139000019524,0.0387081000080797,0.1123101999983191,0.0018718366666386,2.863013698630137
test_001_1021,online,500.0,no_spawn,1,0.4881138567406944,0.1207381920550516,0.0200187675946199,0.3473568970910228,0.8588336087330535,0.447742984953233,0.4307918504515858,0.1154207069127306,4.0,2.0,-2.0,500.0,500.0,500.0,500.0,230.0,0.5842105263157895,60.0,0.1304809052333805,0.056684299983317,0.0389680999796837,0.1104649999761022,0.001841083332935,2.930434782608696
test_001_1022,online,500.0,no_spawn,1,0.43511090136857,0.1000471920717319,0.0124272455560799,0.3226364637407582,0.7909880564603692,0.4199495439549777,0.4021584198737528,0.0946987572754444,2.0,1.0,-1.0,500.0,500.0,500.0,500.0,232.0,0.6020408163265306,60.0,0.1046046915725456,0.0606401000113692,0.0400079999817535,0.1147963999828789,0.0019132733330479,2.939655172413793
test_001_1023,online,500.0,no_spawn,1,0.4719213464422596,0.071154807532078,0.0168305282452924,0.3839360106648892,0.8686607956270878,0.4677264891783183,0.4362168396770473,0.0649891684719213,2.0,1.0,-1.0,500.0,500.0,500.0,500.0,227.0,0.5577889447236181,60.0,0.0695063268579575,0.0606409999891184,0.0384933000023011,0.1137380999862216,0.0018956349997703,2.9030837004405288
test_001_1000,online,500.0,no_momentum,1,0.381445106980007,0.0445457734128376,0.0310417397404419,0.3058575938267274,0.6927285446595878,0.370398773006135,0.3436095054592164,0.0426166257453525,2.0,2.0,0.0,500.0,500.0,500.0,500.0,225.0,0.6572769953051644,60.0,0.0445136471881296,0.0588146999944001,0.0391737000027205,0.1219940999872051,0.0020332349997867,2.897777777777778
test_001_1001,online,500.0,no_momentum,1,0.4009584664536741,0.0532481363152289,0.0383386581469648,0.3093716719914803,0.9396991045062736,0.3536537710042985,0.2955560780625441,0.0457933972310969,4.0,5.0,1.0,500.0,500.0,500.0,500.0,222.0,0.696078431372549,60.0,0.0479910714285714,0.0574108000146225,0.027320499997586,0.0926271000062115,0.0015437850001035,2.833333333333333
test_001_1002,online,500.0,no_momentum,1,0.4212239583333333,0.0812174479166666,0.01708984375,0.3229166666666667,0.4070874127485999,0.3358352578906851,0.2387387387387387,0.0771484375,2.0,5.0,3.0,500.0,500.0,500.0,500.0,230.0,0.7055837563451777,60.0,0.0835978835978836,0.0517765000113286,0.0313960000057704,0.0983317000209353,0.0016388616670155,2.8521739130434782
test_001_1003,online,500.0,no_momentum,1,0.3445957593518359,0.1063609722461644,0.0329253576969488,0.2053094294087226,0.549929969213669,0.3074951953875721,0.2384210526315789,0.0963626960868815,2.0,2.0,0.0,500.0,500.0,500.0,500.0,215.0,0.7417582417582418,60.0,0.1066386875238458,0.0404159999743569,0.0309105000051204,0.0852752999926451,0.0014212549998774,2.823255813953488
test_001_1004,online,500.0,no_momentum,1,0.4941443803530851,0.0499912602691837,0.0288411116937598,0.4153120083901416,0.8929635000798408,0.4511610055651506,0.4014298093587521,0.0445726271630833,4.0,6.0,2.0,500.0,500.0,500.0,500.0,224.0,0.5817307692307693,60.0,0.0466520307354555,0.0419408000016119,0.0455638999992515,0.1012836000008974,0.0016880600000149,2.821428571428572
test_001_1005,online,500.0,no_momentum,1,0.3943444730077121,0.0363324764353042,0.0260497000856898,0.3319622964867181,0.4023484343770819,0.3615653132463715,0.2811111111111111,0.0335904027420736,2.0,3.0,1.0,500.0,500.0,500.0,500.0,231.0,0.6869158878504673,60.0,0.0347579358042206,0.041159799991874,0.046294100000523,0.1019171999942045,0.0016986199999034,2.9177489177489178
test_001_1006,online,500.0,no_momentum,1,0.6014354066985645,0.1097288676236044,0.0267942583732057,0.4649122807017544,1.1870055278546523,0.5877335499593827,0.5490240581025874,0.1076555023923445,5.0,6.0,1.0,500.0,500.0,500.0,500.0,230.0,0.4300518134715025,60.0,0.1199285075960679,0.043456800020067,0.0435060000163503,0.0970909000316169,0.0016181816671936,2.891304347826087
test_001_1007,online,500.0,no_momentum,1,0.3697347893915756,0.0598023920956838,0.0261743803085456,0.2837580169873461,0.6361041361292724,0.3485348340772365,0.2830449826989619,0.0533888022187554,5.0,6.0,1.0,500.0,500.0,500.0,500.0,223.0,0.693069306930693,60.0,0.0563999267533418,0.0420640000083949,0.028369699983159,0.084637299994938,0.0014106216665823,2.878923766816144
test_001_1008,online,500.0,no_momentum,1,0.3720469188831984,0.0847513629605154,0.0264331736329093,0.2608623822897736,0.5674654470312586,0.3202678747291708,0.2670530539456086,0.0806211795803733,5.0,11.0,6.0,500.0,500.0,500.0,500.0,228.0,0.7114427860696517,60.0,0.0876909254267744,0.0427764999913051,0.0334068000083789,0.0878129999910015,0.00146354999985,2.837719298245614
test_001_1009,online,500.0,no_momentum,1,0.5721950449739625,0.0875808742307085,0.0146757140602808,0.469938456682973,1.0321672077055324,0.5231914487497614,0.5315729047072331,0.0866340539687549,3.0,2.0,-1.0,500.0,500.0,500.0,500.0,235.0,0.5073891625615764,60.0,0.094851416724257,0.0435480000160168,0.0448904999939259,0.1026544999913312,0.0017109083331888,2.9574468085106385
test_001_1010,online,500.0,no_momentum,1,0.4417036671600066,0.0935701364907087,0.0226936359151455,0.3254398947541523,0.8621987951363229,0.3934328358208955,0.3228200371057514,0.0868278243709916,5.0,3.0,-2.0,500.0,500.0,500.0,500.0,226.0,0.6476683937823834,60.0,0.095083738519719,0.0401426000171341,0.0430097999924328,0.097687900008168,0.0016281316668028,2.871681415929204
test_001_1011,online,500.0,no_momentum,1,0.2707646671061305,0.0980553724456163,0.025049439683586,0.1476598549769281,0.3145294688581324,0.2141133896260555,0.2073008849557522,0.0901450230718523,2.0,3.0,1.0,500.0,500.0,500.0,500.0,225.0,0.8247422680412371,60.0,0.0990762543017569,0.0403286000073421,0.0447033999953419,0.099328999989666,0.0016554833331611,2.88
test_001_1012,online,500.0,no_momentum,1,0.5411746181703668,0.1143127066603684,0.0236183278223901,0.4032435836876082,0.9294980163446068,0.4839763216983058,0.4270807453416149,0.1143127066603684,5.0,9.0,4.0,500.0,500.0,500.0,500.0,231.0,0.5425531914893617,60.0,0.1290666666666666,0.0722782999800983,0.0452465999987907,0.1334246999758761,0.0022237449995979,2.9047619047619047
test_001_1013,online,500.0,no_momentum,1,0.14028128380815,0.0358817165524702,0.0320952037504507,0.072304363505229,0.219443198902751,0.1210106382978723,0.0700354609929078,0.0254237288135593,2.0,2.0,0.0,500.0,500.0,500.0,500.0,221.0,0.9245283018867924,60.0,0.0260869565217391,0.0399273000075481,0.045191999990493,0.0995205999934114,0.0016586766665568,2.8642533936651584
test_001_1014,online,500.0,no_momentum,1,0.4485821660403143,0.0702084045097369,0.0310898530919029,0.3472839084386744,0.4271750062749234,0.3928432516530533,0.3582781456953642,0.0608131192347113,2.0,4.0,2.0,500.0,500.0,500.0,500.0,225.0,0.6473429951690821,60.0,0.064750818479447,0.0436093999887816,0.0408810999942943,0.103425099980086,0.0017237516663347,2.848888888888889
test_001_1015,online,500.0,no_momentum,1,0.5736369680851063,0.0779587765957446,0.0254321808510638,0.4702460106382978,0.6893398541997996,0.5630841121495327,0.5251737939751422,0.0731382978723404,2.0,4.0,2.0,500.0,500.0,500.0,500.0,228.0,0.4554455445544554,60.0,0.078909612625538,0.0463594000029843,0.0308979000255931,0.0924236000282689,0.0015403933338044,2.921052631578948
test_001_1016,online,500.0,no_momentum,1,0.4216417910447761,0.1132381570408825,0.0176833225178455,0.290720311486048,0.5612143426439212,0.3051303268514687,0.3252961082910321,0.1078844905905256,3.0,7.0,4.0,500.0,500.0,500.0,500.0,223.0,0.7354497354497355,60.0,0.1209310783778868,0.0453431000059936,0.0452175999816972,0.1047680999909062,0.0017461349998484,2.8295964125560538
test_001_1017,online,500.0,no_momentum,1,0.5028399599064484,0.0751754092883394,0.0190444370197126,0.4086201135983963,0.6933992611367904,0.4592391304347826,0.4019650655021834,0.0696625459405279,5.0,8.0,3.0,500.0,500.0,500.0,500.0,226.0,0.5792079207920792,60.0,0.0748787933201652,0.0469088999961968,0.0374995000020135,0.0928429999912623,0.0015473833331877,2.902654867256637
test_001_1018,online,500.0,no_momentum,1,0.503858875413451,0.1015908017010552,0.015120491415971,0.3871475822964246,0.8849617041712717,0.461162199178243,0.4045982460298649,0.0974956686092298,5.0,4.0,-1.0,500.0,500.0,500.0,500.0,232.0,0.5759162303664922,60.0,0.1080279232111692,0.0420815999968908,0.0490980999893508,0.1053562999877613,0.0017559383331293,2.875
test_001_1019,online,500.0,no_momentum,1,0.620137299771167,0.1015037593984962,0.0127492644655116,0.5058842759071592,1.1138746123444985,0.6192862870890137,0.5965116279069768,0.092350441320693,5.0,6.0,1.0,500.0,500.0,500.0,500.0,223.0,0.4010416666666667,60.0,0.1017468035296236,0.04275800002506,0.0260361999971792,0.0765311000286601,0.001275518333811,2.874439461883408
test_001_1020,online,500.0,no_momentum,1,0.4303950319130585,0.0886665516646541,0.0331205796101431,0.3086079006382611,0.869496147504606,0.3859649122807017,0.2987509559010961,0.0821114369501466,5.0,4.0,-1.0,500.0,500.0,500.0,500.0,219.0,0.6649214659685864,60.0,0.0894568690095846,0.0434323999797925,0.045797600003425,0.103462999977637,0.0017243833329606,2.863013698630137
test_001_1021,online,500.0,no_momentum,1,0.544416640600563,0.1207381920550516,0.0200187675946199,0.4036596809508914,0.9507235100242896,0.4880032533550223,0.4738500315059861,0.1154207069127306,4.0,2.0,-2.0,500.0,500.0,500.0,500.0,230.0,0.5473684210526316,60.0,0.1304809052333805,0.0417996000032871,0.044583800015971,0.0946454000368248,0.001577423333947,2.930434782608696
test_001_1022,online,500.0,no_momentum,1,0.2162969954380997,0.1000471920717319,0.0124272455560799,0.1038225578102878,0.3175693172526325,0.1500097030855812,0.1565872531052738,0.0946987572754444,2.0,2.0,0.0,500.0,500.0,500.0,500.0,232.0,0.8775510204081632,60.0,0.1046046915725456,0.0438685999833978,0.0484512000111863,0.1078903999878093,0.0017981733331301,2.939655172413793
test_001_1023,online,500.0,no_momentum,1,0.4214297617063822,0.071154807532078,0.0168305282452924,0.3334444259290118,0.4418867110351352,0.3721509289408159,0.3028835063437139,0.0649891684719213,2.0,5.0,3.0,500.0,500.0,500.0,500.0,227.0,0.6683417085427136,60.0,0.0695063268579575,0.046444599982351,0.046886700001778,0.1075027999759186,0.0017917133329319,2.9030837004405288
test_001_1000,online,500.0,noncausal,1,0.0950543668888109,0.0445457734128376,0.0310417397404419,0.0194668537355313,0.115954903185509,0.0573236196319018,0.0229073003639477,0.0426166257453525,2.0,2.0,0.0,500.0,500.0,500.0,500.0,225.0,0.976525821596244,60.0,0.0445136471881296,0.0433397000015247,0.0390714000095613,0.0906152000243309,0.0015102533337388,2.897777777777778
test_001_1001,online,500.0,noncausal,1,0.2339368122115726,0.0532481363152289,0.0383386581469648,0.1423500177493787,0.5462110703574745,0.198905822586948,0.1356689395720667,0.0457933972310969,4.0,4.0,0.0,500.0,500.0,500.0,500.0,222.0,0.8431372549019608,60.0,0.0479910714285714,0.044817400019383,0.0409641999867744,0.0988588000182062,0.0016476466669701,2.824324324324324
test_001_1002,online,500.0,noncausal,1,0.2571614583333333,0.0812174479166666,0.01708984375,0.1588541666666666,0.2575165362366529,0.1474210931485758,0.0533428165007112,0.0771484375,2.0,3.0,1.0,500.0,500.0,500.0,500.0,230.0,0.9035532994923858,60.0,0.0835978835978836,0.0508855000080075,0.0456355999922379,0.1116313000093214,0.001860521666822,2.856521739130435
test_001_1003,online,500.0,noncausal,1,0.4633683847612481,0.1063609722461644,0.0329253576969488,0.3240820548181348,0.7867934971515005,0.4546231048473201,0.4197368421052631,0.0963626960868815,2.0,2.0,0.0,500.0,500.0,500.0,500.0,215.0,0.5824175824175825,60.0,0.1066386875238458,0.0455373000004328,0.032808300020406,0.089001400017878,0.0014833566669646,2.823255813953488
test_001_1004,online,500.0,noncausal,1,0.3216220940395036,0.0499912602691837,0.0288411116937598,0.24278972207656,0.5070087935402704,0.2636729994242948,0.2235701906412478,0.0445726271630833,4.0,7.0,3.0,500.0,500.0,500.0,500.0,224.0,0.7740384615384616,60.0,0.0466520307354555,0.0412336000008508,0.0406209000211674,0.0962042000319343,0.0016034033338655,2.821428571428572
test_001_1005,online,500.0,noncausal,1,0.0966580976863753,0.0363324764353042,0.0260497000856898,0.0342759211653813,0.1287687837737804,0.0676097740216792,0.0044444444444444,0.0335904027420736,2.0,2.0,0.0,500.0,500.0,500.0,500.0,231.0,0.97196261682243,60.0,0.0347579358042206,0.0508094000106211,0.0395565000071655,0.1050154000113252,0.0017502566668554,2.9177489177489178
test_001_1006,online,500.0,noncausal,1,0.2888357256778309,0.1097288676236044,0.0267942583732057,0.1523125996810207,0.483549944230118,0.1697806661251015,0.1516114389468906,0.1076555023923445,5.0,7.0,2.0,500.0,500.0,500.0,500.0,230.0,0.8704663212435233,60.0,0.1199285075960679,0.0453898000123444,0.0412060999951791,0.1010020000103395,0.0016833666668389,2.895652173913044
test_001_1007,online,500.0,noncausal,1,0.3265730629225169,0.0598023920956838,0.0261743803085456,0.2405962905182874,0.5388768016704849,0.2885697651853289,0.2239907727797001,0.0533888022187554,5.0,7.0,2.0,500.0,500.0,500.0,500.0,223.0,0.7524752475247525,60.0,0.0563999267533418,0.0391827000130433,0.0416820000100415,0.0941397000278811,0.0015689950004646,2.878923766816144
test_001_1008,online,500.0,noncausal,1,0.3107549975218899,0.0847513629605154,0.0264331736329093,0.1995704609284652,0.452909944135934,0.2050423478432144,0.1564868479714667,0.0806211795803733,5.0,8.0,3.0,500.0,500.0,500.0,500.0,228.0,0.8308457711442786,60.0,0.0876909254267744,0.0387802000041119,0.0342685999930836,0.0889133999880869,0.0014818899998014,2.8508771929824563
test_001_1009,online,500.0,noncausal,1,0.3919835884487928,0.0875808742307085,0.0146757140602808,0.2897270001578034,0.5928530090949073,0.3598014888337469,0.3633754305396096,0.0866340539687549,3.0,3.0,0.0,500.0,500.0,500.0,500.0,235.0,0.6600985221674877,60.0,0.094851416724257,0.0461239999858662,0.0419735999894328,0.1007295999734196,0.0016788266662236,2.9574468085106385
test_001_1010,online,500.0,noncausal,1,0.4017431343529025,0.0935701364907087,0.0226936359151455,0.2854793619470482,0.7496244454058827,0.3568159203980099,0.3147031539888683,0.0868278243709916,5.0,4.0,-1.0,500.0,500.0,500.0,500.0,226.0,0.6839378238341969,60.0,0.095083738519719,0.0440457999939098,0.0331747999880462,0.0902768999803811,0.001504614999673,2.880530973451328
test_001_1011,online,500.0,noncausal,1,0.1273895847066578,0.0980553724456163,0.025049439683586,0.0042847725774555,0.1347026959619887,0.0454362685967028,0.0597345132743362,0.0901450230718523,2.0,2.0,0.0,500.0,500.0,500.0,500.0,225.0,0.9948453608247424,60.0,0.0990762543017569,0.0448971999867353,0.0399184999987483,0.0947619999933522,0.0015793666665558,2.88
test_001_1012,online,500.0,noncausal,1,0.3016847740513305,0.1143127066603684,0.0236183278223901,0.1637537395685718,0.5520851864517613,0.1877934272300469,0.1324223602484472,0.1143127066603684,5.0,7.0,2.0,500.0,500.0,500.0,500.0,231.0,0.8457446808510638,60.0,0.1290666666666666,0.0450792000046931,0.0402945000096224,0.1000158000097144,0.0016669300001619,2.9047619047619047
test_001_1013,online,500.0,noncausal,1,0.0869094843130184,0.0358817165524702,0.0320952037504507,0.0189325640100973,0.1105905626038561,0.0647796352583586,0.0179521276595744,0.0254237288135593,2.0,2.0,0.0,500.0,500.0,500.0,500.0,221.0,0.9764150943396226,60.0,0.0260869565217391,0.0472106999950483,0.0405070999986492,0.1013444999989587,0.0016890749999826,2.8642533936651584
test_001_1014,online,500.0,noncausal,1,0.1675777246327297,0.0702084045097369,0.0310898530919029,0.0662794670310898,0.1628261993196543,0.1032672112018669,0.0501103752759381,0.0608131192347113,2.0,3.0,1.0,500.0,500.0,500.0,500.0,225.0,0.932367149758454,60.0,0.064750818479447,0.0413423999852966,0.0387965999834705,0.0945483999676071,0.0015758066661267,2.871111111111111
test_001_1015,online,500.0,noncausal,1,0.1796875,0.0779587765957446,0.0254321808510638,0.0762965425531914,0.1752810744720948,0.0930685358255451,0.0848957236149146,0.0731382978723404,2.0,3.0,1.0,500.0,500.0,500.0,500.0,228.0,0.9356435643564356,60.0,0.078909612625538,0.0413768999860622,0.0429917000001296,0.0923564999829977,0.0015392749997166,2.921052631578948
test_001_1016,online,500.0,noncausal,1,0.3792991563919533,0.1132381570408825,0.0176833225178455,0.2483776768332251,0.7216162033168699,0.2548613984278031,0.2624788494077834,0.1078844905905256,3.0,5.0,2.0,500.0,500.0,500.0,500.0,223.0,0.7777777777777778,60.0,0.1209310783778868,0.0466141999932006,0.0428688999963924,0.1054938999877777,0.0017582316664629,2.8251121076233185
test_001_1017,online,500.0,noncausal,1,0.516037420648179,0.0751754092883394,0.0190444370197126,0.4218175743401269,0.8877606809944479,0.4640916149068323,0.4259825327510917,0.0696625459405279,5.0,5.0,0.0,500.0,500.0,500.0,500.0,226.0,0.5643564356435643,60.0,0.0748787933201652,0.0500907999812625,0.0444276999915018,0.1090836999937892,0.0018180616665631,2.898230088495575
test_001_1018,online,500.0,noncausal,1,0.38257993384785,0.1015908017010552,0.015120491415971,0.2658686407308237,0.6921325795033921,0.3126589708471923,0.2495852097653472,0.0974956686092298,5.0,5.0,0.0,500.0,500.0,500.0,500.0,232.0,0.7225130890052356,60.0,0.1080279232111692,0.0483396000054199,0.0410116999992169,0.1031423000094946,0.0017190383334915,2.862068965517241
test_001_1019,online,500.0,noncausal,1,0.2415822164105917,0.1015037593984962,0.0127492644655116,0.1273291925465838,0.2837703751159453,0.1399358460304731,0.0976744186046511,0.092350441320693,5.0,8.0,3.0,500.0,500.0,500.0,500.0,223.0,0.9010416666666666,60.0,0.1017468035296236,0.0521156000031624,0.0414423999900464,0.106796599982772,0.0017799433330462,2.8699551569506725
test_001_1020,online,500.0,noncausal,1,0.2585820251854407,0.0886665516646541,0.0331205796101431,0.1367948939106434,0.5259936987568647,0.1925696594427244,0.1414733622227887,0.0821114369501466,5.0,4.0,-1.0,500.0,500.0,500.0,500.0,219.0,0.8586387434554974,60.0,0.0894568690095846,0.0477918999968096,0.0445193999912589,0.1055933999887202,0.001759889999812,2.863013698630137
test_001_1021,online,500.0,noncausal,1,0.356427901157335,0.1207381920550516,0.0200187675946199,0.2156709415076634,0.6421717235059563,0.2356649044326962,0.2856542743121193,0.1154207069127306,4.0,3.0,-1.0,500.0,500.0,500.0,500.0,230.0,0.8,60.0,0.1304809052333805,0.0488235999946482,0.0448996000050101,0.108214499981841,0.0018035749996973,2.930434782608696
test_001_1022,online,500.0,noncausal,1,0.1231713072203869,0.1000471920717319,0.0124272455560799,0.0106968695925751,0.132234243752521,0.0351251698039976,0.0535532478110364,0.0946987572754444,2.0,2.0,0.0,500.0,500.0,500.0,500.0,232.0,0.9948979591836736,60.0,0.1046046915725456,0.0535669999953825,0.0439771999954246,0.1133802999975159,0.0018896716666252,2.939655172413793
test_001_1023,online,500.0,noncausal,1,0.1748041993001166,0.071154807532078,0.0168305282452924,0.0868188635227462,0.1769310241813685,0.1003639149588201,0.0286043829296424,0.0649891684719213,2.0,3.0,1.0,500.0,500.0,500.0,500.0,227.0,0.9447236180904522,60.0,0.0695063268579575,0.0505218000034801,0.0397967999742832,0.1057277999643702,0.0017621299994061,2.9030837004405288
test_002_1000,online,500.0,full,2,0.1825161402896527,0.0340254754842086,0.0286162973303088,0.1198743674751352,0.3436158047369088,0.1591965780174818,0.0839160839160839,0.0308846623625894,5.0,5.0,0.0,500.0,500.0,500.0,500.0,228.0,0.8709677419354839,60.0,0.0318689232985235,0.0431495000084396,0.0269803999981377,0.0854835000063758,0.0014247250001062,2.9078947368421053
test_002_1001,online,500.0,full,2,0.4749663978494624,0.0829973118279569,0.0280577956989247,0.3639112903225806,0.7683194467372498,0.4681147867676365,0.4279894560268392,0.0784610215053763,4.0,5.0,1.0,500.0,500.0,500.0,500.0,225.0,0.558974358974359,60.0,0.0851412944393801,0.0437996000109706,0.0380866999912541,0.0952933999942615,0.0015882233332376,2.897777777777778
test_002_1002,online,500.0,full,2,0.3063274188148644,0.0984265148978908,0.031637094074322,0.1762638098426515,0.75298387151672,0.2335899513776337,0.1755986316989737,0.0868764646802812,5.0,8.0,3.0,500.0,500.0,500.0,500.0,223.0,0.7989690721649485,60.0,0.0951420714940421,0.0469151000143028,0.032370400003856,0.0908610000042244,0.0015143500000704,2.8385650224215246
test_002_1003,online,500.0,full,2,0.4473954763536669,0.0623714873200822,0.0219328307059629,0.3630911583276217,0.9114413516000784,0.4211841599384852,0.3692030616839261,0.0543180260452364,5.0,3.0,-2.0,500.0,500.0,500.0,500.0,224.0,0.6059113300492611,60.0,0.0574379416560971,0.050686799979303,0.037808400025824,0.1042234000051394,0.0017370566667523,2.892857142857143
test_002_1004,online,500.0,full,2,0.4941022280471822,0.1223787680209698,0.0234272608125819,0.3482961992136304,0.8713710543206276,0.4691882702932426,0.4462809917355372,0.1145150720838794,5.0,3.0,-2.0,500.0,500.0,500.0,500.0,220.0,0.5769230769230769,60.0,0.1293246993524514,0.0498584999877493,0.0378147999872453,0.0989563999755773,0.0016492733329262,2.868181818181818
test_002_1005,online,500.0,full,2,0.3265203551683699,0.093147930976713,0.0271402244932149,0.2062321996984419,0.3337880990332718,0.2155154952400243,0.1193806193806193,0.0864466409783883,4.0,7.0,3.0,500.0,500.0,500.0,500.0,223.0,0.8481675392670157,60.0,0.0946268109297634,0.0459184999926947,0.0312782000110019,0.0908727999776601,0.0015145466662943,2.802690582959641
test_002_1006,online,500.0,full,2,0.1877605469401367,0.0763715190928797,0.0226780056695014,0.0887110221777555,0.3255887521168774,0.1216084325590474,0.0746982464131177,0.072869768217442,4.0,4.0,0.0,500.0,500.0,500.0,500.0,227.0,0.914572864321608,60.0,0.0785971223021582,0.0679734000004828,0.053384399972856,0.1375688999542035,0.0022928149992367,2.881057268722467
test_002_1007,online,500.0,full,2,0.4109387755102041,0.1165714285714285,0.034938775510204,0.2594285714285714,0.5948644135178958,0.2974456407008655,0.2728337236533958,0.1133061224489796,4.0,5.0,1.0,500.0,500.0,500.0,500.0,225.0,0.7621621621621621,60.0,0.1277849383170687,0.1445318999758456,0.0391203000035602,0.2018674999708309,0.0033644583328471,2.813333333333333
test_002_1008,online,500.0,full,2,0.5407839866555463,0.0707256046705588,0.0256880733944954,0.4443703085904921,0.9407707667667904,0.5144331867711719,0.4858235823582358,0.06371976647206,5.0,3.0,-2.0,500.0,500.0,500.0,500.0,229.0,0.5024630541871922,60.0,0.0680562978799216,0.0588865999889094,0.0516849000123329,0.1283028000034392,0.0021383800000573,2.8558951965065504
test_002_1009,online,500.0,full,2,0.2377633980421437,0.1012112161937945,0.0303633648581383,0.1061888169902107,0.2497478562714294,0.1522667208782273,0.1178961444172052,0.0919196947071511,3.0,5.0,2.0,500.0,500.0,500.0,500.0,224.0,0.8877551020408163,60.0,0.1012241914854741,0.0607510000118054,0.0421402999782003,0.1176665999810211,0.0019611099996836,2.8392857142857144
test_002_1010,online,500.0,full,2,0.1593103448275862,0.0703448275862069,0.031551724137931,0.0574137931034482,0.1820003272741645,0.1117878192534381,0.0463966085727743,0.0612068965517241,2.0,3.0,1.0,500.0,500.0,500.0,500.0,223.0,0.9353233830845772,60.0,0.0651974288337924,0.0637088000075891,0.0495074000209569,0.132162000023527,0.0022027000003921,2.878923766816144
test_002_1011,online,500.0,full,2,0.3594220349187236,0.1587898856110776,0.0167068031306441,0.1839253461770018,0.691681404336111,0.2725490196078431,0.2739396589418452,0.1547260686333534,5.0,4.0,-1.0,500.0,500.0,500.0,500.0,228.0,0.7758620689655172,60.0,0.1826923076923076,0.0510927000141236,0.054372799990233,0.126885100005893,0.0021147516667648,2.912280701754386
test_002_1012,online,500.0,full,2,0.3554833468724614,0.0797725426482534,0.0220958570268074,0.2536149471974004,0.4965059332165561,0.3048663204462397,0.2628571428571428,0.0776604386677498,5.0,8.0,3.0,500.0,500.0,500.0,500.0,232.0,0.7317073170731707,60.0,0.0841994010921261,0.0676666999934241,0.0541889000160153,0.1413128999993205,0.0023552149999886,2.913793103448276
test_002_1013,online,500.0,full,2,0.1214297930562681,0.0730289037113049,0.0307850179579271,0.017615871387036,0.1422343273349288,0.0615963557140027,0.0245145631067961,0.0682401231400718,2.0,2.0,0.0,500.0,500.0,500.0,500.0,224.0,0.984924623115578,60.0,0.073237885462555,0.068733299995074,0.0419744999962858,0.1202064999961294,0.0020034416666021,2.8973214285714284
test_002_1014,online,500.0,full,2,0.2880569819446745,0.0730495279112141,0.0296504886533046,0.1853569653801557,0.5422614891629534,0.2233121754183497,0.1895935685573917,0.0694053337750538,4.0,3.0,-1.0,500.0,500.0,500.0,500.0,231.0,0.8252427184466019,60.0,0.0745817016731933,0.0430097999924328,0.0282529000251088,0.086039800022263,0.0014339966670377,2.913419913419913
test_002_1015,online,500.0,full,2,0.2444481830417227,0.0593876177658142,0.0225437415881561,0.1625168236877523,0.4388553799096549,0.2090288315629742,0.1500557413600891,0.0565275908479138,5.0,5.0,0.0,500.0,500.0,500.0,500.0,229.0,0.8300970873786407,60.0,0.0599144079885877,0.0423799999989569,0.0364620000182185,0.0929213000054005,0.0015486883334233,2.908296943231441
test_002_1016,online,500.0,full,2,0.1478885279534963,0.073003932296119,0.0304325525730894,0.0444520430842879,0.1963935644724029,0.097045587947564,0.0444981862152357,0.0630877073003932,2.0,3.0,1.0,500.0,500.0,500.0,500.0,224.0,0.9543147208121828,60.0,0.0673357664233576,0.0357076999789569,0.0263344999984838,0.075955399981467,0.0012659233330244,2.84375
test_002_1017,online,500.0,full,2,0.4611612086695143,0.1037810473026419,0.0094921689606074,0.3478879924062648,0.8266800689259046,0.451549240181567,0.4308257674016429,0.0991931656383483,2.0,1.0,-1.0,500.0,500.0,500.0,500.0,229.0,0.5634517766497462,60.0,0.1101159114857745,0.0347544999967794,0.024644499993883,0.0684591000026557,0.0011409850000442,2.921397379912664
test_002_1018,online,500.0,full,2,0.2975179621162638,0.0738079686479425,0.0209013716525146,0.2028086218158066,0.608613076627722,0.2375094625283876,0.1834165400477534,0.0685826257348138,3.0,3.0,0.0,500.0,500.0,500.0,500.0,232.0,0.8009708737864077,60.0,0.0736325385694249,0.0440370999858714,0.0365261000115424,0.0962648999993689,0.0016044149999894,2.913793103448276
test_002_1019,online,500.0,full,2,0.3693112467306015,0.0563208369659982,0.0327811682650392,0.280209241499564,0.845892221794292,0.3551849722062488,0.2756598240469208,0.0451612903225806,5.0,3.0,-2.0,500.0,500.0,500.0,500.0,224.0,0.6811594202898551,60.0,0.0472972972972973,0.0432553999999072,0.0361773000040557,0.0943458000256214,0.001572430000427,2.8973214285714284
test_002_1020,online,500.0,full,2,0.161630695443645,0.0864908073541167,0.0177458033573141,0.0573940847322142,0.1600867123687702,0.0698211194460473,0.0592452034577271,0.0844124700239808,4.0,7.0,3.0,500.0,500.0,500.0,500.0,233.0,0.9507389162561576,60.0,0.0921948664222105,0.0443334000010509,0.0302680000022519,0.0878315999871119,0.0014638599997851,2.939914163090129
test_002_1021,online,500.0,full,2,0.2881933181965618,0.1110930911449886,0.0233538760947129,0.1537463509568602,0.2795893622942149,0.149673735725938,0.1880687563195146,0.1023353876094712,4.0,9.0,5.0,500.0,500.0,500.0,500.0,225.0,0.8923076923076924,60.0,0.1140018066847335,0.0338231999776326,0.0239206000114791,0.07097669999348,0.0011829449998913,2.8177777777777777
test_002_1022,online,500.0,full,2,0.3716357775987107,0.1269943593875906,0.0294923448831587,0.2151490733279613,0.7033369440596932,0.2450246094585919,0.2667914813948046,0.1234488315874294,4.0,5.0,1.0,500.0,500.0,500.0,500.0,224.0,0.7978142076502732,60.0,0.1408347122632837,0.0354792000143788,0.0279899000015575,0.0744445000018458,0.0012407416666974,2.861607142857143
test_002_1023,online,500.0,full,2,0.3587556447566483,0.0546914199698946,0.0163907007860846,0.287673524000669,0.9390940913786564,0.304,0.2452870154628256,0.0505101187489546,4.0,5.0,1.0,500.0,500.0,500.0,500.0,230.0,0.7272727272727273,60.0,0.0531971111502554,0.0361530999944079,0.0291428999917116,0.0787482000014279,0.0013124700000237,2.88695652173913
test_002_1000,online,500.0,no_bounded_window,2,0.2278834409352643,0.0340254754842086,0.0286162973303088,0.1652416681207468,0.448847811289871,0.2060628603310396,0.1284170375079465,0.0308846623625894,5.0,5.0,0.0,500.0,500.0,500.0,500.0,228.0,0.8248847926267281,60.0,0.0318689232985235,0.0341836999868974,0.0277341999753844,0.0727044999657664,0.0012117416660961,1.0
test_002_1001,online,500.0,no_bounded_window,2,0.4386760752688172,0.0829973118279569,0.0280577956989247,0.3276209677419355,0.7191194531479136,0.4141092068553208,0.3690390606278457,0.0784610215053763,4.0,4.0,0.0,500.0,500.0,500.0,500.0,225.0,0.6256410256410256,60.0,0.0851412944393801,0.0349642999935895,0.020113799982937,0.0640332999755628,0.0010672216662593,1.0
test_002_1002,online,500.0,no_bounded_window,2,0.3528624037495815,0.0984265148978908,0.031637094074322,0.2227987947773686,1.1541585806558283,0.2927471636952998,0.2198403648802736,0.0868764646802812,5.0,7.0,2.0,500.0,500.0,500.0,500.0,223.0,0.7525773195876289,60.0,0.0951420714940421,0.0306967000069562,0.0154525999969337,0.0579614000162109,0.0009660233336035,1.0
test_002_1003,online,500.0,no_bounded_window,2,0.5310143934201508,0.0623714873200822,0.0219328307059629,0.4467100753941055,1.0069298207290256,0.5198000768935025,0.4558757316524088,0.0543180260452364,5.0,2.0,-3.0,500.0,500.0,500.0,500.0,224.0,0.5172413793103449,60.0,0.0574379416560971,0.0358869000046979,0.0230868000071495,0.0667276000021956,0.0011121266667032,1.0
test_002_1004,online,500.0,no_bounded_window,2,0.5104849279161205,0.1223787680209698,0.0234272608125819,0.3646788990825688,0.90987730209382,0.4904377390565236,0.4668304668304668,0.1145150720838794,5.0,3.0,-2.0,500.0,500.0,500.0,500.0,220.0,0.554945054945055,60.0,0.1293246993524514,0.0319330999918747,0.0152065999864134,0.061031199991703,0.0010171866665283,1.0
test_002_1005,online,500.0,no_bounded_window,2,0.3704138046573965,0.093147930976713,0.0271402244932149,0.2501256491874686,0.604191064100286,0.2949159408547701,0.2102897102897103,0.0864466409783883,4.0,7.0,3.0,500.0,500.0,500.0,500.0,223.0,0.7591623036649214,60.0,0.0946268109297634,0.046200900018448,0.016529199987417,0.0717040000017732,0.0011950666666962,1.0
test_002_1006,online,500.0,no_bounded_window,2,0.2287810571952643,0.0763715190928797,0.0226780056695014,0.1297315324328831,0.3728102023510988,0.1729455397228186,0.1184240491915281,0.072869768217442,4.0,5.0,1.0,500.0,500.0,500.0,500.0,227.0,0.864321608040201,60.0,0.0785971223021582,0.0416893000074196,0.0251231000002007,0.0781641000066883,0.0013027350001114,1.0
test_002_1007,online,500.0,no_bounded_window,2,0.5461224489795918,0.1165714285714285,0.034938775510204,0.3946122448979592,0.7665686541302734,0.4606290901414397,0.4117096018735363,0.1133061224489796,4.0,6.0,2.0,500.0,500.0,500.0,500.0,225.0,0.5891891891891892,60.0,0.1277849383170687,0.0317121999978553,0.0149029000021982,0.0590251999965403,0.0009837533332756,1.0
test_002_1008,online,500.0,no_bounded_window,2,0.5517931609674729,0.0707256046705588,0.0256880733944954,0.4553794829024187,1.0039754007166048,0.5364175109921621,0.4921242124212421,0.06371976647206,5.0,3.0,-2.0,500.0,500.0,500.0,500.0,229.0,0.4827586206896552,60.0,0.0680562978799216,0.0398761999967973,0.0265464000112842,0.0749043000105302,0.0012484050001755,1.0
test_002_1009,online,500.0,no_bounded_window,2,0.3708312593330015,0.1012112161937945,0.0303633648581383,0.2392566782810685,0.749428827993623,0.3321813376702582,0.270782259861823,0.0919196947071511,3.0,4.0,1.0,500.0,500.0,500.0,500.0,224.0,0.7040816326530612,60.0,0.1012241914854741,0.0406091999902855,0.0166492999996989,0.0711783999868203,0.001186306666447,1.0
test_002_1010,online,500.0,no_bounded_window,2,0.2472413793103448,0.0703448275862069,0.031551724137931,0.1453448275862069,0.3014866102633818,0.2084479371316306,0.1198775317946302,0.0612068965517241,2.0,3.0,1.0,500.0,500.0,500.0,500.0,223.0,0.845771144278607,60.0,0.0651974288337924,0.0347849999961908,0.0181138000043574,0.0650291999918408,0.001083819999864,1.0
test_002_1011,online,500.0,no_bounded_window,2,0.3314268512944009,0.1587898856110776,0.0167068031306441,0.1559301625526791,0.6325263867638886,0.2422657952069716,0.2258417140358548,0.1547260686333534,5.0,3.0,-2.0,500.0,500.0,500.0,500.0,228.0,0.8103448275862069,60.0,0.1826923076923076,0.040468300023349,0.02094109999598,0.0749632000224664,0.0012493866670411,1.0
test_002_1012,online,500.0,no_bounded_window,2,0.3637692932575142,0.0797725426482534,0.0220958570268074,0.2619008935824533,0.5559590913389314,0.3169840353914214,0.2772486772486772,0.0776604386677498,5.0,6.0,1.0,500.0,500.0,500.0,500.0,232.0,0.7219512195121951,60.0,0.0841994010921261,0.0382997000124305,0.0149927999882493,0.0623249000054784,0.0010387483334246,1.0
test_002_1013,online,500.0,no_bounded_window,2,0.1691465708910552,0.0730289037113049,0.0307850179579271,0.0653326492218231,0.2432387957373482,0.1168548227371756,0.045631067961165,0.0682401231400718,2.0,2.0,0.0,500.0,500.0,500.0,500.0,224.0,0.9346733668341708,60.0,0.073237885462555,0.04416439999477,0.0248924999905284,0.0805693999864161,0.0013428233331069,1.0
test_002_1014,online,500.0,no_bounded_window,2,0.3006460162332284,0.0730495279112141,0.0296504886533046,0.1979459996687096,0.5403758663255338,0.237738026543566,0.1911567664135774,0.0694053337750538,4.0,4.0,0.0,500.0,500.0,500.0,500.0,231.0,0.8155339805825242,60.0,0.0745817016731933,0.0348604000173509,0.0173562999989371,0.0607717999955639,0.0010128633332593,1.0
test_002_1015,online,500.0,no_bounded_window,2,0.4210969044414536,0.0593876177658142,0.0225437415881561,0.3391655450874832,0.6826982915844184,0.4081942336874051,0.3369007803790412,0.0565275908479138,5.0,4.0,-1.0,500.0,500.0,500.0,500.0,229.0,0.6310679611650486,60.0,0.0599144079885877,0.0369690000079572,0.0173439000209327,0.0668665000121109,0.0011144416668685,1.0
test_002_1016,online,500.0,no_bounded_window,2,0.1889211831082236,0.073003932296119,0.0304325525730894,0.0854846982390152,0.2807232371119139,0.144003130502837,0.0737605804111245,0.0630877073003932,2.0,2.0,0.0,500.0,500.0,500.0,500.0,224.0,0.9187817258883249,60.0,0.0673357664233576,0.0380594999878667,0.0213553999783471,0.0672220999840647,0.0011203683330677,1.0
test_002_1017,online,500.0,no_bounded_window,2,0.4611612086695143,0.1037810473026419,0.0094921689606074,0.3478879924062648,0.8266800689259046,0.451549240181567,0.4308257674016429,0.0991931656383483,2.0,1.0,-1.0,500.0,500.0,500.0,500.0,229.0,0.5634517766497462,60.0,0.1101159114857745,0.0348149000201374,0.0150310999888461,0.0649229999980889,0.0010820499999681,1.0
test_002_1018,online,500.0,no_bounded_window,2,0.2864141084258654,0.0738079686479425,0.0209013716525146,0.1917047681254082,0.5606737836651857,0.2471612414837244,0.175168222270458,0.0685826257348138,3.0,3.0,0.0,500.0,500.0,500.0,500.0,232.0,0.7912621359223301,60.0,0.0736325385694249,0.0339229000092018,0.0191090000153053,0.0674037999997381,0.0011233966666623,1.0
test_002_1019,online,500.0,no_bounded_window,2,0.3616390584132519,0.0563208369659982,0.0327811682650392,0.2725370531822145,0.8443164163062347,0.3410005750431282,0.2657342657342657,0.0451612903225806,5.0,3.0,-2.0,500.0,500.0,500.0,500.0,224.0,0.7053140096618358,60.0,0.0472972972972973,0.0348683000192977,0.0230254000052809,0.0656652000034228,0.001094420000057,1.0
test_002_1020,online,500.0,no_bounded_window,2,0.2068745003996802,0.0864908073541167,0.0177458033573141,0.1026378896882494,0.2323868413521725,0.1409886516637815,0.0971958675943495,0.0844124700239808,4.0,6.0,2.0,500.0,500.0,500.0,500.0,233.0,0.8866995073891626,60.0,0.0921948664222105,0.03101930001867,0.025878799991915,0.0720891999953892,0.0012014866665898,1.0
test_002_1021,online,500.0,no_bounded_window,2,0.350145961725592,0.1110930911449886,0.0233538760947129,0.2156989944858903,0.3513174127684235,0.2126835236541598,0.2469160768452983,0.1023353876094712,4.0,8.0,4.0,500.0,500.0,500.0,500.0,225.0,0.8307692307692308,60.0,0.1140018066847335,0.0387204999860841,0.0161408999993,0.0631695000047329,0.0010528250000788,1.0
test_002_1022,online,500.0,no_bounded_window,2,0.3890410958904109,0.1269943593875906,0.0294923448831587,0.2325543916196615,0.76359208173162,0.2897496255082388,0.2979171542241984,0.1234488315874294,4.0,5.0,1.0,500.0,500.0,500.0,500.0,224.0,0.7595628415300546,60.0,0.1408347122632837,0.0322517000022344,0.0138029999798163,0.0570226999989245,0.0009503783333154,1.0
test_002_1023,online,500.0,no_bounded_window,2,0.3738083291520321,0.0546914199698946,0.0163907007860846,0.3027262083960528,1.0484237123400544,0.3211162790697674,0.2696462613852997,0.0505101187489546,4.0,4.0,0.0,500.0,500.0,500.0,500.0,230.0,0.7129186602870813,60.0,0.0531971111502554,0.0348362000077031,0.0300837999966461,0.0781694000179413,0.0013028233336323,1.0
test_002_1000,online,500.0,no_spawn,2,0.6377595533065783,0.0340254754842086,0.0286162973303088,0.5751177804920607,1.235680386103045,0.622838013762321,0.5776647594829413,0.0308846623625894,5.0,2.0,-3.0,500.0,500.0,500.0,500.0,228.0,0.4147465437788018,60.0,0.0318689232985235,0.036310700001195,0.0320778000168502,0.0777622000023257,0.0012960366667054,2.9078947368421053
test_002_1001,online,500.0,no_spawn,2,0.683635752688172,0.0829973118279569,0.0280577956989247,0.5725806451612904,1.1859756097560976,0.6602231964926265,0.6146657081236521,0.0784610215053763,4.0,1.0,-3.0,500.0,500.0,500.0,500.0,225.0,0.3794871794871794,60.0,0.0851412944393801,0.0360688999935518,0.0331028000218793,0.0775528000085614,0.0012925466668093,2.897777777777778
test_002_1002,online,500.0,no_spawn,2,0.4539671911617007,0.0984265148978908,0.031637094074322,0.3239035821894878,0.9510421366950104,0.4029578606158833,0.3509692132269099,0.0868764646802812,5.0,2.0,-3.0,500.0,500.0,500.0,500.0,223.0,0.6443298969072165,60.0,0.0951420714940421,0.0366715000127442,0.0273359999991953,0.0744162000191863,0.0012402700003197,2.8385650224215246
test_002_1003,online,500.0,no_spawn,2,0.7323509252912954,0.0623714873200822,0.0219328307059629,0.6480466072652502,1.2624113475177303,0.7210688196847367,0.7003601981089599,0.0543180260452364,5.0,1.0,-4.0,500.0,500.0,500.0,500.0,224.0,0.3103448275862069,60.0,0.0574379416560971,0.0356429999810643,0.028922199999215,0.0755492999742273,0.0012591549995704,2.892857142857143
test_002_1004,online,500.0,no_spawn,2,0.4927916120576671,0.1223787680209698,0.0234272608125819,0.3469855832241153,0.8539204030835084,0.4674883127921801,0.4460576278758097,0.1145150720838794,5.0,2.0,-3.0,500.0,500.0,500.0,500.0,220.0,0.5769230769230769,60.0,0.1293246993524514,0.0350976999907288,0.0355505000043194,0.082540000003064,0.0013756666667177,2.868181818181818
test_002_1005,online,500.0,no_spawn,2,0.5166694588708326,0.093147930976713,0.0271402244932149,0.3963813034009046,0.933709181831959,0.5061778407940044,0.471028971028971,0.0864466409783883,4.0,2.0,-2.0,500.0,500.0,500.0,500.0,223.0,0.5287958115183246,60.0,0.0946268109297634,0.0429614000022411,0.0238533000228926,0.074811900005443,0.0012468650000907,2.802690582959641
test_002_1006,online,500.0,no_spawn,2,0.4290478572619643,0.0763715190928797,0.0226780056695014,0.3299983324995831,0.7678939723267111,0.4112824516884638,0.3812343429742655,0.072869768217442,4.0,2.0,-2.0,500.0,500.0,500.0,500.0,227.0,0.6231155778894473,60.0,0.0785971223021582,0.0389309999882243,0.0226783000107388,0.069731600000523,0.001162193333342,2.881057268722467
test_002_1007,online,500.0,no_spawn,2,0.7221224489795919,0.1165714285714285,0.034938775510204,0.5706122448979591,1.2337069864442127,0.7441418619379354,0.697423887587822,0.1133061224489796,4.0,1.0,-3.0,500.0,500.0,500.0,500.0,225.0,0.2702702702702703,60.0,0.1277849383170687,0.0355879999988246,0.0221502000058535,0.0709109000163152,0.0011818483336052,2.813333333333333
test_002_1008,online,500.0,no_spawn,2,0.5190992493744787,0.0707256046705588,0.0256880733944954,0.4226855713094245,0.9188639856515765,0.5140508506977634,0.4689468946894689,0.06371976647206,5.0,2.0,-3.0,500.0,500.0,500.0,500.0,229.0,0.5221674876847291,60.0,0.0680562978799216,0.0417346999747678,0.0292032999859657,0.0790815999789629,0.001318026666316,2.8558951965065504
test_002_1009,online,500.0,no_spawn,2,0.5083789613406338,0.1012112161937945,0.0303633648581383,0.3768043802887008,0.9274861154773132,0.4616792030900589,0.419211054156452,0.0919196947071511,3.0,1.0,-2.0,500.0,500.0,500.0,500.0,224.0,0.5816326530612245,60.0,0.1012241914854741,0.0328873000107705,0.0318288000125903,0.0734384000243153,0.0012239733337385,2.8392857142857144
test_002_1010,online,500.0,no_spawn,2,0.1593103448275862,0.0703448275862069,0.031551724137931,0.0574137931034482,0.1820003272741645,0.1117878192534381,0.0463966085727743,0.0612068965517241,2.0,3.0,1.0,500.0,500.0,500.0,500.0,223.0,0.9353233830845772,60.0,0.0651974288337924,0.0368045000068377,0.0230061000038404,0.0736376999993808,0.0012272949999896,2.878923766816144
test_002_1011,online,500.0,no_spawn,2,0.6992775436484046,0.1587898856110776,0.0167068031306441,0.5237808549066827,1.1405405405405404,0.6891067538126362,0.6598163533012681,0.1547260686333534,5.0,1.0,-4.0,500.0,500.0,500.0,500.0,228.0,0.2816091954022988,60.0,0.1826923076923076,0.0437977999972645,0.0216973000206053,0.0751709000323899,0.0012528483338731,2.912280701754386
test_002_1012,online,500.0,no_spawn,2,0.6568643379366369,0.0797725426482534,0.0220958570268074,0.554995938261576,1.115347191508182,0.6285824196960954,0.6082539682539683,0.0776604386677498,5.0,1.0,-4.0,500.0,500.0,500.0,500.0,232.0,0.4097560975609756,60.0,0.0841994010921261,0.0347366999776568,0.0307853000122122,0.0735260999936144,0.0012254349998935,2.913793103448276
test_002_1013,online,500.0,no_spawn,2,0.4677612450829485,0.0730289037113049,0.0307850179579271,0.3639473234137164,0.850954256285974,0.4626658744305803,0.4089805825242718,0.0682401231400718,2.0,1.0,-1.0,500.0,500.0,500.0,500.0,224.0,0.5778894472361809,60.0,0.073237885462555,0.0386969999817665,0.0215350000071339,0.0741536999994423,0.0012358949999907,2.8973214285714284
test_002_1014,online,500.0,no_spawn,2,0.7031638230909392,0.0730495279112141,0.0296504886533046,0.6004638065264204,1.2312058526740666,0.7057126370455857,0.6491737382760161,0.0694053337750538,4.0,1.0,-3.0,500.0,500.0,500.0,500.0,231.0,0.3252427184466019,60.0,0.0745817016731933,0.0335848999966401,0.0297754000057466,0.0758772999979555,0.0012646216666325,2.913419913419913
test_002_1015,online,500.0,no_spawn,2,0.5773889636608345,0.0593876177658142,0.0225437415881561,0.4954576043068641,0.9590655831917988,0.5654400606980273,0.5130434782608696,0.0565275908479138,5.0,2.0,-3.0,500.0,500.0,500.0,500.0,229.0,0.4660194174757281,60.0,0.0599144079885877,0.0392893000098411,0.0331240999803412,0.0804510000161826,0.0013408500002697,2.908296943231441
test_002_1016,online,500.0,no_spawn,2,0.1436142930415455,0.073003932296119,0.0304325525730894,0.0401778081723371,0.1930459479753488,0.0921541772647231,0.0413542926239419,0.0630877073003932,2.0,2.0,0.0,500.0,500.0,500.0,500.0,224.0,0.9593908629441624,60.0,0.0673357664233576,0.0506592000019736,0.054465599998366,0.1228092999954242,0.0020468216665904,2.84375
test_002_1017,online,500.0,no_spawn,2,0.4611612086695143,0.1037810473026419,0.0094921689606074,0.3478879924062648,0.8266800689259046,0.451549240181567,0.4308257674016429,0.0991931656383483,2.0,1.0,-1.0,500.0,500.0,500.0,500.0,229.0,0.5634517766497462,60.0,0.1101159114857745,0.0486295000009704,0.0524717999796848,0.1152450999943539,0.0019207516665725,2.921397379912664
test_002_1018,online,500.0,no_spawn,2,0.484323971260614,0.0738079686479425,0.0209013716525146,0.3896146309601567,0.921925566343042,0.4731264193792581,0.4195789016713696,0.0685826257348138,3.0,1.0,-2.0,500.0,500.0,500.0,500.0,232.0,0.5533980582524272,60.0,0.0736325385694249,0.0472108999965712,0.0545889000059105,0.1194204000057652,0.001990340000096,2.913793103448276
test_002_1019,online,500.0,no_spawn,2,0.5459459459459459,0.0563208369659982,0.0327811682650392,0.4568439407149084,1.0011461318051578,0.5436074372244585,0.4793593503270922,0.0451612903225806,5.0,1.0,-4.0,500.0,500.0,500.0,500.0,224.0,0.4927536231884058,60.0,0.0472972972972973,0.0498921000107657,0.0403517000086139,0.1064558000362012,0.0017742633339366,2.8973214285714284
test_002_1020,online,500.0,no_spawn,2,0.4610711430855316,0.0864908073541167,0.0177458033573141,0.3568345323741007,0.8533538379428791,0.4170032698595883,0.4092346616065781,0.0844124700239808,4.0,2.0,-2.0,500.0,500.0,500.0,500.0,233.0,0.6009852216748769,60.0,0.0921948664222105,0.053169999999227,0.0382538999838288,0.1086924999835901,0.0018115416663931,2.939914163090129
test_002_1021,online,500.0,no_spawn,2,0.4570223807979241,0.1110930911449886,0.0233538760947129,0.3225754135582225,0.8607918239413468,0.4143556280587275,0.3852376137512639,0.1023353876094712,4.0,2.0,-2.0,500.0,500.0,500.0,500.0,225.0,0.6205128205128205,60.0,0.1140018066847335,0.0377410999790299,0.03757190000033,0.0900536999979522,0.0015008949999658,2.8177777777777777
test_002_1022,online,500.0,no_spawn,2,0.6309427880741337,0.1269943593875906,0.0294923448831587,0.4744560838033844,1.0661140315406388,0.5953349026321421,0.557687807161245,0.1234488315874294,4.0,1.0,-3.0,500.0,500.0,500.0,500.0,224.0,0.4590163934426229,60.0,0.1408347122632837,0.0452756999875418,0.0359919999900739,0.095744399994146,0.0015957399999024,2.861607142857143
test_002_1023,online,500.0,no_spawn,2,0.3149356079611975,0.0546914199698946,0.0163907007860846,0.2438534872052182,0.7934202904431603,0.2680930232558139,0.2279178140224528,0.0505101187489546,4.0,2.0,-2.0,500.0,500.0,500.0,500.0,230.0,0.7607655502392344,60.0,0.0531971111502554,0.0345597999985329,0.02488379998249,0.0728339999623131,0.0012138999993718,2.88695652173913
test_002_1000,online,500.0,no_momentum,2,0.5761647181992672,0.0340254754842086,0.0286162973303088,0.5135229453847496,1.3641404043486975,0.566858843221127,0.5068870523415978,0.0308846623625894,5.0,4.0,-1.0,500.0,500.0,500.0,500.0,228.0,0.4608294930875576,60.0,0.0318689232985235,0.0408666000002995,0.0310577000200282,0.0842479999992065,0.0014041333333201,2.9078947368421053
test_002_1001,online,500.0,no_momentum,2,0.5075604838709677,0.0829973118279569,0.0280577956989247,0.396505376344086,0.9186739241113684,0.4962136309286568,0.4287083632878025,0.0784610215053763,4.0,4.0,0.0,500.0,500.0,500.0,500.0,225.0,0.5435897435897435,60.0,0.0851412944393801,0.0448239999823272,0.0327520999999251,0.0917462999932468,0.0015291049998874,2.897777777777778
test_002_1002,online,500.0,no_momentum,2,0.5935721459658521,0.0984265148978908,0.031637094074322,0.4635085369936391,1.1661704195689897,0.5707050243111832,0.507411630558723,0.0868764646802812,5.0,6.0,1.0,500.0,500.0,500.0,500.0,223.0,0.4587628865979381,60.0,0.0951420714940421,0.0388632000249344,0.0235334000026341,0.0710294000455178,0.0011838233340919,2.8385650224215246
test_002_1003,online,500.0,no_momentum,2,0.5639136394790952,0.0623714873200822,0.0219328307059629,0.47960932145305,1.1041756163458292,0.5594002306805075,0.5294912201710941,0.0543180260452364,5.0,2.0,-3.0,500.0,500.0,500.0,500.0,224.0,0.4778325123152709,60.0,0.0574379416560971,0.0376129999931436,0.0224375999823678,0.072980999975698,0.0012163499995949,2.892857142857143
test_002_1004,online,500.0,no_momentum,2,0.4613368283093054,0.1223787680209698,0.0234272608125819,0.3155307994757536,0.7978925322511181,0.4266893327666808,0.4134465043555952,0.1145150720838794,5.0,3.0,-2.0,500.0,500.0,500.0,500.0,220.0,0.6208791208791209,60.0,0.1293246993524514,0.035674899991136,0.0291703999973833,0.0750705999962519,0.0012511766666041,2.868181818181818
test_002_1005,online,500.0,no_momentum,2,0.3645501759088624,0.093147930976713,0.0271402244932149,0.2442620204389345,0.4397979473813447,0.2975491188981162,0.21003996003996,0.0864466409783883,4.0,8.0,4.0,500.0,500.0,500.0,500.0,223.0,0.7539267015706806,60.0,0.0946268109297634,0.0432311000186018,0.0359097000036854,0.0868896000320091,0.0014481600005334,2.802690582959641
test_002_1006,online,500.0,no_momentum,2,0.4320493580123395,0.0763715190928797,0.0226780056695014,0.3329998332499583,0.8632181849688,0.4134296310755416,0.3744021862901389,0.072869768217442,4.0,4.0,0.0,500.0,500.0,500.0,500.0,227.0,0.6130653266331658,60.0,0.0785971223021582,0.0342338999907951,0.0266551000240724,0.071623100026045,0.0011937183337674,2.881057268722467
test_002_1007,online,500.0,no_momentum,2,0.5302857142857142,0.1165714285714285,0.034938775510204,0.3787755102040816,0.7736255891771961,0.4450073886426008,0.4079625292740046,0.1133061224489796,4.0,8.0,4.0,500.0,500.0,500.0,500.0,225.0,0.6162162162162163,60.0,0.1277849383170687,0.0398157000017818,0.0270722999994177,0.0750728000130038,0.00125121333355,2.813333333333333
test_002_1008,online,500.0,no_momentum,2,0.5376146788990825,0.0707256046705588,0.0256880733944954,0.4412010008340283,1.1036438888891342,0.4901548461097305,0.4462196219621962,0.06371976647206,5.0,5.0,0.0,500.0,500.0,500.0,500.0,229.0,0.5615763546798029,60.0,0.0680562978799216,0.0302630000223871,0.0267528000113088,0.0717403000162448,0.0011956716669374,2.8558951965065504
test_002_1009,online,500.0,no_momentum,2,0.4566119130579061,0.1012112161937945,0.0303633648581383,0.3250373320059731,0.6007332856069486,0.3893067696686318,0.3376420771116559,0.0919196947071511,3.0,7.0,4.0,500.0,500.0,500.0,500.0,224.0,0.6530612244897959,60.0,0.1012241914854741,0.0380607999977655,0.0368910999968647,0.0825824000057764,0.0013763733334296,2.8392857142857144
test_002_1010,online,500.0,no_momentum,2,0.3489655172413793,0.0703448275862069,0.031551724137931,0.2470689655172414,0.4501339693960486,0.3082514734774066,0.238341968911917,0.0612068965517241,2.0,4.0,2.0,500.0,500.0,500.0,500.0,223.0,0.7412935323383084,60.0,0.0651974288337924,0.0388326999964192,0.0235979999997653,0.0707312999875284,0.0011788549997921,2.878923766816144
test_002_1011,online,500.0,no_momentum,2,0.4300120409391932,0.1587898856110776,0.0167068031306441,0.2545153521974714,0.7498003440088518,0.3895424836601307,0.3454306952339309,0.1547260686333534,5.0,4.0,-1.0,500.0,500.0,500.0,500.0,228.0,0.6551724137931034,60.0,0.1826923076923076,0.03579609998269,0.0273751000058837,0.0765521999855991,0.0012758699997599,2.912280701754386
test_002_1012,online,500.0,no_momentum,2,0.2497156783103168,0.0797725426482534,0.0220958570268074,0.1478472786352559,0.3807967756234103,0.1856126178111175,0.1303703703703703,0.0776604386677498,5.0,6.0,1.0,500.0,500.0,500.0,500.0,232.0,0.848780487804878,60.0,0.0841994010921261,0.043314000009559,0.0557414999930188,0.112261899979785,0.0018710316663297,2.913793103448276
test_002_1013,online,500.0,no_momentum,2,0.1749615187275525,0.0730289037113049,0.0307850179579271,0.0711475970583205,0.2499004086695145,0.1235888294711824,0.0817961165048543,0.0682401231400718,2.0,2.0,0.0,500.0,500.0,500.0,500.0,224.0,0.9195979899497488,60.0,0.073237885462555,0.052291600004537,0.0223047999897971,0.0893689999938942,0.0014894833332315,2.8973214285714284
test_002_1014,online,500.0,no_momentum,2,0.4722544310087792,0.0730495279112141,0.0296504886533046,0.3695544144442604,0.9519281907248728,0.4096941719561454,0.3838767306833407,0.0694053337750538,4.0,4.0,0.0,500.0,500.0,500.0,500.0,231.0,0.6310679611650486,60.0,0.0745817016731933,0.0343223999952897,0.0335087999992538,0.0779166999855078,0.0012986116664251,2.913419913419913
test_002_1015,online,500.0,no_momentum,2,0.4752691790040377,0.0593876177658142,0.0225437415881561,0.3933378196500673,1.1865804073042896,0.4658573596358118,0.3921962095875139,0.0565275908479138,5.0,5.0,0.0,500.0,500.0,500.0,500.0,229.0,0.5679611650485437,60.0,0.0599144079885877,0.0377920999890193,0.0332127000147011,0.0799277999904006,0.00133212999984,2.908296943231441
test_002_1016,online,500.0,no_momentum,2,0.5908702342280732,0.073003932296119,0.0304325525730894,0.4874337493588647,0.5700252994336118,0.5427509293680297,0.475695284159613,0.0630877073003932,2.0,5.0,3.0,500.0,500.0,500.0,500.0,224.0,0.5076142131979695,60.0,0.0673357664233576,0.0348271999973803,0.0276372999942395,0.0703753999841865,0.0011729233330697,2.84375
test_002_1017,online,500.0,no_momentum,2,0.4916943521594684,0.1037810473026419,0.0094921689606074,0.3784211358962189,0.8730666686359012,0.4896388395500296,0.4842196281884998,0.0991931656383483,2.0,2.0,0.0,500.0,500.0,500.0,500.0,229.0,0.5279187817258884,60.0,0.1101159114857745,0.037604499986628,0.0374286000151187,0.0869371000153478,0.0014489516669224,2.921397379912664
test_002_1018,online,500.0,no_momentum,2,0.475342913128674,0.0738079686479425,0.0209013716525146,0.3806335728282168,0.9120666721518292,0.4627176381529144,0.4202300846537877,0.0685826257348138,3.0,4.0,1.0,500.0,500.0,500.0,500.0,232.0,0.5631067961165048,60.0,0.0736325385694249,0.0386681999952998,0.0544998999976087,0.1034991999913472,0.0017249866665224,2.913793103448276
test_002_1019,online,500.0,no_momentum,2,0.4805579773321708,0.0563208369659982,0.0327811682650392,0.3914559721011333,0.9806048690030328,0.4717270461951313,0.4405594405594406,0.0451612903225806,5.0,3.0,-2.0,500.0,500.0,500.0,500.0,224.0,0.5652173913043478,60.0,0.0472972972972973,0.0488290999783203,0.0258734000090044,0.0895030999963637,0.0014917183332727,2.8973214285714284
test_002_1020,online,500.0,no_momentum,2,0.3493205435651478,0.0864908073541167,0.0177458033573141,0.245083932853717,0.5178180768854698,0.2921715714560492,0.2667088340712629,0.0844124700239808,4.0,5.0,1.0,500.0,500.0,500.0,500.0,233.0,0.7438423645320197,60.0,0.0921948664222105,0.0386407999903894,0.0389305000135209,0.0880725000170059,0.0014678750002834,2.939914163090129
test_002_1021,online,500.0,no_momentum,2,0.3396042815439506,0.1110930911449886,0.0233538760947129,0.2051573143042491,0.3492622343230488,0.2292006525285481,0.2560161779575328,0.1023353876094712,4.0,12.0,8.0,500.0,500.0,500.0,500.0,225.0,0.8,60.0,0.1140018066847335,0.04058420000365,0.0311231999949086,0.0803831999946851,0.0013397199999114,2.8177777777777777
test_002_1022,online,500.0,no_momentum,2,0.5767929089443997,0.1269943593875906,0.0294923448831587,0.4203062046736502,1.2121209208382693,0.5381981596404879,0.533114907559092,0.1234488315874294,4.0,6.0,2.0,500.0,500.0,500.0,500.0,224.0,0.4754098360655737,60.0,0.1408347122632837,0.0367805999994743,0.0367356000060681,0.0842388999881222,0.0014039816664687,2.861607142857143
test_002_1023,online,500.0,no_momentum,2,0.4582706138150192,0.0546914199698946,0.0163907007860846,0.3871884930590399,0.8594027468868807,0.4355348837209302,0.3956788815928828,0.0505101187489546,4.0,5.0,1.0,500.0,500.0,500.0,500.0,230.0,0.5933014354066986,60.0,0.0531971111502554,0.0416720999928657,0.0356840000022202,0.0914083000097889,0.0015234716668298,2.88695652173913
test_002_1000,online,500.0,noncausal,2,0.36799860408305707,0.034025475484208687,0.028616297330308845,0.3053568312685395,0.7645083830555871,0.35093918541937885,0.2871371053189235,0.030884662362589427,5.0,4.0,-1.0,500.0,500.0,500.0,500.0,228.0,0.6820276497695853,60.0,0.03186892329852359,0.043666599987773225,0.030532000004313886,0.08394689997658134,0.001399114999609689,2.9078947368421053
test_002_1001,online,500.0,noncausal,2,0.4075940860215054,0.08299731182795698,0.02805779569892473,0.29653897849462363,0.6017278007463212,0.38441610203268234,0.3386053199137311,0.07846102150537634,4.0,5.0,1.0,500.0,500.0,500.0,500.0,225.0,0.6358974358974359,60.0,0.08514129443938012,0.03588179999496788,0.03232120000757277,0.07739789999322966,0.001289964999887161,2.8933333333333335
test_002_1002,online,500.0,noncausal,2,0.3068295949112822,0.09842651489789087,0.03163709407432206,0.1767659859390693,0.6264707924692383,0.2295380875202593,0.1790193842645382,0.08687646468028122,5.0,7.0,2.0,500.0,500.0,500.0,500.0,223.0,0.8144329896907216,60.0,0.09514207149404216,0.03463689997442998,0.02990890000364743,0.07950879997224547,0.0013251466662040912,2.8430493273542603
test_002_1003,online,500.0,noncausal,2,0.4473954763536669,0.06237148732008225,0.02193283070596299,0.3630911583276217,0.9114413516000784,0.4211841599384852,0.37257991895542547,0.054318026045236466,5.0,3.0,-2.0,500.0,500.0,500.0,500.0,224.0,0.6059113300492611,60.0,0.05743794165609712,0.04047909998917021,0.021596200007479638,0.07139349999488331,0.0011898916665813886,2.892857142857143
test_002_1004,online,500.0,noncausal,2,0.48541939711664484,0.12237876802096985,0.023427260812581913,0.3396133682830931,0.8510755461423953,0.4579260518487038,0.4382398927853473,0.11451507208387943,5.0,3.0,-2.0,500.0,500.0,500.0,500.0,220.0,0.5879120879120879,60.0,0.12932469935245144,0.03536300000268966,0.026593799993861467,0.07178870000643656,0.0011964783334406093,2.868181818181818
test_002_1005,online,500.0,noncausal,2,0.3261852906684537,0.09314793097671302,0.027140224493214946,0.2058971351985257,0.33674251659095333,0.21186955641077576,0.11313686313686314,0.08644664097838833,4.0,8.0,4.0,500.0,500.0,500.0,500.0,223.0,0.8586387434554974,60.0,0.09462681092976344,0.04055340000195429,0.032567799993557855,0.08085790000041015,0.0013476316666735026,2.7937219730941703
test_002_1006,online,500.0,noncausal,2,0.1935967983991996,0.07637151909287977,0.022678005669501417,0.0945472736368184,0.3260041562384357,0.12844036697247707,0.07697563197449328,0.07286976821744205,4.0,5.0,1.0,500.0,500.0,500.0,500.0,227.0,0.9045226130653267,60.0,0.07859712230215828,0.04400409999652766,0.03925329999765381,0.09137819998431951,0.0015229699997386585,2.8898678414096914
test_002_1007,online,500.0,noncausal,2,0.4310204081632653,0.11657142857142858,0.03493877551020408,0.27951020408163263,0.6420013930054703,0.30757863626767995,0.2903981264637002,0.1133061224489796,4.0,5.0,1.0,500.0,500.0,500.0,500.0,225.0,0.7513513513513513,60.0,0.1277849383170687,0.03321640001377091,0.0334683999826666,0.07461910002166405,0.0012436516670277342,2.8177777777777777
test_002_1008,online,500.0,noncausal,2,0.5426188490408674,0.0707256046705588,0.025688073394495414,0.4462051709758132,0.942811583093321,0.5048747849359587,0.4858235823582358,0.06371976647206005,5.0,3.0,-2.0,500.0,500.0,500.0,500.0,229.0,0.5024630541871922,60.0,0.06805629787992161,0.03837920000660233,0.03061599997454323,0.07725509998272173,0.001287584999712029,2.8427947598253276
test_002_1009,online,500.0,noncausal,2,0.23958851833416292,0.10121121619379458,0.030363364858138377,0.10801393728222997,0.25570149621282495,0.15450294775360846,0.12346779585469134,0.09191969470715115,3.0,4.0,1.0,500.0,500.0,500.0,500.0,224.0,0.8928571428571429,60.0,0.10122419148547415,0.04425800000899471,0.027083399996627122,0.08222770001157187,0.0013704616668595313,2.825892857142857
test_002_1010,online,500.0,noncausal,2,0.14206896551724138,0.0703448275862069,0.03155172413793104,0.04017241379310345,0.16216287097997928,0.09214145383104126,0.02920395666509656,0.061206896551724135,2.0,3.0,1.0,500.0,500.0,500.0,500.0,223.0,0.9552238805970149,60.0,0.06519742883379247,0.040573200007202104,0.05150639999192208,0.10730279999552295,0.0017883799999253824,2.874439461883408
test_002_1011,online,500.0,noncausal,2,0.36800120409391934,0.15878988561107765,0.01670680313064419,0.19250451535219748,0.7508980928480007,0.25119825708061,0.2625710537822475,0.1547260686333534,5.0,5.0,0.0,500.0,500.0,500.0,500.0,228.0,0.7988505747126436,60.0,0.18269230769230768,0.04934179998235777,0.06775240000570193,0.13364659997751005,0.002227443332958501,2.9166666666666665
test_002_1012,online,500.0,noncausal,2,0.3514216084484159,0.07977254264825345,0.022095857026807473,0.249553208773355,0.49042754631166596,0.3000577034045009,0.25756613756613755,0.0776604386677498,5.0,9.0,4.0,500.0,500.0,500.0,500.0,232.0,0.7365853658536585,60.0,0.08419940109212612,0.12616889999480918,0.06256740001845174,0.20839550002710894,0.003473258333785149,2.913793103448276
test_002_1013,online,500.0,noncausal,2,0.12142979305626816,0.07302890371130494,0.03078501795792714,0.017615871387036085,0.14111139641323667,0.06159635571400277,0.024514563106796117,0.06824012314007183,2.0,2.0,0.0,500.0,500.0,500.0,500.0,224.0,0.9849246231155779,60.0,0.07323788546255507,0.045989800011739135,0.053150399995502084,0.11669979998259805,0.0019449966663766343,2.8973214285714284
test_002_1014,online,500.0,noncausal,2,0.21881729335762795,0.07304952791121418,0.02965048865330462,0.11611727679310917,0.3632529825240639,0.14002692825543372,0.10696739615899956,0.06940533377505384,4.0,4.0,0.0,500.0,500.0,500.0,500.0,231.0,0.912621359223301,60.0,0.0745817016731933,0.05179389999830164,0.05202089998056181,0.12085299997124821,0.0020142166661874703,2.9177489177489178
test_002_1015,online,500.0,noncausal,2,0.24024226110363392,0.05938761776581427,0.022543741588156124,0.15831090174966353,0.4270210603830277,0.20428679817905918,0.14782608695652175,0.05652759084791386,5.0,5.0,0.0,500.0,500.0,500.0,500.0,229.0,0.8349514563106796,60.0,0.05991440798858773,0.05106339999474585,0.05377490000682883,0.12372609999147244,0.0020621016665245406,2.9170305676855897
test_002_1016,online,500.0,noncausal,2,0.174046845614635,0.073003932296119,0.030432552573089418,0.07061036074542656,0.16856868264405672,0.11602426139698689,0.052237001209189844,0.06308770730039323,2.0,3.0,1.0,500.0,500.0,500.0,500.0,224.0,0.9441624365482234,60.0,0.06733576642335766,0.054319299990311265,0.0519761000177823,0.12399050002568401,0.0020665083337614003,2.8526785714285716
test_002_1017,online,500.0,noncausal,2,0.17054263565891473,0.10378104730264198,0.009492168960607499,0.057269419395665246,0.23064938811770652,0.08900730215117426,0.0940337224383917,0.09919316563834836,2.0,2.0,0.0,500.0,500.0,500.0,500.0,229.0,0.9289340101522843,60.0,0.1101159114857745,0.08508189997519366,0.04866780000156723,0.15217799998936243,0.0025362999998227074,2.921397379912664
test_002_1018,online,500.0,noncausal,2,0.30845852384062705,0.07380796864794252,0.020901371652514697,0.21374918354016983,0.5366833964127037,0.24716124148372445,0.18363360104189277,0.06858262573481384,3.0,4.0,1.0,500.0,500.0,500.0,500.0,232.0,0.7864077669902912,60.0,0.07363253856942496,0.05231800000183284,0.0490249999857042,0.11837459998787381,0.001972909999797897,2.913793103448276
test_002_1019,online,500.0,noncausal,2,0.36931124673060156,0.05632083696599826,0.03278116826503923,0.28020924149956405,0.845892221794292,0.3551849722062488,0.2756598240469208,0.04516129032258064,5.0,3.0,-2.0,500.0,500.0,500.0,500.0,224.0,0.6811594202898551,60.0,0.0472972972972973,0.051424199977191165,0.04922590000205673,0.11800019998918287,0.0019666699998197147,2.8973214285714284
test_002_1020,online,500.0,noncausal,2,0.17617905675459633,0.08649080735411671,0.017745803357314148,0.07194244604316546,0.1694229824305129,0.08097711098288132,0.06725701033101412,0.08441247002398082,4.0,7.0,3.0,500.0,500.0,500.0,500.0,233.0,0.9458128078817734,60.0,0.09219486642221059,0.052067400014493614,0.048576700006378815,0.11740990000544116,0.0019568316667573525,2.9313304721030042
test_002_1021,online,500.0,noncausal,2,0.2963023029516704,0.11109309114498865,0.02335387609471294,0.16185533571196886,0.28764439151169113,0.15477161500815662,0.19352881698685542,0.10233538760947129,4.0,10.0,6.0,500.0,500.0,500.0,500.0,225.0,0.8871794871794871,60.0,0.11400180668473352,0.04743779997806996,0.03915769999730401,0.10201779997441918,0.0017002966662403197,2.8044444444444445
test_002_1022,online,500.0,noncausal,2,0.3571313456889605,0.12699435938759066,0.029492344883158744,0.20064464141821112,0.6620296617266042,0.2537984164348384,0.26866370231687337,0.12344883158742949,4.0,5.0,1.0,500.0,500.0,500.0,500.0,224.0,0.7814207650273224,60.0,0.1408347122632837,0.05270529998233542,0.04196239999146201,0.10757579997880384,0.0017929299996467308,2.861607142857143
test_002_1023,online,500.0,noncausal,2,0.34203043987288845,0.05469141996989463,0.01639070078608463,0.2709483191169092,0.9580122621314382,0.2906046511627907,0.23300148273670832,0.050510118748954676,4.0,4.0,0.0,500.0,500.0,500.0,500.0,230.0,0.7368421052631579,60.0,0.05319711115025542,0.04302859999006614,0.04158720001578331,0.09472940000705421,0.0015788233334509034,2.891304347826087
