recording,method,latency_budget_ms,seed,budget_windows,der,miss,false_alarm,confusion,jer,der_no_overlap,der_collar250ms,overlap_miss_floor,n_speakers_true,n_speakers_pred,speaker_count_error,latency_median_ms,latency_p95_ms,latency_max_ms,latency_first_ms,n_decisions,turn_accuracy,duration_s,overlap_fraction,embed_s,cluster_s,total_s,rtf,extra_mean_query_size
test_000_1000,online,0.0,0,0,0.2417915473985519,0.0756019531907728,0.0227310995117023,0.1434584946960767,0.4385163032226868,0.2011303839407522,0.1474694589877836,0.0680249200202054,3.0,3.0,0.0,0.0,0.0,0.0,0.0,225.0,0.8442211055276382,60.0,0.0729900632339656,0.7959976000129245,0.0283219999982975,0.8395038000307977,0.0139917300005132,1.0
test_000_1001,online,0.0,0,0,0.4750542299349241,0.064172089660159,0.0448300795372378,0.3660520607375271,0.5418199130586355,0.4457442517144009,0.3288608981380065,0.051879971077368,3.0,5.0,2.0,0.0,0.0,0.0,0.0,217.0,0.6212121212121212,60.0,0.0547187797902764,0.1075804999854881,0.0293084000004455,0.1530274999677203,0.0025504583327953,1.0
test_000_1002,online,0.0,0,0,0.4270724029380902,0.0431969220006995,0.0269324938789786,0.356942987058412,0.766865893973265,0.4095005632745024,0.3540260908681961,0.0342777194823364,3.0,3.0,0.0,0.0,0.0,0.0,0.0,225.0,0.638095238095238,60.0,0.0354943860919956,0.1112550999969244,0.0608552999910898,0.2062126999662723,0.0034368783327712,1.0
test_000_1003,online,0.0,0,0,0.333567046450482,0.0255915863277826,0.024715162138475,0.2832602979842243,0.6311831846440615,0.3078758949880668,0.2606971404717178,0.0226117440841367,5.0,5.0,0.0,0.0,0.0,0.0,0.0,228.0,0.7214611872146118,60.0,0.0231348637015781,0.4299712999782059,0.0434476000082213,0.5017279000021517,0.0083621316667025,1.0
test_000_1004,online,0.0,0,0,0.4708121827411167,0.1153236040609137,0.0115799492385786,0.3439086294416243,0.8612895459791441,0.4470468431771894,0.4358644358644358,0.1105647208121827,4.0,3.0,-1.0,0.0,0.0,0.0,0.0,226.0,0.5638297872340425,60.0,0.1243088995897984,0.5809023000183515,0.0346371000050567,0.6473399000242352,0.0107889983337372,1.0
test_000_1005,online,0.0,0,0,0.2711027910142954,0.0660313138189244,0.0233151803948264,0.1817562968005446,0.5616339802658372,0.2386407025582283,0.1640748253324318,0.05428863172226,5.0,4.0,-1.0,0.0,0.0,0.0,0.0,225.0,0.8118811881188119,60.0,0.057405074680583,0.3247655000013765,0.0871743000170681,0.4255249000270851,0.007092081667118,1.0
test_000_1006,online,0.0,0,0,0.3032937635846848,0.0822604915565958,0.018558769436549,0.2024745025915398,0.5314511182102462,0.2645616787605412,0.1776253547776726,0.0737334893830463,5.0,4.0,-1.0,0.0,0.0,0.0,0.0,224.0,0.7731958762886598,60.0,0.0796028880866425,0.8805081000027712,0.0956347000028472,0.9945362000144088,0.0165756033335734,1.0
test_000_1007,online,0.0,0,0,0.4520500943558072,0.0718819694630296,0.0283067421513124,0.3518613827414651,0.5574352601278865,0.4435022677972786,0.3744493392070485,0.0650197289414994,2.0,4.0,2.0,0.0,0.0,0.0,0.0,223.0,0.585,60.0,0.0695412844036697,1.4035287000006065,0.0615800000086892,1.4815566000179388,0.0246926100002989,1.0
test_000_1008,online,0.0,0,0,0.1712506486766995,0.0477426050856253,0.0164331430548348,0.1070749005362394,0.2844061168810773,0.1424270931326434,0.0857267188859878,0.0403044455976474,2.0,2.0,0.0,0.0,0.0,0.0,0.0,224.0,0.8851674641148325,60.0,0.0419971160778658,0.9613607000210322,0.0426556000020355,1.0190064000198618,0.016983440000331,1.0
test_000_1009,online,0.0,0,0,0.5150490906164494,0.0928697891517785,0.0143248028327699,0.4078544986319009,0.9551746992196444,0.4787337347057681,0.4540091763163644,0.0856269113149847,3.0,2.0,-1.0,0.0,0.0,0.0,0.0,229.0,0.5440414507772021,60.0,0.0936454849498327,0.8281618000182789,0.0782920999918133,0.9292432999936864,0.0154873883332281,1.0
test_000_1010,online,0.0,0,0,0.4136665501572876,0.0527787486892694,0.018350227193289,0.3425375742747291,0.7089936693526511,0.4059405940594059,0.3735122267907379,0.0410695560992659,5.0,4.0,-1.0,0.0,0.0,0.0,0.0,221.0,0.6231884057971014,60.0,0.0428285037361035,0.6645263999816962,0.0504133999929763,0.7325507999630645,0.0122091799993844,1.0
test_000_1011,online,0.0,0,0,0.2471098265895953,0.0855812459858702,0.0208734746307,0.140655105973025,0.6880291074247084,0.1581986143187067,0.1716178241670012,0.0828516377649325,3.0,3.0,0.0,0.0,0.0,0.0,0.0,233.0,0.8725490196078431,60.0,0.0903361344537815,0.0634957000147551,0.028261300001759,0.1078415000229142,0.0017973583337152,1.0
test_000_1012,online,0.0,0,0,0.5210148250038209,0.1242549289316827,0.0221610881858474,0.3745988078862907,0.8962951715760705,0.5277161862527716,0.4891041162227603,0.1208925569310713,2.0,1.0,-1.0,0.0,0.0,0.0,0.0,235.0,0.5106382978723404,60.0,0.1375173852573018,0.046841300005326,0.0493276000197511,0.1113235000229906,0.0018553916670498,1.0
test_000_1013,online,0.0,0,0,0.313474194665743,0.0481468652580533,0.0223415310010391,0.2429857984066505,0.6251963710698937,0.2916190476190476,0.2339965397923875,0.0453758226532732,5.0,3.0,-2.0,0.0,0.0,0.0,0.0,225.0,0.7307692307692307,60.0,0.047532656023222,0.0600494999962393,0.0275018000102136,0.1035317000059876,0.0017255283334331,1.0
test_000_1014,online,0.0,0,0,0.3140771306141882,0.0968100301539438,0.0172988414537375,0.1999682590065069,0.6259881109974905,0.2338678138443488,0.1876142595978062,0.094588160609427,5.0,4.0,-1.0,0.0,0.0,0.0,0.0,232.0,0.8134715025906736,60.0,0.1035933391761612,0.0496761999966111,0.0476959999941755,0.1136108999780844,0.0018935149996347,1.0
test_000_1015,online,0.0,0,0,0.1991849210392256,0.0485651214128035,0.0249617931737137,0.1256580064527084,0.2025791646313511,0.1569540122882144,0.1007604562737642,0.0439803022584479,3.0,5.0,2.0,0.0,0.0,0.0,0.0,230.0,0.8732394366197183,60.0,0.0460035523978685,0.0525621999986469,0.0318119000003207,0.0977046000189147,0.0016284100003152,1.0
test_000_1016,online,0.0,0,0,0.2766097240473061,0.0905059132720105,0.0226675427069645,0.1634362680683311,0.3584245881137854,0.2250589159465828,0.1578947368421052,0.0818002628120893,4.0,5.0,1.0,0.0,0.0,0.0,0.0,227.0,0.8190954773869347,60.0,0.089087656529517,0.0632103999960236,0.0259372000000439,0.1040722999896388,0.0017345383331606,1.0
test_000_1017,online,0.0,0,0,0.2913787430075683,0.0771635406383678,0.02319842053307,0.1910167818361303,0.4025163771439184,0.2443464929091606,0.1659634317862166,0.0707469562356038,4.0,5.0,1.0,0.0,0.0,0.0,0.0,230.0,0.81,60.0,0.0761331444759206,0.0576387000037357,0.0314979999966453,0.106357000011485,0.001772616666858,1.0
test_000_1018,online,0.0,0,0,0.3218965517241379,0.0667241379310344,0.0236206896551724,0.231551724137931,0.3249632806896381,0.2773851590106007,0.1490264603095357,0.0608620689655172,2.0,4.0,2.0,0.0,0.0,0.0,0.0,222.0,0.765,60.0,0.0648063154029741,0.061218299990287,0.0261033999850042,0.1025998999830335,0.0017099983330505,1.0
test_000_1019,online,0.0,0,0,0.3521344076804388,0.0560603463055031,0.0204011657809017,0.2756728955940339,0.8024396765123545,0.3021090632718982,0.278346377684126,0.0488599348534201,4.0,4.0,0.0,0.0,0.0,0.0,0.0,225.0,0.7238095238095238,60.0,0.0513698630136986,0.0529851999890524,0.0271152000059373,0.0959519000025466,0.0015991983333757,1.0
test_000_1020,online,0.0,0,0,0.5105811219348337,0.0935505542492442,0.0298958683238159,0.3871346993617736,0.7316657415898802,0.4836363636363636,0.4082636497786522,0.0843130668458179,4.0,5.0,1.0,0.0,0.0,0.0,0.0,223.0,0.5602094240837696,60.0,0.0920763022743947,0.047512099990854,0.0290899999963585,0.0944413999968674,0.0015740233332811,1.0
test_000_1021,online,0.0,0,0,0.423462783171521,0.1111650485436893,0.0132686084142394,0.2990291262135922,0.6744653863893639,0.3730350665054414,0.3545433200281756,0.0985436893203883,5.0,5.0,0.0,0.0,0.0,0.0,0.0,223.0,0.6756756756756757,60.0,0.1093161012385568,0.0456665999954566,0.0254895999969448,0.0864289999881293,0.0014404833331354,1.0
test_000_1022,online,0.0,0,0,0.6283459162663007,0.0427247769389155,0.0250514756348661,0.5605696636925189,0.994040523962607,0.6325884543761638,0.5883376849434291,0.039293067947838,5.0,3.0,-2.0,0.0,0.0,0.0,0.0,229.0,0.3933649289099526,60.0,0.0409001607429898,0.1723638999974355,0.0278590000234544,0.2141037000401411,0.003568395000669,1.0
test_000_1023,online,0.0,0,0,0.6071146245059289,0.1141501976284585,0.0232411067193675,0.4697233201581027,1.102180962421979,0.5643483581480726,0.5222537878787878,0.1124110671936758,5.0,2.0,-3.0,0.0,0.0,0.0,0.0,230.0,0.4810810810810811,60.0,0.1266476665479159,0.0614600999979302,0.0255818000005092,0.100855099997716,0.0016809183332952,1.0
test_000_1000,online,250.0,0,1,0.2096312510523657,0.0756019531907728,0.0227310995117023,0.1112981983498905,0.3756602828481765,0.163905671409082,0.1293630017452007,0.0680249200202054,3.0,3.0,0.0,250.0,250.0,250.0,250.0,225.0,0.8743718592964824,60.0,0.0729900632339656,0.093921899999259,0.0361898000119254,0.1454500000108964,0.0024241666668482,1.968888888888889
test_000_1001,online,250.0,0,1,0.2463846710050614,0.064172089660159,0.0448300795372378,0.1373825018076645,0.3432703539440095,0.2002823719241629,0.0725629791894852,0.051879971077368,3.0,4.0,1.0,250.0,250.0,250.0,250.0,217.0,0.8686868686868687,60.0,0.0547187797902764,0.0523322999943047,0.033958399988478,0.1012680999992881,0.0016878016666548,1.9308755760368663
test_000_1002,online,250.0,0,1,0.502973067506121,0.0431969220006995,0.0269324938789786,0.4328436516264428,0.9543603358301898,0.4909876079609463,0.4264507422402159,0.0342777194823364,3.0,3.0,0.0,250.0,250.0,250.0,250.0,225.0,0.5523809523809524,60.0,0.0354943860919956,0.0561565999814774,0.0458690999948885,0.1169733999704476,0.0019495566661741,1.9644444444444444
test_000_1003,online,250.0,0,1,0.3062226117440841,0.0255915863277826,0.024715162138475,0.2559158632778264,0.5476120847544484,0.2880484670460804,0.2341891045710707,0.0226117440841367,5.0,5.0,0.0,250.0,250.0,250.0,250.0,228.0,0.7397260273972602,60.0,0.0231348637015781,0.0719190000090748,0.0424356000148691,0.1314757000072859,0.002191261666788,1.9649122807017545
test_000_1004,online,250.0,0,1,0.4936548223350254,0.1153236040609137,0.0115799492385786,0.366751269035533,0.8718690801986224,0.470061099796334,0.4558129558129558,0.1105647208121827,4.0,4.0,0.0,250.0,250.0,250.0,250.0,226.0,0.5425531914893617,60.0,0.1243088995897984,0.0886241999978665,0.0381621999840717,0.1424196999869309,0.0023736616664488,1.9690265486725664
test_000_1005,online,250.0,0,1,0.2802927161334241,0.0660313138189244,0.0233151803948264,0.1909462219196732,0.7351671280005393,0.2489499809087438,0.1818796484110885,0.05428863172226,5.0,5.0,0.0,250.0,250.0,250.0,250.0,225.0,0.806930693069307,60.0,0.057405074680583,0.0517315000179223,0.0491861999907996,0.1148730000131763,0.0019145500002196,1.96
test_000_1006,online,250.0,0,1,0.2175221534860391,0.0822604915565958,0.018558769436549,0.1167028924928941,0.3429076920187793,0.1594430280447146,0.0766319772942289,0.0737334893830463,5.0,6.0,1.0,250.0,250.0,250.0,250.0,224.0,0.8917525773195877,60.0,0.0796028880866425,0.0731563000008463,0.0373064000159502,0.1247053000261075,0.0020784216671017,1.9598214285714288
test_000_1007,online,250.0,0,1,0.3429404700634757,0.0718819694630296,0.0283067421513124,0.2427517584491336,0.565391342524731,0.31946361664366,0.2803153257593322,0.0650197289414994,2.0,3.0,1.0,250.0,250.0,250.0,250.0,223.0,0.725,60.0,0.0695412844036697,0.1062560999998822,0.0471587000065483,0.1726705000037327,0.0028778416667288,1.9417040358744395
test_000_1008,online,250.0,0,1,0.0925445424667012,0.0477426050856253,0.0164331430548348,0.0283687943262411,0.1241546434802087,0.0568203198494825,0.013272410791993,0.0403044455976474,2.0,2.0,0.0,250.0,250.0,250.0,250.0,224.0,0.9760765550239234,60.0,0.0419971160778658,0.0675784999912139,0.0503141999943181,0.1343158999807201,0.002238598333012,1.9642857142857144
test_000_1009,online,250.0,0,1,0.5113471752776436,0.0928697891517785,0.0143248028327699,0.4041525832930951,0.9478640044155554,0.4694115362206253,0.4522613065326633,0.0856269113149847,3.0,2.0,-1.0,250.0,250.0,250.0,250.0,229.0,0.5492227979274611,60.0,0.0936454849498327,0.0538776000030338,0.0415591999772004,0.1120228999934624,0.0018670483332243,1.9781659388646289
test_000_1010,online,250.0,0,1,0.4498427123383432,0.0527787486892694,0.018350227193289,0.3787137364557847,0.7914789419946772,0.4424980959634425,0.4109500108201688,0.0410695560992659,5.0,5.0,0.0,250.0,250.0,250.0,250.0,221.0,0.5845410628019324,60.0,0.0428285037361035,0.0709782000049017,0.0373638000164646,0.1228460000129416,0.002047433333549,1.95475113122172
test_000_1011,online,250.0,0,1,0.2530507385998715,0.0855812459858702,0.0208734746307,0.1465960179833012,0.7892887051953923,0.1630100076982294,0.1700120433560819,0.0828516377649325,3.0,3.0,0.0,250.0,250.0,250.0,250.0,233.0,0.8578431372549019,60.0,0.0903361344537815,0.37964239998837,0.0510233999812044,0.4451893999648746,0.0074198233327479,1.9742489270386263
test_000_1012,online,250.0,0,1,0.5210148250038209,0.1242549289316827,0.0221610881858474,0.3745988078862907,0.8962951715760705,0.5277161862527716,0.4891041162227603,0.1208925569310713,2.0,1.0,-1.0,250.0,250.0,250.0,250.0,235.0,0.5106382978723404,60.0,0.1375173852573018,0.2941159000038169,0.0687763000023551,0.3859863000106998,0.0064331050001783,1.987234042553192
test_000_1013,online,250.0,0,1,0.1413231728437824,0.0481468652580533,0.0223415310010391,0.0708347765846899,0.4809366503692779,0.1024761904761904,0.0521193771626297,0.0453758226532732,5.0,4.0,-1.0,250.0,250.0,250.0,250.0,225.0,0.9278846153846154,60.0,0.047532656023222,1.1665520000096876,0.157506400020793,1.3420466000388842,0.0223674433339814,1.96
test_000_1014,online,250.0,0,1,0.2323440723694651,0.0968100301539438,0.0172988414537375,0.1182352007617838,0.5808719328384888,0.1343371138052405,0.0690127970749543,0.094588160609427,5.0,5.0,0.0,250.0,250.0,250.0,250.0,232.0,0.922279792746114,60.0,0.1035933391761612,1.418949700018857,0.0989251999999396,1.5382032000343315,0.0256367200005721,1.9655172413793105
test_000_1015,online,250.0,0,1,0.1635252165053489,0.0485651214128035,0.0249617931737137,0.0899983019188317,0.1617445202001035,0.1232545149878979,0.04900718208703,0.0439803022584479,3.0,5.0,2.0,250.0,250.0,250.0,250.0,230.0,0.9154929577464788,60.0,0.0460035523978685,0.189565999986371,0.0441660999786108,0.2516583999677095,0.0041943066661284,1.9695652173913043
test_000_1016,online,250.0,0,1,0.2178055190538765,0.0905059132720105,0.0226675427069645,0.1046320630749014,0.2378498914667207,0.1510212097407698,0.0868980963045912,0.0818002628120893,4.0,6.0,2.0,250.0,250.0,250.0,250.0,227.0,0.8944723618090452,60.0,0.089087656529517,0.1258004999835975,0.0628257999778725,0.2056004999612923,0.0034266749993548,1.960352422907489
test_000_1017,online,250.0,0,1,0.3183613030602171,0.0771635406383678,0.02319842053307,0.2179993418887792,0.3576303556122517,0.2650440781908777,0.1718237224566338,0.0707469562356038,4.0,7.0,3.0,250.0,250.0,250.0,250.0,230.0,0.79,60.0,0.0761331444759206,0.3704282999970019,0.0369392000138759,0.4228829000203404,0.0070480483336723,1.965217391304348
test_000_1018,online,250.0,0,1,0.2782758620689655,0.0667241379310344,0.0236206896551724,0.1879310344827586,0.2808734724862017,0.2147624656458578,0.0823764353469795,0.0608620689655172,2.0,3.0,1.0,250.0,250.0,250.0,250.0,222.0,0.83,60.0,0.0648063154029741,0.1703069999930448,0.0359530000132508,0.2217089000041596,0.0036951483334026,1.954954954954955
test_000_1019,online,250.0,0,1,0.3627635864906566,0.0560603463055031,0.0204011657809017,0.2863020744042516,0.7167101017622238,0.3138894166825005,0.3008227975115392,0.0488599348534201,4.0,3.0,-1.0,250.0,250.0,250.0,250.0,225.0,0.7142857142857143,60.0,0.0513698630136986,0.0557924000022467,0.0351315999869257,0.106144299992593,0.0017690716665432,1.96
test_000_1020,online,250.0,0,1,0.3370843130668458,0.0935505542492442,0.0298958683238159,0.2136378904937857,0.5997059355497695,0.2905050505050505,0.1827348745696015,0.0843130668458179,4.0,4.0,0.0,250.0,250.0,250.0,250.0,223.0,0.7591623036649214,60.0,0.0920763022743947,0.0476392999989911,0.0356800000008661,0.0982506000145804,0.001637510000243,1.9506726457399104
test_000_1021,online,250.0,0,1,0.3035598705501618,0.1111650485436893,0.0132686084142394,0.179126213592233,0.427095785190209,0.2249093107617896,0.2202394928386945,0.0985436893203883,5.0,6.0,1.0,250.0,250.0,250.0,250.0,223.0,0.8216216216216217,60.0,0.1093161012385568,0.0592400000023189,0.0410757000208832,0.1150542000250425,0.0019175700004173,1.9641255605381165
test_000_1022,online,250.0,0,1,0.601063829787234,0.0427247769389155,0.0250514756348661,0.5332875772134523,1.045066851952053,0.5776536312849162,0.5498259355961705,0.039293067947838,5.0,3.0,-2.0,250.0,250.0,250.0,250.0,229.0,0.4644549763033175,60.0,0.0409001607429898,0.1384554999822285,0.0401425000163726,0.1955976999888662,0.0032599616664811,1.9694323144104804
test_000_1023,online,250.0,0,1,0.5615810276679842,0.1141501976284585,0.0232411067193675,0.4241897233201581,0.9943697731006884,0.5151947787069141,0.4533617424242424,0.1124110671936758,5.0,3.0,-2.0,250.0,250.0,250.0,250.0,230.0,0.5297297297297298,60.0,0.1266476665479159,0.0903845999855548,0.0353005999932065,0.1397285999846644,0.0023288099997444,1.9739130434782608
test_000_1000,online,500.0,0,2,0.1542347196497727,0.0756019531907728,0.0227310995117023,0.0559016669472975,0.1728375834219192,0.076008575326447,0.0660994764397905,0.0680249200202054,3.0,4.0,1.0,500.0,500.0,500.0,500.0,225.0,0.964824120603015,60.0,0.0729900632339656,0.1066017000121064,0.0862341999891214,0.2074664000247139,0.0034577733337452,2.9066666666666667
test_000_1001,online,500.0,0,2,0.2033622559652928,0.064172089660159,0.0448300795372378,0.0943600867678958,0.2575763399225652,0.1492537313432835,0.0254654983570646,0.051879971077368,3.0,5.0,2.0,500.0,500.0,500.0,500.0,217.0,0.914141414141414,60.0,0.0547187797902764,0.2247892000013962,0.0926372999965678,0.3321676999912597,0.0055361283331876,2.774193548387097
test_000_1002,online,500.0,0,2,0.4942287513116474,0.0431969220006995,0.0269324938789786,0.4240993354319692,0.9400397019591024,0.481599699586932,0.4192532613585245,0.0342777194823364,3.0,3.0,0.0,500.0,500.0,500.0,500.0,225.0,0.5619047619047619,60.0,0.0354943860919956,0.1863731000048574,0.0436893999867606,0.2458970999869052,0.0040982849997817,2.902222222222222
test_000_1003,online,500.0,0,2,0.2953549517966696,0.0255915863277826,0.024715162138475,0.2450482033304119,0.5290571150554737,0.2720763723150358,0.2266750156543519,0.0226117440841367,5.0,5.0,0.0,500.0,500.0,500.0,500.0,228.0,0.7579908675799086,60.0,0.0231348637015781,0.0457745000021532,0.0357831000001169,0.0948619999981019,0.0015810333333016,2.881578947368421
test_000_1004,online,500.0,0,2,0.3278870558375634,0.1153236040609137,0.0115799492385786,0.200983502538071,0.6266978705841664,0.2344195519348269,0.2342342342342342,0.1105647208121827,4.0,5.0,1.0,500.0,500.0,500.0,500.0,226.0,0.7925531914893617,60.0,0.1243088995897984,0.0391590999788604,0.0286949999863281,0.0811274999578017,0.0013521249992966,2.911504424778761
test_000_1005,online,500.0,0,2,0.2685500340367597,0.0660313138189244,0.0233151803948264,0.1792035398230088,0.5870374760836172,0.2289041618938526,0.1636240703177822,0.05428863172226,5.0,4.0,-1.0,500.0,500.0,500.0,500.0,225.0,0.8217821782178217,60.0,0.057405074680583,0.0406806000100914,0.055772399995476,0.1101299000147264,0.0018354983335787,2.8844444444444446
test_000_1006,online,500.0,0,2,0.1889316167864905,0.0822604915565958,0.018558769436549,0.0881123557933456,0.306179931065082,0.1319866640517748,0.0657521286660359,0.0737334893830463,5.0,5.0,0.0,500.0,500.0,500.0,500.0,224.0,0.9123711340206184,60.0,0.0796028880866425,0.3782753999985289,0.0533249000145588,0.4480223000282421,0.007467038333804,2.8660714285714284
test_000_1007,online,500.0,0,2,0.3192657402641962,0.0718819694630296,0.0283067421513124,0.2190770286498541,0.5200357246546145,0.2922500492999408,0.2573614653373522,0.0650197289414994,2.0,3.0,1.0,500.0,500.0,500.0,500.0,223.0,0.745,60.0,0.0695412844036697,0.0577117000066209,0.0450411000056192,0.1287459000304807,0.002145765000508,2.8430493273542603
test_000_1008,online,500.0,0,2,0.0799169693824597,0.0477426050856253,0.0164331430548348,0.0157412212419996,0.0974145330101448,0.0430856067732831,0.0110966057441253,0.0403044455976474,2.0,2.0,0.0,500.0,500.0,500.0,500.0,224.0,0.985645933014354,60.0,0.0419971160778658,0.7444991999946069,0.0744091999949887,0.8364482999895699,0.0139408049998261,2.9017857142857144
test_000_1009,online,500.0,0,2,0.3895058747786898,0.0928697891517785,0.0143248028327699,0.2823112827941413,0.7061859612347114,0.3295785589434841,0.3240113611535941,0.0856269113149847,3.0,2.0,-1.0,500.0,500.0,500.0,500.0,229.0,0.694300518134715,60.0,0.0936454849498327,0.32549679998192,0.0568455000175163,0.4057129000138957,0.0067618816668982,2.938864628820961
test_000_1010,online,500.0,0,2,0.2757777001048584,0.0527787486892694,0.018350227193289,0.2046487242222999,0.472080052884122,0.2509520182787509,0.206016013849816,0.0410695560992659,5.0,6.0,1.0,500.0,500.0,500.0,500.0,221.0,0.7777777777777778,60.0,0.0428285037361035,0.518043200019747,0.0442240000120364,0.5796602000191342,0.0096610033336522,2.8642533936651584
test_000_1011,online,500.0,0,2,0.1963712267180475,0.0855812459858702,0.0208734746307,0.0899165061014772,0.5349728204697589,0.0981524249422632,0.1152147731834604,0.0828516377649325,3.0,3.0,0.0,500.0,500.0,500.0,500.0,233.0,0.9166666666666666,60.0,0.0903361344537815,0.5537875999871176,0.0606587000074796,0.6340070999867748,0.0105667849997795,2.918454935622317
test_000_1012,online,500.0,0,2,0.5210148250038209,0.1242549289316827,0.0221610881858474,0.3745988078862907,0.8962951715760705,0.5277161862527716,0.4891041162227603,0.1208925569310713,2.0,1.0,-1.0,500.0,500.0,500.0,500.0,235.0,0.5106382978723404,60.0,0.1375173852573018,0.6244864000182133,0.0793078999849967,0.7206965999794193,0.0120116099996569,2.970212765957447
test_000_1013,online,500.0,0,2,0.1456529269137513,0.0481468652580533,0.0223415310010391,0.0751645306546588,0.5094906845637464,0.1072380952380952,0.0577422145328719,0.0453758226532732,5.0,4.0,-1.0,500.0,500.0,500.0,500.0,225.0,0.9230769230769232,60.0,0.047532656023222,0.2165394999901764,0.0446917000226676,0.2775958000274841,0.0046265966671247,2.9066666666666667
test_000_1014,online,500.0,0,2,0.281066497381368,0.0968100301539438,0.0172988414537375,0.1669576257736867,1.177440437011339,0.1525224872897927,0.1103747714808043,0.094588160609427,5.0,6.0,1.0,500.0,500.0,500.0,500.0,232.0,0.8963730569948186,60.0,0.1035933391761612,0.0892193000181578,0.080313800019212,0.1911450000188779,0.0031857500003146,2.8663793103448274
test_000_1015,online,500.0,0,2,0.1614875191034131,0.0485651214128035,0.0249617931737137,0.0879606045168959,0.1514448147105265,0.1107801154347421,0.0466835656949725,0.0439803022584479,3.0,6.0,3.0,500.0,500.0,500.0,500.0,230.0,0.9154929577464788,60.0,0.0460035523978685,0.0750783999974373,0.0390194999927189,0.1283114000107161,0.0021385233335119,2.878260869565217
test_000_1016,online,500.0,0,2,0.2187910643889619,0.0905059132720105,0.0226675427069645,0.1056176084099868,0.2162456144299055,0.1250981932443048,0.0983202687569988,0.0818002628120893,4.0,6.0,2.0,500.0,500.0,500.0,500.0,227.0,0.914572864321608,60.0,0.089087656529517,0.0412063999974634,0.0409307999943848,0.0941826000052969,0.0015697100000882,2.845814977973568
test_000_1017,online,500.0,0,2,0.2410332346166502,0.0771635406383678,0.02319842053307,0.1406712734452122,0.2689988069869715,0.1801456496742046,0.0958743553680262,0.0707469562356038,4.0,7.0,3.0,500.0,500.0,500.0,500.0,230.0,0.875,60.0,0.0761331444759206,0.0416024000151082,0.0366886999981943,0.0919753000198397,0.0015329216669973,2.8217391304347825
test_000_1018,online,500.0,0,2,0.2768965517241379,0.0667241379310344,0.0236206896551724,0.186551724137931,0.2737709970719679,0.21044365920691,0.0726410384423364,0.0608620689655172,2.0,4.0,2.0,500.0,500.0,500.0,500.0,222.0,0.83,60.0,0.0648063154029741,0.0413174999994225,0.0388406999991275,0.0932709999906364,0.0015545166665106,2.779279279279279
test_000_1019,online,500.0,0,2,0.2779015943768215,0.0560603463055031,0.0204011657809017,0.2014400822904166,0.5356753029174846,0.2538476154284628,0.2229580573951435,0.0488599348534201,4.0,3.0,-1.0,500.0,500.0,500.0,500.0,225.0,0.7666666666666667,60.0,0.0513698630136986,0.0445531000150367,0.0368173999886494,0.0962935999850742,0.0016048933330845,2.893333333333333
test_000_1020,online,500.0,0,2,0.4126637554585153,0.0935505542492442,0.0298958683238159,0.2892173328854551,0.7260730593706763,0.3886868686868687,0.3020167240531234,0.0843130668458179,4.0,4.0,0.0,500.0,500.0,500.0,500.0,223.0,0.6596858638743456,60.0,0.0920763022743947,0.0393794999981764,0.0379511000064667,0.0916141000052448,0.001526901666754,2.8520179372197307
test_000_1021,online,500.0,0,2,0.3953074433656958,0.1111650485436893,0.0132686084142394,0.270873786407767,0.6011260245377761,0.3147924224103184,0.3240197229396572,0.0985436893203883,5.0,5.0,0.0,500.0,500.0,500.0,500.0,223.0,0.7297297297297297,60.0,0.1093161012385568,0.045086900005117,0.0363533000054303,0.089573700010078,0.0014928950001679,2.896860986547085
test_000_1022,online,500.0,0,2,0.6154770075497598,0.0427247769389155,0.0250514756348661,0.547700754975978,0.9510291734327894,0.6186219739292365,0.5739773716275022,0.039293067947838,5.0,3.0,-2.0,500.0,500.0,500.0,500.0,229.0,0.4075829383886256,60.0,0.0409001607429898,0.0396107999840751,0.0351961000123992,0.0832759999902919,0.0013879333331715,2.921397379912664
test_000_1023,online,500.0,0,2,0.4050592885375494,0.1141501976284585,0.0232411067193675,0.2676679841897233,0.698080739268705,0.3699775647562717,0.3300189393939394,0.1124110671936758,5.0,4.0,-1.0,500.0,500.0,500.0,500.0,230.0,0.6648648648648648,60.0,0.1266476665479159,0.0440742000064346,0.0414044999924954,0.098819699982414,0.0016469949997069,2.9217391304347826
test_000_1000,online,1000.0,0,4,0.1808385250042094,0.0756019531907728,0.0227310995117023,0.0825054723017343,0.1810640762787526,0.0865328396024166,0.0621727748691099,0.0680249200202054,3.0,4.0,1.0,1000.0,1000.0,1000.0,1000.0,225.0,0.964824120603015,60.0,0.0729900632339656,2.622529700020096,0.1113318999996408,2.754109600035008,0.0459018266672501,4.662222222222222
test_000_1001,online,1000.0,0,4,0.3087490961677512,0.064172089660159,0.0448300795372378,0.1997469269703543,0.3135966354214322,0.2490923759580476,0.1182913472070098,0.051879971077368,3.0,6.0,3.0,1000.0,1000.0,1000.0,1000.0,217.0,0.8080808080808081,60.0,0.0547187797902764,2.1565550999948755,0.0900155999988783,2.2652477999799885,0.0377541299996664,4.059907834101383
test_000_1002,online,1000.0,0,4,0.4316194473592165,0.0431969220006995,0.0269324938789786,0.3614900314795383,0.835513110818131,0.4145700337964701,0.3454790823211875,0.0342777194823364,3.0,3.0,0.0,1000.0,1000.0,1000.0,1000.0,225.0,0.6285714285714286,60.0,0.0354943860919956,2.8460398000024725,0.2109695000108331,3.074863100016956,0.0512477183336159,4.711111111111111
test_000_1003,online,1000.0,0,4,0.3014899211218229,0.0255915863277826,0.024715162138475,0.2511831726555653,0.5052353932574972,0.2739122452726271,0.2314756835733667,0.0226117440841367,5.0,6.0,1.0,1000.0,1000.0,1000.0,1000.0,228.0,0.7534246575342466,60.0,0.0231348637015781,3.712779999972554,0.116041800007224,3.853350699995645,0.064222511666594,4.495614035087719
test_000_1004,online,1000.0,0,4,0.2863261421319797,0.1153236040609137,0.0115799492385786,0.1594225888324873,0.5336188847769434,0.215274949083503,0.2108537108537108,0.1105647208121827,4.0,4.0,0.0,1000.0,1000.0,1000.0,1000.0,226.0,0.8085106382978723,60.0,0.1243088995897984,2.149200700019719,0.0674755999934859,2.234389400022337,0.0372398233337056,4.668141592920354
test_000_1005,online,1000.0,0,4,0.1958815520762423,0.0660313138189244,0.0233151803948264,0.1065350578624915,0.5454850749746314,0.1450935471554028,0.072120802343926,0.05428863172226,5.0,5.0,0.0,1000.0,1000.0,1000.0,1000.0,225.0,0.900990099009901,60.0,0.057405074680583,0.1501176000165287,0.0681341999734286,0.2356905999768059,0.0039281766662801,4.546666666666667
test_000_1006,online,1000.0,0,4,0.1750543387393412,0.0822604915565958,0.018558769436549,0.0742350777461962,0.2803926805945268,0.1157089625416748,0.0543992431409649,0.0737334893830463,5.0,5.0,0.0,1000.0,1000.0,1000.0,1000.0,224.0,0.922680412371134,60.0,0.0796028880866425,0.1647434999758843,0.064009800000349,0.2451613999728579,0.0040860233328809,4.46875
test_000_1007,online,1000.0,0,4,0.3275004288900326,0.0718819694630296,0.0283067421513124,0.2273117172756905,0.5370270643468655,0.3017156379412344,0.2592163227451889,0.0650197289414994,2.0,3.0,1.0,1000.0,1000.0,1000.0,1000.0,223.0,0.74,60.0,0.0695412844036697,0.1148115000105463,0.0609766999841667,0.1904481999808922,0.0031741366663482,4.511210762331839
test_000_1008,online,1000.0,0,4,0.1994464625497319,0.0477426050856253,0.0164331430548348,0.1352707144092717,0.1867429227452188,0.1523988711194732,0.0898607484769364,0.0403044455976474,2.0,3.0,1.0,1000.0,1000.0,1000.0,1000.0,224.0,0.8803827751196173,60.0,0.0419971160778658,0.070538400002988,0.0602741000184323,0.1480670000310056,0.00246778333385,4.651785714285714
test_000_1009,online,1000.0,0,4,0.3907934975052309,0.0928697891517785,0.0143248028327699,0.2835989055206824,0.711541777825533,0.3262769469799961,0.3253222634913699,0.0856269113149847,3.0,3.0,0.0,1000.0,1000.0,1000.0,1000.0,229.0,0.7046632124352331,60.0,0.0936454849498327,0.0560799999802839,0.0645964999857824,0.1383531999599654,0.0023058866659994,4.790393013100437
test_000_1010,online,1000.0,0,4,0.2714085983921706,0.0527787486892694,0.018350227193289,0.200279622509612,0.4720225152821749,0.2442878903274943,0.2008223328283921,0.0410695560992659,5.0,6.0,1.0,1000.0,1000.0,1000.0,1000.0,221.0,0.782608695652174,60.0,0.0428285037361035,0.0607755999953951,0.1191465999872889,0.1965153999626636,0.0032752566660443,4.529411764705882
test_000_1011,online,1000.0,0,4,0.3322093770070649,0.0855812459858702,0.0208734746307,0.2257546563904945,1.0884843502080943,0.2873364126250962,0.2723805700521878,0.0828516377649325,3.0,3.0,0.0,1000.0,1000.0,1000.0,1000.0,233.0,0.7450980392156863,60.0,0.0903361344537815,2.417714999988675,0.3422865999746136,2.7873649999673944,0.0464560833327899,4.660944206008583
test_000_1012,online,1000.0,0,4,0.2301696469509399,0.1242549289316827,0.0221610881858474,0.0837536298334097,0.3146279053470064,0.1441241685144124,0.1439577371780761,0.1208925569310713,2.0,2.0,0.0,1000.0,1000.0,1000.0,1000.0,235.0,0.898936170212766,60.0,0.1375173852573018,1.8802449999784585,0.1232113000005483,2.0206630999746267,0.0336777183329104,4.910638297872341
test_000_1013,online,1000.0,0,4,0.1390717007273987,0.0481468652580533,0.0223415310010391,0.0685833044683062,0.4750515649262697,0.1003809523809523,0.0523356401384083,0.0453758226532732,5.0,4.0,-1.0,1000.0,1000.0,1000.0,1000.0,225.0,0.9230769230769232,60.0,0.047532656023222,2.2199451999913435,0.2028259999933652,2.490489799994976,0.0415081633332495,4.715555555555556
test_000_1014,online,1000.0,0,4,0.289319155689573,0.0968100301539438,0.0172988414537375,0.1752102840818917,1.2520945995413102,0.1437231130230739,0.0955210237659963,0.094588160609427,5.0,8.0,3.0,1000.0,1000.0,1000.0,1000.0,232.0,0.917098445595855,60.0,0.1035933391761612,3.5566023999999743,0.1293303999991621,3.721128400007729,0.0620188066667954,4.413793103448276
test_000_1015,online,1000.0,0,4,0.1589403973509933,0.0485651214128035,0.0249617931737137,0.0854134827644761,0.1547116428914272,0.0953267547942655,0.051119560625264,0.0439803022584479,3.0,7.0,4.0,1000.0,1000.0,1000.0,1000.0,230.0,0.9295774647887324,60.0,0.0460035523978685,2.795618200005265,0.1151566999906208,2.9328190999804065,0.0488803183330067,4.421739130434783
test_000_1016,online,1000.0,0,4,0.3759855453350854,0.0905059132720105,0.0226675427069645,0.2628120893561104,0.5701289386143815,0.2930086410054988,0.2839865621500559,0.0818002628120893,4.0,7.0,3.0,1000.0,1000.0,1000.0,1000.0,227.0,0.7437185929648241,60.0,0.089087656529517,2.941158400004497,0.2105112999852281,3.2055128999927547,0.0534252149998792,4.370044052863436
test_000_1017,online,1000.0,0,4,0.2823297137216189,0.0771635406383678,0.02319842053307,0.1819677525501809,0.2952155533970954,0.2182828669988501,0.1216596343178621,0.0707469562356038,4.0,8.0,4.0,1000.0,1000.0,1000.0,1000.0,230.0,0.835,60.0,0.0761331444759206,3.3676939999859314,0.2078907999966759,3.608653199975379,0.0601442199995896,4.234782608695652
test_000_1018,online,1000.0,0,4,0.2944827586206897,0.0667241379310344,0.0236206896551724,0.2041379310344827,0.2918015102481122,0.2304672163329407,0.0901148277583624,0.0608620689655172,2.0,4.0,2.0,1000.0,1000.0,1000.0,1000.0,222.0,0.81,60.0,0.0648063154029741,2.3358407999912743,0.1413584999972954,2.5299595999822486,0.0421659933330374,4.0
test_000_1019,online,1000.0,0,4,0.2731013200754328,0.0560603463055031,0.0204011657809017,0.1966398079890279,0.5295906680982072,0.2485274558236747,0.2197471402769416,0.0488599348534201,4.0,3.0,-1.0,1000.0,1000.0,1000.0,1000.0,225.0,0.7714285714285715,60.0,0.0513698630136986,0.9797163999755868,0.1512574999942444,1.1592973999795504,0.0193216233329925,4.671111111111111
test_000_1020,online,1000.0,0,4,0.3123950285522338,0.0935505542492442,0.0298958683238159,0.1889486059791736,0.4857824589998571,0.2717171717171717,0.2083128381701918,0.0843130668458179,4.0,4.0,0.0,1000.0,1000.0,1000.0,1000.0,223.0,0.7853403141361257,60.0,0.0920763022743947,1.9641192000126464,0.1333871000097133,2.126387300028,0.0354397883338,4.520179372197309
test_000_1021,online,1000.0,0,4,0.4305825242718447,0.1111650485436893,0.0132686084142394,0.3061488673139159,0.5988822220714212,0.3468359532446594,0.3162714252171871,0.0985436893203883,5.0,6.0,1.0,1000.0,1000.0,1000.0,1000.0,223.0,0.6864864864864865,60.0,0.1093161012385568,1.7845257000008132,0.1534527999756392,1.954991399979917,0.0325831899996652,4.62780269058296
test_000_1022,online,1000.0,0,4,0.6154770075497598,0.0427247769389155,0.0250514756348661,0.547700754975978,0.9510291734327894,0.6186219739292365,0.5739773716275022,0.039293067947838,5.0,3.0,-2.0,1000.0,1000.0,1000.0,1000.0,229.0,0.4075829383886256,60.0,0.0409001607429898,1.701950200018473,0.1121388000028673,1.8314258000464176,0.0305237633341069,4.764192139737991
test_000_1023,online,1000.0,0,4,0.4015810276679842,0.1141501976284585,0.0232411067193675,0.2641897233201581,0.6774096517242478,0.3516214562512747,0.3312026515151515,0.1124110671936758,5.0,4.0,-1.0,1000.0,1000.0,1000.0,1000.0,230.0,0.6864864864864865,60.0,0.1266476665479159,1.5945163000142202,0.0951339000021107,1.706365000020014,0.0284394166670002,4.717391304347826
test_000_1000,online,2000.0,0,8,0.1805017679744064,0.0756019531907728,0.0227310995117023,0.0821687152719313,0.1879857960172037,0.093938803352173,0.0549738219895288,0.0680249200202054,3.0,5.0,2.0,2000.0,2000.0,2000.0,2000.0,225.0,0.9547738693467336,60.0,0.0729900632339656,0.3982801999954972,0.1764597999863326,0.6055662999860942,0.0100927716664349,7.293333333333333
test_000_1001,online,2000.0,0,8,0.2105929139551699,0.064172089660159,0.0448300795372378,0.1015907447577729,0.2304908718890269,0.1500605082694635,0.0301204819277108,0.051879971077368,3.0,4.0,1.0,2000.0,2000.0,2000.0,2000.0,217.0,0.9090909090909092,60.0,0.0547187797902764,0.3341017999919131,0.0718578000087291,0.42109800002072,0.0070183000003453,5.414746543778802
test_000_1002,online,2000.0,0,8,0.4359916054564533,0.0431969220006995,0.0269324938789786,0.3658621895767751,0.8378382633300917,0.4192639879834773,0.3540260908681961,0.0342777194823364,3.0,2.0,-1.0,2000.0,2000.0,2000.0,2000.0,225.0,0.6238095238095238,60.0,0.0354943860919956,0.0727345999912358,0.0829157999833114,0.1729217999672982,0.0028820299994549,8.013333333333334
test_000_1003,online,2000.0,0,8,0.1137598597721297,0.0255915863277826,0.024715162138475,0.063453111305872,0.1457096941425562,0.0809619974297778,0.0348570235858902,0.0226117440841367,5.0,7.0,2.0,2000.0,2000.0,2000.0,2000.0,228.0,0.9452054794520548,60.0,0.0231348637015781,0.1135786000231746,0.1051711000036448,0.2356318000238388,0.0039271966670639,7.131578947368421
test_000_1004,online,2000.0,0,8,0.434486040609137,0.1153236040609137,0.0115799492385786,0.3075824873096446,0.8118552224489692,0.3871690427698574,0.4084084084084084,0.1105647208121827,4.0,5.0,1.0,2000.0,2000.0,2000.0,2000.0,226.0,0.6276595744680851,60.0,0.1243088995897984,0.0538059999817051,0.090481399995042,0.1611595999856945,0.0026859933330949,7.54424778761062
test_000_1005,online,2000.0,0,8,0.2694009530292716,0.0660313138189244,0.0233151803948264,0.1800544588155207,0.8488857566939725,0.2201221840397098,0.1480730223123732,0.05428863172226,5.0,6.0,1.0,2000.0,2000.0,2000.0,2000.0,225.0,0.8316831683168316,60.0,0.057405074680583,0.0515298999962396,0.0861053999979049,0.1531775999756064,0.0025529599995934,7.12
test_000_1006,online,2000.0,0,8,0.3104831967898345,0.0822604915565958,0.018558769436549,0.2096639357966895,0.4989455700399093,0.2706413022161208,0.2097918637653737,0.0737334893830463,5.0,6.0,1.0,2000.0,2000.0,2000.0,2000.0,224.0,0.7680412371134021,60.0,0.0796028880866425,0.5635279999987688,0.0908169999893289,0.673804599995492,0.0112300766665915,7.151785714285714
test_000_1007,online,2000.0,0,8,0.2966203465431463,0.0718819694630296,0.0283067421513124,0.1964316349288042,0.4746317775936665,0.2662196805363833,0.2116856016693716,0.0650197289414994,2.0,3.0,1.0,2000.0,2000.0,2000.0,2000.0,223.0,0.78,60.0,0.0695412844036697,0.0466940999904181,0.0902907999989111,0.1585597999801393,0.0026426633330023,7.331838565022421
test_000_1008,online,2000.0,0,8,0.1821484172288531,0.0477426050856253,0.0164331430548348,0.117972669088393,0.182118191037486,0.1249294449670743,0.0559181897302001,0.0403044455976474,2.0,3.0,1.0,2000.0,2000.0,2000.0,2000.0,224.0,0.9138755980861244,60.0,0.0419971160778658,0.074014799989527,0.1325137999956496,0.2701476999791339,0.0045024616663188,7.415178571428571
test_000_1009,online,2000.0,0,8,0.4582327378078223,0.0928697891517785,0.0143248028327699,0.3510381458232738,0.7161339107106164,0.3989124101767333,0.3685820406379724,0.0856269113149847,3.0,6.0,3.0,2000.0,2000.0,2000.0,2000.0,229.0,0.6269430051813472,60.0,0.0936454849498327,0.2899502000072971,0.1269862999906763,0.4340565000020433,0.007234275000034,7.93886462882096
test_000_1010,online,2000.0,0,8,0.3701502970989164,0.0527787486892694,0.018350227193289,0.2990213212163579,0.6536592680350546,0.345011424219345,0.3059943735122268,0.0410695560992659,5.0,6.0,1.0,2000.0,2000.0,2000.0,2000.0,221.0,0.6908212560386473,60.0,0.0428285037361035,0.4799239999847486,0.1554783999745268,0.6620573999534827,0.0110342899992247,7.303167420814479
test_000_1011,online,2000.0,0,8,0.3405587668593449,0.0855812459858702,0.0208734746307,0.2341040462427745,0.6561940515271876,0.2913779830638953,0.2850260939381774,0.0828516377649325,3.0,4.0,1.0,2000.0,2000.0,2000.0,2000.0,233.0,0.7352941176470589,60.0,0.0903361344537815,0.1891155999910552,0.1056520999991335,0.3122183999803383,0.0052036399996723,7.467811158798283
test_000_1012,online,2000.0,0,8,0.5289622497325386,0.1242549289316827,0.0221610881858474,0.3825462326150084,0.8124960639117942,0.4952630518040717,0.4428791547435615,0.1208925569310713,2.0,3.0,1.0,2000.0,2000.0,2000.0,2000.0,235.0,0.5425531914893617,60.0,0.1375173852573018,0.1348266999993939,0.1149158999905921,0.2685906999977305,0.0044765116666288,8.582978723404254
test_000_1013,online,2000.0,0,8,0.1586421891236577,0.0481468652580533,0.0223415310010391,0.0881537928645652,0.5359700794327753,0.1245714285714285,0.0659602076124567,0.0453758226532732,5.0,3.0,-2.0,2000.0,2000.0,2000.0,2000.0,225.0,0.8990384615384616,60.0,0.047532656023222,0.2779856999986805,0.1027190999884624,0.3977208999858703,0.0066286816664311,7.711111111111111
test_000_1014,online,2000.0,0,8,0.3063005872083796,0.0968100301539438,0.0172988414537375,0.1921917156006983,1.338935894763244,0.1662104028157997,0.1106032906764168,0.094588160609427,5.0,8.0,3.0,2000.0,2000.0,2000.0,2000.0,232.0,0.8963730569948186,60.0,0.1035933391761612,0.0798081000102683,0.0835330999980215,0.1789806000015232,0.0029830100000253,6.504310344827586
test_000_1015,online,2000.0,0,8,0.1470538291730344,0.0485651214128035,0.0249617931737137,0.0735269145865172,0.1509529641197073,0.0869484267361757,0.044359949302915,0.0439803022584479,3.0,7.0,4.0,2000.0,2000.0,2000.0,2000.0,230.0,0.9389671361502347,60.0,0.0460035523978685,0.0726961999898776,0.0809882000030484,0.1704178999934811,0.0028402983332246,6.721739130434782
test_000_1016,online,2000.0,0,8,0.4334756898817345,0.0905059132720105,0.0226675427069645,0.3203022339027595,0.6071754674150334,0.3733307148468185,0.3648376259798432,0.0818002628120893,4.0,6.0,2.0,2000.0,2000.0,2000.0,2000.0,227.0,0.6633165829145728,60.0,0.089087656529517,0.096289799985243,0.0712637999968137,0.1832231999724172,0.0030537199995402,6.519823788546256
test_000_1017,online,2000.0,0,8,0.297137216189536,0.0771635406383678,0.02319842053307,0.196775255018098,0.3225511031396983,0.2391720965887313,0.1347866854195968,0.0707469562356038,4.0,8.0,4.0,2000.0,2000.0,2000.0,2000.0,230.0,0.82,60.0,0.0761331444759206,0.096969700010959,0.1970987999811768,0.3109444999718107,0.0051824083328635,6.282608695652174
test_000_1018,online,2000.0,0,8,0.3146551724137931,0.0667241379310344,0.0236206896551724,0.2243103448275862,0.3019656722011989,0.237926972909305,0.1068397403894158,0.0608620689655172,2.0,4.0,2.0,2000.0,2000.0,2000.0,2000.0,222.0,0.805,60.0,0.0648063154029741,0.2184160000178963,0.1149670000013429,0.3578932000091299,0.0059648866668188,5.445945945945946
test_000_1019,online,2000.0,0,8,0.2756728955940339,0.0560603463055031,0.0204011657809017,0.199211383507629,0.54666860008065,0.2173665209956298,0.2073048364439093,0.0488599348534201,4.0,4.0,0.0,2000.0,2000.0,2000.0,2000.0,225.0,0.8047619047619048,60.0,0.0513698630136986,0.071233900001971,0.0941021999751683,0.1809131999907549,0.0030152199998459,7.8
test_000_1020,online,2000.0,0,8,0.371346993617736,0.0935505542492442,0.0298958683238159,0.2479005710446758,0.6068476420335813,0.3347474747474747,0.2609444171175603,0.0843130668458179,4.0,4.0,0.0,2000.0,2000.0,2000.0,2000.0,223.0,0.7120418848167539,60.0,0.0920763022743947,0.0645703000191133,0.0817956999817397,0.1635357000050135,0.0027255950000835,7.174887892376682
test_000_1021,online,2000.0,0,8,0.4320388349514563,0.1111650485436893,0.0132686084142394,0.3076051779935275,0.6579304183233041,0.3454252317613865,0.3228457384362526,0.0985436893203883,5.0,8.0,3.0,2000.0,2000.0,2000.0,2000.0,223.0,0.6864864864864865,60.0,0.1093161012385568,0.0678107000130694,0.0996919000172056,0.1843266000214498,0.0030721100003574,7.457399103139013
test_000_1022,online,2000.0,0,8,0.6127316403568978,0.0427247769389155,0.0250514756348661,0.544955387783116,0.94648130116137,0.6156424581005586,0.5739773716275022,0.039293067947838,5.0,3.0,-2.0,2000.0,2000.0,2000.0,2000.0,229.0,0.4123222748815165,60.0,0.0409001607429898,0.0522291000233963,0.0888687999977264,0.1566184000403154,0.0026103066673385,8.22707423580786
test_000_1023,online,2000.0,0,8,0.3611067193675889,0.1141501976284585,0.0232411067193675,0.2237154150197628,0.5945448378773472,0.3087905364062818,0.2618371212121212,0.1124110671936758,5.0,4.0,-1.0,2000.0,2000.0,2000.0,2000.0,230.0,0.7351351351351352,60.0,0.1266476665479159,0.0424080000084359,0.0832202999736182,0.1422567999979946,0.0023709466666332,7.695652173913044
test_000_1000,online,4000.0,0,16,0.2294999158107425,0.0756019531907728,0.0227310995117023,0.1311668631082674,0.2815863355007954,0.146560124732021,0.0922774869109947,0.0680249200202054,3.0,5.0,2.0,4000.0,4000.0,4000.0,4000.0,225.0,0.8994974874371859,60.0,0.0729900632339656,0.0623847999959252,0.0968552999838721,0.1746262999949976,0.0029104383332499,9.991111111111111
test_000_1001,online,4000.0,0,16,0.2105929139551699,0.064172089660159,0.0448300795372378,0.1015907447577729,0.2304908718890269,0.1500605082694635,0.0301204819277108,0.051879971077368,3.0,4.0,1.0,4000.0,4000.0,4000.0,4000.0,217.0,0.9090909090909092,60.0,0.0547187797902764,0.0378196999954525,0.0540188000013586,0.1054903999902308,0.0017581733331705,5.981566820276497
test_000_1002,online,4000.0,0,16,0.4639734172787688,0.0431969220006995,0.0269324938789786,0.3938440013990906,0.8852100350150561,0.4493052947803229,0.3877642825011246,0.0342777194823364,3.0,2.0,-1.0,4000.0,4000.0,4000.0,4000.0,225.0,0.5952380952380952,60.0,0.0354943860919956,0.0293805999972391,0.0600033999944571,0.1031495000061113,0.0017191583334351,12.986666666666666
test_000_1003,online,4000.0,0,16,0.1312883435582822,0.0255915863277826,0.024715162138475,0.0809815950920245,0.1812038970682525,0.0993207270056912,0.0557294927989981,0.0226117440841367,5.0,7.0,2.0,4000.0,4000.0,4000.0,4000.0,228.0,0.9269406392694064,60.0,0.0231348637015781,0.0327962999872397,0.0889476000156719,0.1352761999878566,0.0022546033331309,10.767543859649123
test_000_1004,online,4000.0,0,16,0.4149746192893401,0.1153236040609137,0.0115799492385786,0.2880710659898477,0.7092504077888079,0.3185336048879837,0.342985842985843,0.1105647208121827,4.0,5.0,1.0,4000.0,4000.0,4000.0,4000.0,226.0,0.7021276595744681,60.0,0.1243088995897984,0.0364387999870814,0.0898037000151816,0.1403205000096932,0.0023386750001615,11.632743362831858
test_000_1005,online,4000.0,0,16,0.2413206262763784,0.0660313138189244,0.0233151803948264,0.1519741320626276,0.683632402885532,0.1838487972508591,0.1115618661257606,0.05428863172226,5.0,7.0,2.0,4000.0,4000.0,4000.0,4000.0,225.0,0.8712871287128713,60.0,0.057405074680583,0.0421221000142395,0.0797231000033207,0.1304738000326324,0.0021745633338772,9.88
test_000_1006,online,4000.0,0,16,0.380203979267681,0.0822604915565958,0.018558769436549,0.279384718274536,0.597346998837201,0.3486958227103353,0.2831125827814569,0.0737334893830463,5.0,6.0,1.0,4000.0,4000.0,4000.0,4000.0,224.0,0.6804123711340206,60.0,0.0796028880866425,0.0398816000088118,0.0946244000224396,0.1492715000349562,0.0024878583339159,10.964285714285714
test_000_1007,online,4000.0,0,16,0.5501801338136901,0.0718819694630296,0.0283067421513124,0.449991422199348,0.5917943052988621,0.5363833563399724,0.470670067238581,0.0650197289414994,2.0,4.0,2.0,4000.0,4000.0,4000.0,4000.0,223.0,0.495,60.0,0.0695412844036697,0.0432292000041343,0.0906475000083446,0.141450299997814,0.0023575049999635,11.161434977578477
test_000_1008,online,4000.0,0,16,0.3326414115204982,0.0477426050856253,0.0164331430548348,0.2684656633800381,0.3938478133038876,0.3019755409219191,0.2373803307223672,0.0403044455976474,2.0,3.0,1.0,4000.0,4000.0,4000.0,4000.0,224.0,0.7033492822966507,60.0,0.0419971160778658,0.0376901999989058,0.048329500015825,0.0940073000092525,0.0015667883334875,10.616071428571429
test_000_1009,online,4000.0,0,16,0.5548044422984065,0.0928697891517785,0.0143248028327699,0.447609850313858,0.8475846309197257,0.5191299281413867,0.4898405068822373,0.0856269113149847,3.0,6.0,3.0,4000.0,4000.0,4000.0,4000.0,229.0,0.4507772020725388,60.0,0.0936454849498327,0.0299204999755602,0.0835393999877851,0.1262403999571688,0.0021040066659528,12.069868995633188
test_000_1010,online,4000.0,0,16,0.3851800069905627,0.0527787486892694,0.018350227193289,0.3140510311080042,0.6956320783616177,0.345011424219345,0.3094568275265094,0.0410695560992659,5.0,6.0,1.0,4000.0,4000.0,4000.0,4000.0,221.0,0.6908212560386473,60.0,0.0428285037361035,0.0395204000233206,0.0761153999774251,0.1254693000228144,0.0020911550003802,10.84162895927602
test_000_1011,online,4000.0,0,16,0.3397559409120103,0.0855812459858702,0.0208734746307,0.2333012202954399,0.7090969211638155,0.275211701308699,0.2830188679245283,0.0828516377649325,3.0,4.0,1.0,4000.0,4000.0,4000.0,4000.0,233.0,0.75,60.0,0.0903361344537815,0.1544782999844756,0.0661365000123623,0.2316693000029772,0.0038611550000496,10.832618025751072
test_000_1012,online,4000.0,0,16,0.5155127617300932,0.1242549289316827,0.0221610881858474,0.369096744612563,0.861514541334766,0.5204595847611369,0.4897644728153202,0.1208925569310713,2.0,4.0,2.0,4000.0,4000.0,4000.0,4000.0,235.0,0.5,60.0,0.1375173852573018,0.0369928999862168,0.0800854999979492,0.1279629999771714,0.0021327166662861,14.76595744680851
test_000_1013,online,4000.0,0,16,0.1922410807066158,0.0481468652580533,0.0223415310010391,0.1217526844475233,0.7266800911432554,0.1615238095238095,0.1081314878892733,0.0453758226532732,5.0,4.0,-1.0,4000.0,4000.0,4000.0,4000.0,225.0,0.8605769230769231,60.0,0.047532656023222,0.0430142999975942,0.0872692000120878,0.1444722000160254,0.002407870000267,11.622222222222222
test_000_1014,online,4000.0,0,16,0.294239009681003,0.0968100301539438,0.0172988414537375,0.1801301380733217,0.7303946791109625,0.1720766523269456,0.1359689213893967,0.094588160609427,5.0,7.0,2.0,4000.0,4000.0,4000.0,4000.0,232.0,0.8756476683937824,60.0,0.1035933391761612,0.0412284999911207,0.0677598000038415,0.122639600012917,0.0020439933335486,8.357758620689655
test_000_1015,online,4000.0,0,16,0.1470538291730344,0.0485651214128035,0.0249617931737137,0.0735269145865172,0.1509529641197073,0.0869484267361757,0.044359949302915,0.0439803022584479,3.0,7.0,4.0,4000.0,4000.0,4000.0,4000.0,230.0,0.9389671361502347,60.0,0.0460035523978685,0.0424814999860245,0.0650712000206112,0.1197799000074155,0.0019963316667902,9.278260869565218
test_000_1016,online,4000.0,0,16,0.3603810775295664,0.0905059132720105,0.0226675427069645,0.2472076215505913,0.5494848278278419,0.2859387274155538,0.264053751399776,0.0818002628120893,4.0,6.0,2.0,4000.0,4000.0,4000.0,4000.0,227.0,0.7487437185929648,60.0,0.089087656529517,0.0373062000144273,0.0775527999794576,0.1292142999882344,0.0021535716664705,8.656387665198238
test_000_1017,online,4000.0,0,16,0.3024021059559065,0.0771635406383678,0.02319842053307,0.2020401447844685,0.3286151968038223,0.2453047144499808,0.1324425691514299,0.0707469562356038,4.0,8.0,4.0,4000.0,4000.0,4000.0,4000.0,230.0,0.81,60.0,0.0761331444759206,0.0428375000192318,0.0785807999782264,0.1313694000127725,0.0021894900002128,8.226086956521739
test_000_1018,online,4000.0,0,16,0.3146551724137931,0.0667241379310344,0.0236206896551724,0.2243103448275862,0.3019656722011989,0.237926972909305,0.1068397403894158,0.0608620689655172,2.0,4.0,2.0,4000.0,4000.0,4000.0,4000.0,222.0,0.805,60.0,0.0648063154029741,0.0400287999946158,0.0720550999976694,0.1252066000015474,0.0020867766666924,6.585585585585585
test_000_1019,online,4000.0,0,16,0.326590090862335,0.0560603463055031,0.0204011657809017,0.25012857877593,0.6711397730540167,0.2737982139464184,0.2612883804936785,0.0488599348534201,4.0,5.0,1.0,4000.0,4000.0,4000.0,4000.0,225.0,0.7476190476190476,60.0,0.0513698630136986,0.0426734999928157,0.1039890999963972,0.1605597999878227,0.0026759966664637,12.377777777777778
test_000_1020,online,4000.0,0,16,0.5075579442391669,0.0935505542492442,0.0298958683238159,0.3841115216661068,0.8053740932398284,0.4826262626262626,0.4193310378750615,0.0843130668458179,4.0,5.0,1.0,4000.0,4000.0,4000.0,4000.0,223.0,0.5549738219895288,60.0,0.0920763022743947,0.0415511000028345,0.0820206000062171,0.1368964999855961,0.0022816083330932,10.15695067264574
test_000_1021,online,4000.0,0,16,0.4071197411003236,0.1111650485436893,0.0132686084142394,0.2826860841423948,0.6063880230817947,0.337968561064087,0.3136886593096971,0.0985436893203883,5.0,8.0,3.0,4000.0,4000.0,4000.0,4000.0,223.0,0.6594594594594595,60.0,0.1093161012385568,0.0403913000191096,0.0769492000108584,0.1328646000183653,0.002214410000306,10.573991031390134
test_000_1022,online,4000.0,0,16,0.51681537405628,0.0427247769389155,0.0250514756348661,0.4490391214824983,0.8124797999880131,0.511731843575419,0.4662750217580504,0.039293067947838,5.0,4.0,-1.0,4000.0,4000.0,4000.0,4000.0,229.0,0.5213270142180095,60.0,0.0409001607429898,0.0365194999903906,0.1052847999962978,0.1504086999921128,0.0025068116665352,14.292576419213974
test_000_1023,online,4000.0,0,16,0.4439525691699604,0.1141501976284585,0.0232411067193675,0.3065612648221343,0.8234736509695871,0.4050581276769325,0.3470643939393939,0.1124110671936758,5.0,6.0,1.0,4000.0,4000.0,4000.0,4000.0,230.0,0.6324324324324324,60.0,0.1266476665479159,0.0463370000070426,0.0783222999889403,0.1360778999805916,0.0022679649996765,11.217391304347826
test_000_1000,online,8000.0,0,32,0.4105068193298535,0.0756019531907728,0.0227310995117023,0.3121737666273783,0.4264260013590547,0.3424283765347885,0.3095549738219895,0.0680249200202054,3.0,6.0,3.0,8000.0,8000.0,8000.0,8000.0,225.0,0.7035175879396985,60.0,0.0729900632339656,0.1145858000090811,0.1561302000191062,0.2877678000368178,0.0047961300006136,11.991111111111111
test_000_1001,online,8000.0,0,32,0.2105929139551699,0.064172089660159,0.0448300795372378,0.1015907447577729,0.2304908718890269,0.1500605082694635,0.0301204819277108,0.051879971077368,3.0,4.0,1.0,8000.0,8000.0,8000.0,8000.0,217.0,0.9090909090909092,60.0,0.0547187797902764,0.1213417999970261,0.0698479000129737,0.2078291999932844,0.003463819999888,5.9953917050691246
test_000_1002,online,8000.0,0,32,0.3746065057712487,0.0431969220006995,0.0269324938789786,0.3044770898915704,0.7467050868956809,0.3497934660157716,0.2784525416104363,0.0342777194823364,3.0,3.0,0.0,8000.0,8000.0,8000.0,8000.0,225.0,0.6857142857142857,60.0,0.0354943860919956,0.0493852000217884,0.1628250000067055,0.2278094000357668,0.0037968233339294,17.822222222222223
test_000_1003,online,8000.0,0,32,0.1312883435582822,0.0255915863277826,0.024715162138475,0.0809815950920245,0.1812038970682525,0.0993207270056912,0.0557294927989981,0.0226117440841367,5.0,7.0,2.0,8000.0,8000.0,8000.0,8000.0,228.0,0.9269406392694064,60.0,0.0231348637015781,0.0478252999891992,0.141596200002823,0.2058700999768916,0.0034311683329481,13.916666666666666
test_000_1004,online,8000.0,0,32,0.4243337563451776,0.1153236040609137,0.0115799492385786,0.2974302030456853,0.4522333858323509,0.3670061099796334,0.3685113685113685,0.1105647208121827,4.0,9.0,5.0,8000.0,8000.0,8000.0,8000.0,226.0,0.648936170212766,60.0,0.1243088995897984,0.053108299995074,0.1384151999955065,0.2078021999914199,0.0034633699998569,15.199115044247788
test_000_1005,online,8000.0,0,32,0.2413206262763784,0.0660313138189244,0.0233151803948264,0.1519741320626276,0.683632402885532,0.1838487972508591,0.1115618661257606,0.05428863172226,5.0,7.0,2.0,8000.0,8000.0,8000.0,8000.0,225.0,0.8712871287128713,60.0,0.057405074680583,0.0450219000049401,0.1252355999895371,0.1892058000084944,0.0031534300001415,11.48
test_000_1006,online,8000.0,0,32,0.3853870590202307,0.0822604915565958,0.018558769436549,0.2845677980270857,0.4102081742816906,0.3486958227103353,0.2831125827814569,0.0737334893830463,5.0,6.0,1.0,8000.0,8000.0,8000.0,8000.0,224.0,0.6958762886597938,60.0,0.0796028880866425,0.0440288000099826,0.1241694000200368,0.1830489000421948,0.0030508150007032,14.482142857142858
test_000_1007,online,8000.0,0,32,0.6843369360096071,0.0718819694630296,0.0283067421513124,0.584148224395265,0.7335756874075019,0.6890159731808322,0.650591235798748,0.0650197289414994,2.0,4.0,2.0,8000.0,8000.0,8000.0,8000.0,223.0,0.355,60.0,0.0695412844036697,0.056206800014479,0.1139115999976638,0.1865071000065654,0.003108451666776,14.170403587443946
test_000_1008,online,8000.0,0,32,0.3326414115204982,0.0477426050856253,0.0164331430548348,0.2684656633800381,0.3938478133038876,0.3019755409219191,0.2373803307223672,0.0403044455976474,2.0,3.0,1.0,8000.0,8000.0,8000.0,8000.0,224.0,0.7033492822966507,60.0,0.0419971160778658,0.0413494999811518,0.0997770000249147,0.1556849000044167,0.0025947483334069,12.794642857142858
test_000_1009,online,8000.0,0,32,0.4537260582649284,0.0928697891517785,0.0143248028327699,0.3465314662803798,0.7990257176452547,0.427850067974364,0.3768844221105528,0.0856269113149847,3.0,4.0,1.0,8000.0,8000.0,8000.0,8000.0,229.0,0.6062176165803109,60.0,0.0936454849498327,0.0375121999823022,0.1437003999890294,0.1970550999685656,0.0032842516661427,15.183406113537115
test_000_1010,online,8000.0,0,32,0.3795875567983223,0.0527787486892694,0.018350227193289,0.3084585809157637,0.5092845723971839,0.3299695354150799,0.2873836831854577,0.0410695560992659,5.0,8.0,3.0,8000.0,8000.0,8000.0,8000.0,221.0,0.7004830917874396,60.0,0.0428285037361035,0.2087803000176791,0.0763939000025857,0.3001767000241671,0.0050029450004027,12.723981900452488
test_000_1011,online,8000.0,0,32,0.3317276814386641,0.0855812459858702,0.0208734746307,0.2252729608220937,0.6971546323905646,0.2655889145496535,0.2749899638699317,0.0828516377649325,3.0,4.0,1.0,8000.0,8000.0,8000.0,8000.0,233.0,0.7598039215686274,60.0,0.0903361344537815,0.0337676999915856,0.0796032000216655,0.1268758000223897,0.0021145966670398,13.274678111587985
test_000_1012,online,8000.0,0,32,0.5636558153752101,0.1242549289316827,0.0221610881858474,0.41723979825768,0.8194879114204957,0.5670227776657932,0.4998899405679066,0.1208925569310713,2.0,7.0,5.0,8000.0,8000.0,8000.0,8000.0,235.0,0.4574468085106383,60.0,0.1375173852573018,0.0344091999868396,0.1440302999981213,0.1861087999714072,0.0031018133328567,22.391489361702128
test_000_1013,online,8000.0,0,32,0.1922410807066158,0.0481468652580533,0.0223415310010391,0.1217526844475233,0.7266800911432554,0.1615238095238095,0.1081314878892733,0.0453758226532732,5.0,4.0,-1.0,8000.0,8000.0,8000.0,8000.0,225.0,0.8605769230769231,60.0,0.047532656023222,0.0380765000008977,0.1448619999864604,0.2302128999726846,0.0038368816662114,14.831111111111111
test_000_1014,online,8000.0,0,32,0.294239009681003,0.0968100301539438,0.0172988414537375,0.1801301380733217,0.7303946791109625,0.1720766523269456,0.1359689213893967,0.094588160609427,5.0,7.0,2.0,8000.0,8000.0,8000.0,8000.0,232.0,0.8756476683937824,60.0,0.1035933391761612,0.0353685999871231,0.0699201000097673,0.1190039000066462,0.0019833983334441,9.155172413793103
test_000_1015,online,8000.0,0,32,0.1470538291730344,0.0485651214128035,0.0249617931737137,0.0735269145865172,0.1509529641197073,0.0869484267361757,0.044359949302915,0.0439803022584479,3.0,7.0,4.0,8000.0,8000.0,8000.0,8000.0,230.0,0.9389671361502347,60.0,0.0460035523978685,0.0362923000066075,0.075947500008624,0.1230092000041622,0.0020501533334027,10.217391304347826
test_000_1016,online,8000.0,0,32,0.3554533508541393,0.0905059132720105,0.0226675427069645,0.2422798948751642,0.5539958883733853,0.2800471327572663,0.2609182530795073,0.0818002628120893,4.0,6.0,2.0,8000.0,8000.0,8000.0,8000.0,227.0,0.7587939698492462,60.0,0.089087656529517,0.0411593000171706,0.0794670000032056,0.1342337000241968,0.0022372283337366,10.193832599118943
test_000_1017,online,8000.0,0,32,0.3024021059559065,0.0771635406383678,0.02319842053307,0.2020401447844685,0.3286151968038223,0.2453047144499808,0.1324425691514299,0.0707469562356038,4.0,8.0,4.0,8000.0,8000.0,8000.0,8000.0,230.0,0.81,60.0,0.0761331444759206,0.0369784999929834,0.0821062999893911,0.1325769999821204,0.0022096166663686,9.221739130434782
test_000_1018,online,8000.0,0,32,0.3146551724137931,0.0667241379310344,0.0236206896551724,0.2243103448275862,0.3019656722011989,0.237926972909305,0.1068397403894158,0.0608620689655172,2.0,4.0,2.0,8000.0,8000.0,8000.0,8000.0,222.0,0.805,60.0,0.0648063154029741,0.0405476000159978,0.0414938000030815,0.0939625000173691,0.0015660416669561,6.824324324324325
test_000_1019,online,8000.0,0,32,0.3223041316646665,0.0560603463055031,0.0204011657809017,0.2458426195782616,0.662481546146069,0.2690480714421432,0.2586795103351395,0.0488599348534201,4.0,5.0,1.0,8000.0,8000.0,8000.0,8000.0,225.0,0.7523809523809524,60.0,0.0513698630136986,0.0386224999965634,0.1137333999795373,0.1674256999685894,0.0027904283328098,17.04
test_000_1020,online,8000.0,0,32,0.5063822640241854,0.0935505542492442,0.0298958683238159,0.3829358414511253,0.7929128296820737,0.4775757575757576,0.4153959665518937,0.0843130668458179,4.0,5.0,1.0,8000.0,8000.0,8000.0,8000.0,223.0,0.5497382198952879,60.0,0.0920763022743947,0.0450121999892871,0.1029091000091284,0.1625895999895874,0.0027098266664931,11.515695067264572
test_000_1021,online,8000.0,0,32,0.4522653721682848,0.1111650485436893,0.0132686084142394,0.327831715210356,0.6932615857397499,0.3810963321241435,0.3547781169288565,0.0985436893203883,5.0,10.0,5.0,8000.0,8000.0,8000.0,8000.0,223.0,0.6108108108108108,60.0,0.1093161012385568,0.0455252999963704,0.1019032000040169,0.1613375000015366,0.0026889583333589,11.789237668161435
test_000_1022,online,8000.0,0,32,0.6535689773507206,0.0427247769389155,0.0250514756348661,0.5857927247769389,1.0756701325092255,0.6415270018621974,0.6109660574412533,0.039293067947838,5.0,6.0,1.0,8000.0,8000.0,8000.0,8000.0,229.0,0.3981042654028436,60.0,0.0409001607429898,0.0419768000137992,0.1814880000019911,0.2373191000078804,0.0039553183334646,23.519650655021834
test_000_1023,online,8000.0,0,32,0.3939920948616601,0.1141501976284585,0.0232411067193675,0.256600790513834,0.7192527502928112,0.3326534774627779,0.2462121212121212,0.1124110671936758,5.0,6.0,1.0,8000.0,8000.0,8000.0,8000.0,230.0,0.7189189189189189,60.0,0.1266476665479159,0.0438234999892301,0.1116811000101734,0.1712503999879118,0.0028541733331318,12.8
test_001_1000,online,0.0,1,0,0.1334619431778323,0.0445457734128376,0.0310417397404419,0.0578744300245527,0.1959692692067458,0.0993098159509202,0.0468850353243416,0.0426166257453525,2.0,2.0,0.0,0.0,0.0,0.0,0.0,225.0,0.9342723004694836,60.0,0.0445136471881296,0.0448268000036478,0.0150143000064417,0.0685062000120524,0.0011417700002008,1.0
test_001_1001,online,0.0,1,0,0.3560525381611643,0.0532481363152289,0.0383386581469648,0.2644657436989705,0.6546630109581765,0.3272762797967956,0.2196096872795673,0.0457933972310969,4.0,5.0,1.0,0.0,0.0,0.0,0.0,222.0,0.7205882352941176,60.0,0.0479910714285714,0.0350628000160213,0.0164135000086389,0.0606188000238034,0.00101031333373,1.0
test_001_1002,online,0.0,1,0,0.22412109375,0.0812174479166666,0.01708984375,0.1258138020833333,0.2889033546186214,0.1503079291762894,0.0713608345187292,0.0771484375,2.0,3.0,1.0,0.0,0.0,0.0,0.0,230.0,0.8883248730964467,60.0,0.0835978835978836,0.0343560999899636,0.0233751999912783,0.0695369999739341,0.0011589499995655,1.0
test_001_1003,online,0.0,1,0,0.264437166005861,0.1063609722461644,0.0329253576969488,0.1251508360627478,0.3530010585188566,0.2081998718770019,0.13,0.0963626960868815,2.0,3.0,1.0,0.0,0.0,0.0,0.0,215.0,0.8571428571428571,60.0,0.1066386875238458,0.0390346999920439,0.0316377999843098,0.0847177999676205,0.0014119633327936,1.0
test_001_1004,online,0.0,1,0,0.3184757909456389,0.0499912602691837,0.0288411116937598,0.2396434189826953,0.7075622221788559,0.2694300518134715,0.2361351819757365,0.0445726271630833,4.0,4.0,0.0,0.0,0.0,0.0,0.0,224.0,0.7692307692307693,60.0,0.0466520307354555,0.0442501000070478,0.0251978000160306,0.0838055000349413,0.0013967583339156,1.0
test_001_1005,online,0.0,1,0,0.1597257926306769,0.0363324764353042,0.0260497000856898,0.0973436161096829,0.2676780294618402,0.1352195480433584,0.0411111111111111,0.0335904027420736,2.0,2.0,0.0,0.0,0.0,0.0,0.0,231.0,0.9158878504672896,60.0,0.0347579358042206,0.0388887999870348,0.025060999993002,0.07661099996767,0.0012768499994611,1.0
test_001_1006,online,0.0,1,0,0.3055821371610845,0.1097288676236044,0.0267942583732057,0.1690590111642743,0.6197460336759825,0.1971974004874086,0.1647753064003631,0.1076555023923445,5.0,4.0,-1.0,0.0,0.0,0.0,0.0,230.0,0.8549222797927462,60.0,0.1199285075960679,0.0376149000076111,0.0186369000002741,0.0692248000123072,0.0011537466668717,1.0
test_001_1007,online,0.0,1,0,0.2835846767204021,0.0598023920956838,0.0261743803085456,0.1976079043161726,0.4765904232967431,0.2577139530370658,0.1912341407151095,0.0533888022187554,5.0,5.0,0.0,0.0,0.0,0.0,0.0,223.0,0.7821782178217822,60.0,0.0563999267533418,0.0292531999875791,0.0144043999898713,0.0534506999829318,0.0008908449997155,1.0
test_001_1008,online,0.0,1,0,0.331571121757806,0.0847513629605154,0.0264331736329093,0.2203865851643813,0.6294747514839362,0.2653141619066377,0.2255907267053054,0.0806211795803733,5.0,7.0,2.0,0.0,0.0,0.0,0.0,228.0,0.7810945273631841,60.0,0.0876909254267744,0.0276665999845135,0.0162566000071819,0.0516478999925311,0.0008607983332088,1.0
test_001_1009,online,0.0,1,0,0.5366892851507022,0.0875808742307085,0.0146757140602808,0.4344326968597128,0.9771968135658377,0.4810078259209773,0.4940681209337926,0.0866340539687549,3.0,2.0,-1.0,0.0,0.0,0.0,0.0,235.0,0.5467980295566502,60.0,0.094851416724257,0.0296023999981116,0.0153444999887142,0.0529021999682299,0.0008817033328038,1.0
test_001_1010,online,0.0,1,0,0.437099161322151,0.0935701364907087,0.0226936359151455,0.3208353889162966,0.94885423915784,0.3912437810945273,0.3221243042671614,0.0868278243709916,5.0,3.0,-2.0,0.0,0.0,0.0,0.0,226.0,0.6528497409326425,60.0,0.095083738519719,0.0424035999749321,0.0285057000000961,0.0859673999948427,0.001432789999914,1.0
test_001_1011,online,0.0,1,0,0.2048450889914304,0.0980553724456163,0.025049439683586,0.081740276862228,0.2647353670992102,0.1399276236429433,0.1086283185840708,0.0901450230718523,2.0,3.0,1.0,0.0,0.0,0.0,0.0,225.0,0.9123711340206184,60.0,0.0990762543017569,0.0484882000018842,0.026429299992742,0.0899445000104606,0.0014990750001743,1.0
test_001_1012,online,0.0,1,0,0.3238860022043772,0.1143127066603684,0.0236183278223901,0.1859549677216186,0.6449654908024032,0.2625025515411308,0.1915527950310559,0.1143127066603684,5.0,3.0,-2.0,0.0,0.0,0.0,0.0,231.0,0.776595744680851,60.0,0.1290666666666666,0.110026000009384,0.0295094000175595,0.1553960000164806,0.002589933333608,1.0
test_001_1013,online,0.0,1,0,0.2174540209159755,0.0358817165524702,0.0320952037504507,0.1494771006130544,0.2672670324163215,0.2023176291793313,0.119459219858156,0.0254237288135593,2.0,3.0,1.0,0.0,0.0,0.0,0.0,221.0,0.8443396226415094,60.0,0.0260869565217391,0.0429054999840445,0.0284518999978899,0.0851454999938141,0.0014190916665635,1.0
test_001_1014,online,0.0,1,0,0.184318414759139,0.0702084045097369,0.0310898530919029,0.0830201571574991,0.222770849080148,0.1386619992220925,0.0770419426048565,0.0608131192347113,2.0,3.0,1.0,0.0,0.0,0.0,0.0,225.0,0.9033816425120772,60.0,0.064750818479447,0.0374143999943044,0.0255029000109061,0.0777110000199172,0.0012951833336652,1.0
test_001_1015,online,0.0,1,0,0.3138297872340425,0.0779587765957446,0.0254321808510638,0.210438829787234,0.354522012520799,0.2439641744548286,0.2047609016220771,0.0731382978723404,2.0,4.0,2.0,0.0,0.0,0.0,0.0,228.0,0.801980198019802,60.0,0.078909612625538,0.040310699987458,0.0130414000013843,0.0617682999873068,0.0010294716664551,1.0
test_001_1016,online,0.0,1,0,0.3560999351070733,0.1132381570408825,0.0176833225178455,0.2251784555483452,0.4971037757539491,0.2345883326437732,0.2423857868020304,0.1078844905905256,3.0,4.0,1.0,0.0,0.0,0.0,0.0,223.0,0.8042328042328042,60.0,0.1209310783778868,0.0323798000172246,0.0261649000167381,0.0717585000384133,0.0011959750006402,1.0
test_001_1017,online,0.0,1,0,0.5035081857667891,0.0751754092883394,0.0190444370197126,0.409288339458737,0.8173810754095051,0.4708850931677019,0.4096069868995633,0.0696625459405279,5.0,4.0,-1.0,0.0,0.0,0.0,0.0,226.0,0.5544554455445545,60.0,0.0748787933201652,0.0455712999973911,0.0148825000214856,0.0737176999973598,0.0012286283332893,1.0
test_001_1018,online,0.0,1,0,0.4504646401008033,0.1015908017010552,0.015120491415971,0.3337533469837769,0.7974507776388278,0.3783995304245744,0.2958046930552263,0.0974956686092298,5.0,3.0,-2.0,0.0,0.0,0.0,0.0,232.0,0.675392670157068,60.0,0.1080279232111692,0.0378459999919869,0.0267258999811019,0.078119899961166,0.0013019983326861,1.0
test_001_1019,online,0.0,1,0,0.3702190258254331,0.1015037593984962,0.0127492644655116,0.2559660019614253,0.6747502834017151,0.3271852445870088,0.2793023255813953,0.092350441320693,5.0,5.0,0.0,0.0,0.0,0.0,0.0,223.0,0.703125,60.0,0.1017468035296236,0.0419484000012744,0.0241829000005964,0.0763584999949671,0.0012726416665827,1.0
test_001_1020,online,0.0,1,0,0.5614973262032086,0.0886665516646541,0.0331205796101431,0.4397101949284112,0.9930882742191636,0.5296181630546956,0.437420341575325,0.0821114369501466,5.0,2.0,-3.0,0.0,0.0,0.0,0.0,219.0,0.5130890052356021,60.0,0.0894568690095846,0.0406511000182945,0.0225705000048037,0.0778820000123232,0.0012980333335387,1.0
test_001_1021,online,0.0,1,0,0.5628714419768533,0.1207381920550516,0.0200187675946199,0.4221144823271817,0.967124005104434,0.5119967466449776,0.4788909892879647,0.1154207069127306,4.0,3.0,-1.0,0.0,0.0,0.0,0.0,230.0,0.5263157894736842,60.0,0.1304809052333805,0.0313471000117715,0.0138061000034213,0.0527846000040881,0.0008797433334014,1.0
test_001_1022,online,0.0,1,0,0.2301400031461381,0.1000471920717319,0.0124272455560799,0.1176655655183262,0.3457170937265038,0.1670871337085193,0.1624923640806353,0.0946987572754444,2.0,2.0,0.0,0.0,0.0,0.0,0.0,232.0,0.8673469387755102,60.0,0.1046046915725456,0.0301221999980043,0.0164087999728508,0.056658299989067,0.0009443049998177,1.0
test_001_1023,online,0.0,1,0,0.1618063656057324,0.071154807532078,0.0168305282452924,0.0738210298283619,0.2359856142634593,0.1112813637234246,0.047520184544406,0.0649891684719213,2.0,2.0,0.0,0.0,0.0,0.0,0.0,227.0,0.9346733668341708,60.0,0.0695063268579575,0.0293893999769352,0.0231727999926079,0.0617571999900974,0.0010292866665016,1.0
test_001_1000,online,250.0,1,1,0.1160996141704665,0.0445457734128376,0.0310417397404419,0.0405121010171869,0.1596578388507183,0.0803297546012269,0.0316848640548062,0.0426166257453525,2.0,2.0,0.0,250.0,250.0,250.0,250.0,225.0,0.9530516431924884,60.0,0.0445136471881296,0.0606177000154275,0.0350803000037558,0.109289300016826,0.0018214883336137,1.96
test_001_1001,online,250.0,1,1,0.2852325168619098,0.0532481363152289,0.0383386581469648,0.193645722399716,0.529426277055166,0.2444314185228605,0.1469550905243357,0.0457933972310969,4.0,5.0,1.0,250.0,250.0,250.0,250.0,222.0,0.8088235294117647,60.0,0.0479910714285714,0.0349711999879218,0.0222655999823473,0.0670953999797348,0.0011182566663289,1.954954954954955
test_001_1002,online,250.0,1,1,0.2491861979166666,0.0812174479166666,0.01708984375,0.15087890625,0.2576707313777574,0.1543494996150885,0.0680417259364627,0.0771484375,2.0,3.0,1.0,250.0,250.0,250.0,250.0,230.0,0.8883248730964467,60.0,0.0835978835978836,0.0363722000038251,0.0325298999960068,0.083085199992638,0.0013847533332106,1.9695652173913043
test_001_1003,online,250.0,1,1,0.2159972418548526,0.1063609722461644,0.0329253576969488,0.0767109119117393,0.2860644225939585,0.1481956011103993,0.0889473684210526,0.0963626960868815,2.0,3.0,1.0,250.0,250.0,250.0,250.0,215.0,0.912087912087912,60.0,0.1066386875238458,0.0367603000195231,0.019517500011716,0.0691140000417362,0.0011519000006956,1.9348837209302323
test_001_1004,online,250.0,1,1,0.2905086523335081,0.0499912602691837,0.0288411116937598,0.2116762803705645,0.6316860136073663,0.2300901938207637,0.2142547660311958,0.0445726271630833,4.0,4.0,0.0,250.0,250.0,250.0,250.0,224.0,0.8125,60.0,0.0466520307354555,0.0315277999907266,0.0196149999974295,0.0613034999987576,0.0010217249999792,1.946428571428572
test_001_1005,online,250.0,1,1,0.1239074550128534,0.0363324764353042,0.0260497000856898,0.0615252784918594,0.1883596121104448,0.096821605732133,0.018,0.0335904027420736,2.0,2.0,0.0,250.0,250.0,250.0,250.0,231.0,0.9485981308411215,60.0,0.0347579358042206,0.0459660999767947,0.036874399986118,0.0989199999603442,0.0016486666660057,1.9696969696969693
test_001_1006,online,250.0,1,1,0.343859649122807,0.1097288676236044,0.0267942583732057,0.2073365231259968,0.7424567396321359,0.2408610885458976,0.228551974580118,0.1076555023923445,5.0,5.0,0.0,250.0,250.0,250.0,250.0,230.0,0.8031088082901554,60.0,0.1199285075960679,0.0398922000022139,0.0291197000187821,0.0856837000173982,0.0014280616669566,1.9695652173913043
test_001_1007,online,250.0,1,1,0.2913849887328826,0.0598023920956838,0.0261743803085456,0.2054082163286531,0.4663593750664859,0.2604308169998059,0.1893886966551326,0.0533888022187554,5.0,7.0,2.0,250.0,250.0,250.0,250.0,223.0,0.7772277227722773,60.0,0.0563999267533418,0.0428936000098474,0.0184010000084526,0.076231800019741,0.001270530000329,1.9641255605381165
test_001_1008,online,250.0,1,1,0.2762266644639022,0.0847513629605154,0.0264331736329093,0.1650421278704774,0.4290494237118755,0.2077998818199724,0.1687472135532768,0.0806211795803733,5.0,8.0,3.0,250.0,250.0,250.0,250.0,228.0,0.8308457711442786,60.0,0.0876909254267744,0.0371579999919049,0.0292558000073768,0.0801353999995626,0.0013355899999927,1.9605263157894737
test_001_1009,online,250.0,1,1,0.3026668770711693,0.0875808742307085,0.0146757140602808,0.2004102887801798,0.6434108104801087,0.2613094101927848,0.234404898584003,0.0866340539687549,3.0,3.0,0.0,250.0,250.0,250.0,250.0,235.0,0.7635467980295566,60.0,0.094851416724257,0.0360898999788332,0.0351596999971661,0.0941969999694265,0.0015699499994904,1.987234042553192
test_001_1010,online,250.0,1,1,0.4494326591021214,0.0935701364907087,0.0226936359151455,0.333168886696267,0.796221088294549,0.4165174129353234,0.3480983302411873,0.0868278243709916,5.0,3.0,-2.0,250.0,250.0,250.0,250.0,226.0,0.6269430051813472,60.0,0.095083738519719,0.0460945999948307,0.0384878999902866,0.0978472999995574,0.0016307883333259,1.9646017699115044
test_001_1011,online,250.0,1,1,0.1478246539222149,0.0980553724456163,0.025049439683586,0.0247198417930125,0.1790648142170486,0.0703659026940088,0.063716814159292,0.0901450230718523,2.0,2.0,0.0,250.0,250.0,250.0,250.0,225.0,0.9742268041237112,60.0,0.0990762543017569,0.0344121000089217,0.0277619000116828,0.075125100032892,0.0012520850005482,1.951111111111111
test_001_1012,online,250.0,1,1,0.2766493465595969,0.1143127066603684,0.0236183278223901,0.1387183120768383,0.4884835932359883,0.1773831394162074,0.1160248447204969,0.1143127066603684,5.0,6.0,1.0,250.0,250.0,250.0,250.0,231.0,0.8617021276595744,60.0,0.1290666666666666,0.0403878000215627,0.0317336999869439,0.0813128000299912,0.0013552133338331,1.9783549783549783
test_001_1013,online,250.0,1,1,0.134511359538406,0.0358817165524702,0.0320952037504507,0.066534439235485,0.2080856170706617,0.1149316109422492,0.0562943262411347,0.0254237288135593,2.0,2.0,0.0,250.0,250.0,250.0,250.0,221.0,0.9339622641509434,60.0,0.0260869565217391,0.0448817000142298,0.0809108999965246,0.1402822000382002,0.0023380366673033,1.9457013574660635
test_001_1014,online,250.0,1,1,0.1617697300990775,0.0702084045097369,0.0310898530919029,0.0604714724974376,0.1740345990172202,0.1042395954881369,0.0518763796909492,0.0608131192347113,2.0,3.0,1.0,250.0,250.0,250.0,250.0,225.0,0.9420289855072465,60.0,0.064750818479447,0.0802966000046581,0.0299273999989964,0.1249149999930523,0.0020819166665508,1.9555555555555555
test_001_1015,online,250.0,1,1,0.2895611702127659,0.0779587765957446,0.0254321808510638,0.1861702127659574,0.3198225300839316,0.2155373831775701,0.1807457341478828,0.0731382978723404,2.0,3.0,1.0,250.0,250.0,250.0,250.0,228.0,0.8316831683168316,60.0,0.078909612625538,0.0771125000028405,0.0384556999779306,0.1311221999931149,0.0021853699998852,1.969298245614035
test_001_1016,online,250.0,1,1,0.3559377027903958,0.1132381570408825,0.0176833225178455,0.2250162232316677,0.4803457803998941,0.2250724038063715,0.2345600676818951,0.1078844905905256,3.0,5.0,2.0,250.0,250.0,250.0,250.0,223.0,0.8148148148148148,60.0,0.1209310783778868,0.0479105999984312,0.0411348999768961,0.1046413999574724,0.0017440233326245,1.9551569506726456
test_001_1017,online,250.0,1,1,0.2275309054460407,0.0751754092883394,0.0190444370197126,0.1333110591379886,0.4772368269520813,0.1675077639751552,0.105240174672489,0.0696625459405279,5.0,6.0,1.0,250.0,250.0,250.0,250.0,226.0,0.8663366336633663,60.0,0.0748787933201652,0.0657076000061351,0.0405504000082146,0.1219522000174038,0.0020325366669567,1.9734513274336285
test_001_1018,online,250.0,1,1,0.4120333910852102,0.1015908017010552,0.015120491415971,0.295322097968184,0.7509025388991355,0.3459205634905106,0.2721023939322114,0.0974956686092298,5.0,4.0,-1.0,250.0,250.0,250.0,250.0,232.0,0.6963350785340314,60.0,0.1080279232111692,0.0438370999763719,0.0251575000002048,0.084933899983298,0.0014155649997216,1.9655172413793105
test_001_1019,online,250.0,1,1,0.2937234390323635,0.1015037593984962,0.0127492644655116,0.1794704151683556,0.4901650655065545,0.23757016840417,0.1965116279069767,0.092350441320693,5.0,6.0,1.0,250.0,250.0,250.0,250.0,223.0,0.796875,60.0,0.1017468035296236,0.4521133999805897,0.0599106999870855,0.5304632999759633,0.0088410549995993,1.9641255605381165
test_001_1020,online,250.0,1,1,0.3463860617560807,0.0886665516646541,0.0331205796101431,0.2245989304812834,0.6817797875207157,0.3106295149638803,0.2350242161611012,0.0821114369501466,5.0,4.0,-1.0,250.0,250.0,250.0,250.0,219.0,0.743455497382199,60.0,0.0894568690095846,0.065174899995327,0.0550583000003825,0.1449623999942559,0.0024160399999042,1.9497716894977168
test_001_1021,online,250.0,1,1,0.3758210822646231,0.1207381920550516,0.0200187675946199,0.2350641226149515,0.6695592691495595,0.2757218381455876,0.2892249527410208,0.1154207069127306,4.0,3.0,-1.0,250.0,250.0,250.0,250.0,230.0,0.7684210526315789,60.0,0.1304809052333805,0.2774963999981992,0.0442831999971531,0.343324700021185,0.0057220783336864,1.9739130434782608
test_001_1022,online,250.0,1,1,0.1327670284725499,0.1000471920717319,0.0124272455560799,0.020292590844738,0.1559277172740799,0.0469629342130797,0.0602728568519649,0.0946987572754444,2.0,2.0,0.0,250.0,250.0,250.0,250.0,232.0,0.979591836734694,60.0,0.1046046915725456,0.0471424999996088,0.0399947999976575,0.1044799000083003,0.001741331666805,1.978448275862069
test_001_1023,online,250.0,1,1,0.1698050324945842,0.071154807532078,0.0168305282452924,0.0818196967172138,0.1961963540225203,0.1007469833365255,0.0352941176470588,0.0649891684719213,2.0,3.0,1.0,250.0,250.0,250.0,250.0,227.0,0.949748743718593,60.0,0.0695063268579575,0.051714000001084,0.0377475999994203,0.1064331000088714,0.0017738850001478,1.9691629955947136
test_001_1000,online,500.0,1,2,0.0950543668888109,0.0445457734128376,0.0310417397404419,0.0194668537355313,0.115954903185509,0.0573236196319018,0.0229073003639477,0.0426166257453525,2.0,2.0,0.0,500.0,500.0,500.0,500.0,225.0,0.976525821596244,60.0,0.0445136471881296,0.05710919998819,0.0231198999972548,0.0939111999759916,0.0015651866662665,2.897777777777778
test_001_1001,online,500.0,1,2,0.2541711040113596,0.0532481363152289,0.0383386581469648,0.1625843095491657,0.6144584442698046,0.2194216490816725,0.1446038090759464,0.0457933972310969,4.0,4.0,0.0,500.0,500.0,500.0,500.0,222.0,0.8235294117647058,60.0,0.0479910714285714,0.0386490999953821,0.0648975000076461,0.1661524999944958,0.0027692083332415,2.833333333333333
test_001_1002,online,500.0,1,2,0.2447916666666666,0.0812174479166666,0.01708984375,0.146484375,0.2528994250269841,0.1393379522709776,0.0564248458985301,0.0771484375,2.0,3.0,1.0,500.0,500.0,500.0,500.0,230.0,0.9086294416243654,60.0,0.0835978835978836,0.0331223999965004,0.0353580999944824,0.0822669999906793,0.0013711166665113,2.8521739130434782
test_001_1003,online,500.0,1,2,0.1753146009308739,0.1063609722461644,0.0329253576969488,0.0360282709877607,0.2112449962662979,0.0978005551996583,0.0528947368421052,0.0963626960868815,2.0,2.0,0.0,500.0,500.0,500.0,500.0,215.0,0.956043956043956,60.0,0.1066386875238458,0.0353066000097896,0.0292577999935019,0.0724487999978009,0.0012074799999633,2.823255813953488
test_001_1004,online,500.0,1,2,0.283866456913127,0.0499912602691837,0.0288411116937598,0.2050340849501835,0.6068919330346454,0.2245250431778929,0.214688041594454,0.0445726271630833,4.0,4.0,0.0,500.0,500.0,500.0,500.0,224.0,0.8173076923076923,60.0,0.0466520307354555,0.0372842000215314,0.0269943999883253,0.0729993000277318,0.0012166550004621,2.821428571428572
test_001_1005,online,500.0,1,2,0.1407026563838903,0.0363324764353042,0.0260497000856898,0.0783204798628963,0.1510159893404397,0.1089472717251515,0.0168888888888888,0.0335904027420736,2.0,3.0,1.0,500.0,500.0,500.0,500.0,231.0,0.9345794392523364,60.0,0.0347579358042206,0.0357943999988492,0.0221099999907892,0.0663248999917414,0.0011054149998623,2.9177489177489178
test_001_1006,online,500.0,1,2,0.3543859649122807,0.1097288676236044,0.0267942583732057,0.2178628389154705,0.9743528734607564,0.2528432168968318,0.2303676804357694,0.1076555023923445,5.0,5.0,0.0,500.0,500.0,500.0,500.0,230.0,0.7927461139896373,60.0,0.1199285075960679,0.0299726999946869,0.0255197999940719,0.0632629999890923,0.0010543833331515,2.891304347826087
test_001_1007,online,500.0,1,2,0.3179060495753163,0.0598023920956838,0.0261743803085456,0.2319292771710868,0.5064147741195285,0.2893460120318261,0.2281430219146482,0.0533888022187554,5.0,6.0,1.0,500.0,500.0,500.0,500.0,223.0,0.7475247524752475,60.0,0.0563999267533418,0.0397796999895945,0.0230932999984361,0.077010099979816,0.0012835016663302,2.878923766816144
test_001_1008,online,500.0,1,2,0.3074508508177763,0.0847513629605154,0.0264331736329093,0.1962663142243515,0.4051016324431242,0.2081938152452235,0.1711992866696388,0.0806211795803733,5.0,9.0,4.0,500.0,500.0,500.0,500.0,228.0,0.8208955223880597,60.0,0.0876909254267744,0.0420959999901242,0.0323138000094331,0.0860777999914716,0.0014346299998578,2.837719298245614
test_001_1009,online,500.0,1,2,0.4439008994792489,0.0875808742307085,0.0146757140602808,0.3416443111882594,0.9481767320082845,0.4044665012406948,0.397627248373517,0.0866340539687549,3.0,3.0,0.0,500.0,500.0,500.0,500.0,235.0,0.6157635467980296,60.0,0.094851416724257,0.0318139000155497,0.0221778999839443,0.0633586000185459,0.0010559766669757,2.9574468085106385
test_001_1010,online,500.0,1,2,0.5186646933070219,0.0935701364907087,0.0226936359151455,0.4024009209011676,0.8567507757670316,0.4714427860696517,0.4181354359925788,0.0868278243709916,5.0,3.0,-2.0,500.0,500.0,500.0,500.0,226.0,0.5803108808290155,60.0,0.095083738519719,0.0424310000089462,0.0208185999945271,0.0743876000051386,0.0012397933334189,2.871681415929204
test_001_1011,online,500.0,1,2,0.1438694792353329,0.0980553724456163,0.025049439683586,0.0207646671061305,0.1751697701763998,0.0655408122235625,0.0632743362831858,0.0901450230718523,2.0,2.0,0.0,500.0,500.0,500.0,500.0,225.0,0.9742268041237112,60.0,0.0990762543017569,0.0471559000143315,0.04481650001253,0.1087748000281862,0.0018129133338031,2.88
test_001_1012,online,500.0,1,2,0.2934970870729019,0.1143127066603684,0.0236183278223901,0.1555660525901432,0.5322312847210464,0.1743212900591957,0.1272049689440993,0.1143127066603684,5.0,7.0,2.0,500.0,500.0,500.0,500.0,231.0,0.8563829787234043,60.0,0.1290666666666666,0.0410419999971054,0.0817465000145603,0.1397053000109736,0.0023284216668495,2.9047619047619047
test_001_1013,online,500.0,1,2,0.1204471691309051,0.0358817165524702,0.0320952037504507,0.0524702488279841,0.1786118218025479,0.1001139817629179,0.0531914893617021,0.0254237288135593,2.0,2.0,0.0,500.0,500.0,500.0,500.0,221.0,0.9481132075471698,60.0,0.0260869565217391,0.0788486000092234,0.0521010000084061,0.1492052999965381,0.0024867549999423,2.8642533936651584
test_001_1014,online,500.0,1,2,0.1820977109668602,0.0702084045097369,0.0310898530919029,0.0807994533652203,0.1767095789309196,0.1178529754959159,0.0551876379690949,0.0608131192347113,2.0,3.0,1.0,500.0,500.0,500.0,500.0,225.0,0.9178743961352656,60.0,0.064750818479447,0.0944248999876435,0.0579694999905768,0.1704221999680157,0.0028403699994669,2.848888888888889
test_001_1015,online,500.0,1,2,0.2222406914893617,0.0779587765957446,0.0254321808510638,0.1188497340425532,0.2304870425357835,0.1076713395638629,0.1082789129976827,0.0731382978723404,2.0,3.0,1.0,500.0,500.0,500.0,500.0,228.0,0.9306930693069309,60.0,0.078909612625538,0.082935999991605,0.054016700014472,0.1534427000151481,0.0025573783335858,2.921052631578948
test_001_1016,online,500.0,1,2,0.3293316028552888,0.1132381570408825,0.0176833225178455,0.1984101232965607,0.4236427353372754,0.19528340918494,0.2104483925549915,0.1078844905905256,3.0,6.0,3.0,500.0,500.0,500.0,500.0,223.0,0.8465608465608465,60.0,0.1209310783778868,0.1461488000059034,0.0479213999933563,0.2099407000059727,0.0034990116667662,2.8295964125560538
test_001_1017,online,500.0,1,2,0.4575676578683595,0.0751754092883394,0.0190444370197126,0.3633478115603074,0.7732993019862558,0.4182841614906832,0.3517467248908297,0.0696625459405279,5.0,5.0,0.0,500.0,500.0,500.0,500.0,226.0,0.6138613861386139,60.0,0.0748787933201652,0.0442261999996844,0.0521245999843813,0.1098988999729044,0.0018316483328817,2.902654867256637
test_001_1018,online,500.0,1,2,0.4120333910852102,0.1015908017010552,0.015120491415971,0.295322097968184,0.740870875433305,0.3380943063979651,0.2583550604408627,0.0974956686092298,5.0,4.0,-1.0,500.0,500.0,500.0,500.0,232.0,0.7015706806282722,60.0,0.1080279232111692,0.0459422999992966,0.0291546999942511,0.0870453999959863,0.0014507566665997,2.875
test_001_1019,online,500.0,1,2,0.2664269369074861,0.1015037593984962,0.0127492644655116,0.1521739130434782,0.4476771878914426,0.1946672012830793,0.1651162790697674,0.092350441320693,5.0,6.0,1.0,500.0,500.0,500.0,500.0,223.0,0.84375,60.0,0.1017468035296236,0.0446188999922014,0.0321467000176198,0.090413099998841,0.0015068849999806,2.874439461883408
test_001_1020,online,500.0,1,2,0.4911160945316543,0.0886665516646541,0.0331205796101431,0.369328963256857,0.9269675966177856,0.4268317853457172,0.3956156003058883,0.0821114369501466,5.0,4.0,-1.0,500.0,500.0,500.0,500.0,219.0,0.6282722513089005,60.0,0.0894568690095846,0.0436944999964907,0.0399434999853838,0.0993488999956753,0.0016558149999279,2.863013698630137
test_001_1021,online,500.0,1,2,0.3601814200813262,0.1207381920550516,0.0200187675946199,0.2194244604316546,0.6415040923933728,0.2555917039446929,0.2877546733879437,0.1154207069127306,4.0,3.0,-1.0,500.0,500.0,500.0,500.0,230.0,0.7842105263157895,60.0,0.1304809052333805,0.0583388000086415,0.0529678000020794,0.1277816999936476,0.0021296949998941,2.930434782608696
test_001_1022,online,500.0,1,2,0.1249016831838917,0.1000471920717319,0.0124272455560799,0.0124272455560799,0.1410721706143349,0.0372598486318649,0.0541641213602117,0.0946987572754444,2.0,2.0,0.0,500.0,500.0,500.0,500.0,232.0,0.9897959183673468,60.0,0.1046046915725456,0.0403930000029504,0.024821700004395,0.0743477000214625,0.001239128333691,2.939655172413793
test_001_1023,online,500.0,1,2,0.1914680886518913,0.071154807532078,0.0168305282452924,0.1034827528745209,0.1874987944976161,0.1195173338440911,0.0343713956170703,0.0649891684719213,2.0,3.0,1.0,500.0,500.0,500.0,500.0,227.0,0.9246231155778896,60.0,0.0695063268579575,0.0429494999989401,0.029925800015917,0.0832945000147447,0.0013882416669124,2.9030837004405288
test_001_1000,online,1000.0,1,4,0.236759031918625,0.0445457734128376,0.0310417397404419,0.1611715187653455,0.2210047470331043,0.1940184049079754,0.1421537144080496,0.0426166257453525,2.0,3.0,1.0,1000.0,1000.0,1000.0,1000.0,225.0,0.8309859154929577,60.0,0.0445136471881296,0.0505753000034019,0.0385298999899532,0.0969020000193268,0.0016150333336554,4.742222222222222
test_001_1001,online,1000.0,1,4,0.2458288959886404,0.0532481363152289,0.0383386581469648,0.1542421015264465,0.4328617295318978,0.2035951543571707,0.1368445802962614,0.0457933972310969,4.0,5.0,1.0,1000.0,1000.0,1000.0,1000.0,222.0,0.8480392156862745,60.0,0.0479910714285714,0.0339441999967675,0.0381648000038694,0.0853077999781817,0.001421796666303,4.364864864864865
test_001_1002,online,1000.0,1,4,0.24072265625,0.0812174479166666,0.01708984375,0.1424153645833333,0.2487862298970072,0.1345265588914549,0.0557136083451872,0.0771484375,2.0,3.0,1.0,1000.0,1000.0,1000.0,1000.0,230.0,0.9137055837563453,60.0,0.0835978835978836,0.0419198999879881,0.0370407000009436,0.0878804000094533,0.0014646733334908,4.217391304347826
test_001_1003,online,1000.0,1,4,0.169970694707809,0.1063609722461644,0.0329253576969488,0.0306843647646957,0.1976028391414204,0.0911808669656203,0.0444736842105263,0.0963626960868815,2.0,2.0,0.0,1000.0,1000.0,1000.0,1000.0,215.0,0.9725274725274724,60.0,0.1066386875238458,0.0379035999940242,0.0374422000022605,0.0881729999964591,0.0014695499999409,4.502325581395349
test_001_1004,online,1000.0,1,4,0.2773990561090718,0.0499912602691837,0.0288411116937598,0.1985666841461283,0.449010526011934,0.2145461523699865,0.2062391681109185,0.0445726271630833,4.0,5.0,1.0,1000.0,1000.0,1000.0,1000.0,224.0,0.8317307692307693,60.0,0.0466520307354555,0.0397174000099767,0.0380036999995354,0.0932777000125497,0.0015546283335424,4.34375
test_001_1005,online,1000.0,1,4,0.1398457583547558,0.0363324764353042,0.0260497000856898,0.0774635818337617,0.1433405507439484,0.1041704942127503,0.012,0.0335904027420736,2.0,3.0,1.0,1000.0,1000.0,1000.0,1000.0,231.0,0.9392523364485982,60.0,0.0347579358042206,0.0376978999993298,0.0539316000067628,0.1061128999863285,0.0017685483331054,4.653679653679654
test_001_1006,online,1000.0,1,4,0.2513556618819776,0.1097288676236044,0.0267942583732057,0.1148325358851674,0.5345966473319705,0.145004061738424,0.1107580571947344,0.1076555023923445,5.0,6.0,1.0,1000.0,1000.0,1000.0,1000.0,230.0,0.8860103626943006,60.0,0.1199285075960679,0.0536505999916698,0.0331029999942984,0.1008996999880764,0.0016816616664679,4.473913043478261
test_001_1007,online,1000.0,1,4,0.3163459871728202,0.0598023920956838,0.0261743803085456,0.2303692147685907,0.5374164541623252,0.2862410246458374,0.2193771626297578,0.0533888022187554,5.0,6.0,1.0,1000.0,1000.0,1000.0,1000.0,223.0,0.7475247524752475,60.0,0.0563999267533418,0.0415809999976772,0.0275604000198654,0.0776740000001154,0.0012945666666685,4.502242152466367
test_001_1008,online,1000.0,1,4,0.3264496943664298,0.0847513629605154,0.0264331736329093,0.2152651577730051,0.4289209916035574,0.222966318692141,0.1645118145341061,0.0806211795803733,5.0,11.0,6.0,1000.0,1000.0,1000.0,1000.0,228.0,0.8159203980099502,60.0,0.0876909254267744,0.0520457999955397,0.0500920999911613,0.1171086999820545,0.0019518116663675,4.307017543859649
test_001_1009,online,1000.0,1,4,0.311346062805744,0.0875808742307085,0.0146757140602808,0.2090894745147546,0.5424392156769192,0.2626455430425654,0.2372751626482969,0.0866340539687549,3.0,4.0,1.0,1000.0,1000.0,1000.0,1000.0,235.0,0.7586206896551724,60.0,0.094851416724257,0.034305300010601,0.0386550000112038,0.0865876000025309,0.0014431266667088,4.842553191489362
test_001_1010,online,1000.0,1,4,0.3857918105574741,0.0935701364907087,0.0226936359151455,0.2695280381516198,0.719761414724629,0.339502487562189,0.2694805194805195,0.0868278243709916,5.0,4.0,-1.0,1000.0,1000.0,1000.0,1000.0,226.0,0.6994818652849741,60.0,0.095083738519719,0.0358166999940294,0.0268619999988004,0.0747425000008661,0.0012457083333477,4.557522123893805
test_001_1011,online,1000.0,1,4,0.1392551087673038,0.0980553724456163,0.025049439683586,0.0161502966381015,0.1638707765754402,0.0599115400080418,0.0632743362831858,0.0901450230718523,2.0,2.0,0.0,1000.0,1000.0,1000.0,1000.0,225.0,0.9742268041237112,60.0,0.0990762543017569,0.0535347999830264,0.0521357999823521,0.1234512999653816,0.0020575216660896,4.591111111111111
test_001_1012,online,1000.0,1,4,0.3289245788064872,0.1143127066603684,0.0236183278223901,0.1909935443237285,0.4564319903686279,0.1977954684629516,0.1388819875776397,0.1143127066603684,5.0,10.0,5.0,1000.0,1000.0,1000.0,1000.0,231.0,0.8351063829787234,60.0,0.1290666666666666,0.1103243999823462,0.0453373999916948,0.1728381999710109,0.0028806366661835,4.437229437229437
test_001_1013,online,1000.0,1,4,0.1298232960692391,0.0358817165524702,0.0320952037504507,0.061846375766318,0.1984910189117189,0.1099924012158054,0.0591755319148936,0.0254237288135593,2.0,2.0,0.0,1000.0,1000.0,1000.0,1000.0,221.0,0.929245283018868,60.0,0.0260869565217391,0.0319136999896727,0.0296724000072572,0.0693109999992884,0.0011551833333214,4.583710407239819
test_001_1014,online,1000.0,1,4,0.1925179364537068,0.0702084045097369,0.0310898530919029,0.0912196788520669,0.1875774844442,0.1248541423570595,0.0699779249448123,0.0608131192347113,2.0,3.0,1.0,1000.0,1000.0,1000.0,1000.0,225.0,0.9082125603864736,60.0,0.064750818479447,0.0308315000147558,0.0364682000072207,0.075193400029093,0.0012532233338182,4.404444444444445
test_001_1015,online,1000.0,1,4,0.2634640957446808,0.0779587765957446,0.0254321808510638,0.1600731382978723,0.25220630820287,0.1411604361370716,0.1156519907309879,0.0731382978723404,2.0,5.0,3.0,1000.0,1000.0,1000.0,1000.0,228.0,0.900990099009901,60.0,0.078909612625538,0.0409071999893058,0.0329029999847989,0.0847189999767579,0.0014119833329459,4.657894736842105
test_001_1016,online,1000.0,1,4,0.3429591174561973,0.1132381570408825,0.0176833225178455,0.2120376378974691,0.4309122242628693,0.1965246172941663,0.2163705583756345,0.1078844905905256,3.0,6.0,3.0,1000.0,1000.0,1000.0,1000.0,223.0,0.8518518518518519,60.0,0.1209310783778868,0.0372319000016432,0.0242448000062722,0.0694371000281535,0.0011572850004692,4.354260089686099
test_001_1017,online,1000.0,1,4,0.300033411293017,0.0751754092883394,0.0190444370197126,0.2058135649849649,0.5722076239110203,0.2270962732919254,0.1663755458515284,0.0696625459405279,5.0,6.0,1.0,1000.0,1000.0,1000.0,1000.0,226.0,0.8118811881188119,60.0,0.0748787933201652,0.0338819000171497,0.0284170000231824,0.0699758000264409,0.001166263333774,4.526548672566372
test_001_1018,online,1000.0,1,4,0.4033706095448102,0.1015908017010552,0.015120491415971,0.2866593164277839,0.7218578686752692,0.3273332028957151,0.2495852097653472,0.0974956686092298,5.0,4.0,-1.0,1000.0,1000.0,1000.0,1000.0,232.0,0.7068062827225131,60.0,0.1080279232111692,0.0454711999918799,0.0698034999950323,0.1319821999932173,0.0021997033332202,4.525862068965517
test_001_1019,online,1000.0,1,4,0.3161163779012749,0.1015037593984962,0.0127492644655116,0.201863354037267,0.5024817358549242,0.2536086607858861,0.2251162790697674,0.092350441320693,5.0,7.0,2.0,1000.0,1000.0,1000.0,1000.0,223.0,0.7708333333333334,60.0,0.1017468035296236,0.0457467999949585,0.0359914999862667,0.0898379999853205,0.0014972999997553,4.448430493273543
test_001_1020,online,1000.0,1,4,0.3389684319475591,0.0886665516646541,0.0331205796101431,0.2171813006727617,0.7946278031300068,0.2648090815273478,0.1758858016823859,0.0821114369501466,5.0,5.0,0.0,1000.0,1000.0,1000.0,1000.0,219.0,0.7696335078534031,60.0,0.0894568690095846,0.0369095000205561,0.0290835000050719,0.0738756000355351,0.0012312600005922,4.493150684931507
test_001_1021,online,1000.0,1,4,0.3390678761338755,0.1207381920550516,0.0200187675946199,0.1983109164842039,0.6029083378748201,0.2285481903212688,0.2701113211510187,0.1154207069127306,4.0,3.0,-1.0,1000.0,1000.0,1000.0,1000.0,230.0,0.8052631578947368,60.0,0.1304809052333805,0.0350404000200796,0.0288916999998036,0.0742791999946348,0.0012379866665772,4.765217391304348
test_001_1022,online,1000.0,1,4,0.2049708982224319,0.1000471920717319,0.0124272455560799,0.0924964605946201,0.2060123493348249,0.0512322918688142,0.1022195072286703,0.0946987572754444,2.0,3.0,1.0,1000.0,1000.0,1000.0,1000.0,232.0,0.9846938775510204,60.0,0.1046046915725456,0.0364999999874271,0.0334750000038184,0.0828399999882094,0.0013806666664701,4.7844827586206895
test_001_1023,online,1000.0,1,4,0.220629895017497,0.071154807532078,0.0168305282452924,0.1326445592401266,0.2165303757444397,0.1369469450296878,0.0459054209919261,0.0649891684719213,2.0,4.0,2.0,1000.0,1000.0,1000.0,1000.0,227.0,0.914572864321608,60.0,0.0695063268579575,0.0383860000001732,0.0428914999938569,0.0961805999686475,0.0016030099994774,4.563876651982379
test_001_1000,online,2000.0,1,8,0.1239915819010873,0.0445457734128376,0.0310417397404419,0.0484040687478077,0.1767808869456589,0.0889570552147239,0.0348961678441447,0.0426166257453525,2.0,2.0,0.0,2000.0,2000.0,2000.0,2000.0,225.0,0.9389671361502347,60.0,0.0445136471881296,0.0803878000006079,0.0794371000083629,0.1740648999984841,0.0029010816666414,7.995555555555556
test_001_1001,online,2000.0,1,8,0.2289669861554845,0.0532481363152289,0.0383386581469648,0.1373801916932907,0.4608070289915321,0.1963657678780773,0.1243827886197977,0.0457933972310969,4.0,5.0,1.0,2000.0,2000.0,2000.0,2000.0,222.0,0.8480392156862745,60.0,0.0479910714285714,0.0506711999769322,0.0605795999872498,0.1249859999807085,0.0020830999996784,6.554054054054054
test_001_1002,online,2000.0,1,8,0.2366536458333333,0.0812174479166666,0.01708984375,0.1383463541666666,0.2446730347670302,0.1345265588914549,0.0557136083451872,0.0771484375,2.0,3.0,1.0,2000.0,2000.0,2000.0,2000.0,230.0,0.9137055837563453,60.0,0.0835978835978836,0.0451169000007212,0.0646859999978914,0.1188732000009622,0.001981220000016,6.017391304347826
test_001_1003,online,2000.0,1,8,0.3721772108257197,0.1063609722461644,0.0329253576969488,0.2328908808826064,0.5009645198038994,0.3416613282084134,0.276578947368421,0.0963626960868815,2.0,3.0,1.0,2000.0,2000.0,2000.0,2000.0,215.0,0.7087912087912088,60.0,0.1066386875238458,0.0467881000076886,0.0690640000102575,0.1278366000042297,0.0021306100000704,7.451162790697674
test_001_1004,online,2000.0,1,8,0.2854396084600594,0.0499912602691837,0.0288411116937598,0.2066072364971158,0.4466025164342382,0.2233736327000575,0.2073223570190641,0.0445726271630833,4.0,6.0,2.0,2000.0,2000.0,2000.0,2000.0,224.0,0.8221153846153846,60.0,0.0466520307354555,0.0437315999879501,0.0726090000243857,0.1321107000112533,0.0022018450001875,6.517857142857143
test_001_1005,online,2000.0,1,8,0.1396743787489288,0.0363324764353042,0.0260497000856898,0.0772922022279348,0.1768191575986379,0.1041704942127503,0.02,0.0335904027420736,2.0,3.0,1.0,2000.0,2000.0,2000.0,2000.0,231.0,0.9439252336448598,60.0,0.0347579358042206,0.0461709999945014,0.0761793999990914,0.1357116000144742,0.0022618600002412,7.411255411255412
test_001_1006,online,2000.0,1,8,0.2695374800637958,0.1097288676236044,0.0267942583732057,0.1330143540669856,0.5037494426645904,0.1748578391551584,0.1472991375397185,0.1076555023923445,5.0,8.0,3.0,2000.0,2000.0,2000.0,2000.0,230.0,0.8549222797927462,60.0,0.1199285075960679,0.2657773999962955,0.1422601999947801,0.4442798999953083,0.0074046649999218,6.6695652173913045
test_001_1007,online,2000.0,1,8,0.3109724388975559,0.0598023920956838,0.0261743803085456,0.2249956664933264,0.5171825027346237,0.2788666796041141,0.2274509803921568,0.0533888022187554,5.0,6.0,1.0,2000.0,2000.0,2000.0,2000.0,223.0,0.7574257425742574,60.0,0.0563999267533418,0.0954412999853957,0.0708103999786544,0.1827657999529037,0.0030460966658817,7.00896860986547
test_001_1008,online,2000.0,1,8,0.4174789360647613,0.0847513629605154,0.0264331736329093,0.3062943994713365,0.5771839952702469,0.3096316722473902,0.2659384752563531,0.0806211795803733,5.0,12.0,7.0,2000.0,2000.0,2000.0,2000.0,228.0,0.7512437810945274,60.0,0.0876909254267744,0.0484365000156685,0.070278800005326,0.1329112000239547,0.0022151866670659,6.307017543859649
test_001_1009,online,2000.0,1,8,0.3004576297932775,0.0875808742307085,0.0146757140602808,0.1982010415022881,0.3431686855740295,0.254246993701088,0.2313432835820895,0.0866340539687549,3.0,4.0,1.0,2000.0,2000.0,2000.0,2000.0,235.0,0.7684729064039408,60.0,0.094851416724257,0.0456253999727778,0.0819570999883581,0.1449426999606657,0.002415711666011,8.238297872340425
test_001_1010,online,2000.0,1,8,0.4310146357506988,0.0935701364907087,0.0226936359151455,0.3147508633448446,0.7843006379381006,0.3787064676616915,0.3332560296846011,0.0868278243709916,5.0,4.0,-1.0,2000.0,2000.0,2000.0,2000.0,226.0,0.6683937823834197,60.0,0.095083738519719,0.0510401000210549,0.0831679999828338,0.1492319999961182,0.0024871999999353,7.508849557522124
test_001_1011,online,2000.0,1,8,0.1427158866183256,0.0980553724456163,0.025049439683586,0.0196110744891232,0.1646282658032349,0.0641334941696823,0.0643805309734513,0.0901450230718523,2.0,2.0,0.0,2000.0,2000.0,2000.0,2000.0,225.0,0.9690721649484536,60.0,0.0990762543017569,0.0508477000112179,0.0606419999967329,0.1273607000184711,0.0021226783336411,7.217777777777778
test_001_1012,online,2000.0,1,8,0.3829318217603527,0.1143127066603684,0.0236183278223901,0.245000787277594,0.5187662535572326,0.272708716064503,0.2059627329192546,0.1143127066603684,5.0,9.0,4.0,2000.0,2000.0,2000.0,2000.0,231.0,0.7606382978723404,60.0,0.1290666666666666,0.0461043000104837,0.0624827000137884,0.1199228000186849,0.0019987133336447,6.376623376623376
test_001_1013,online,2000.0,1,8,0.1245943021997836,0.0358817165524702,0.0320952037504507,0.0566173818968626,0.1873249281249175,0.104483282674772,0.0378989361702127,0.0254237288135593,2.0,2.0,0.0,2000.0,2000.0,2000.0,2000.0,221.0,0.9339622641509434,60.0,0.0260869565217391,0.0438667999987956,0.1243262999923899,0.1797515999933239,0.0029958599998887,7.384615384615385
test_001_1014,online,2000.0,1,8,0.1768021865391185,0.0702084045097369,0.0310898530919029,0.0755039289374786,0.1737497430822019,0.1069622714896927,0.0509933774834437,0.0608131192347113,2.0,3.0,1.0,2000.0,2000.0,2000.0,2000.0,225.0,0.932367149758454,60.0,0.064750818479447,0.0433792999829165,0.068323200015584,0.1258184000034816,0.0020969733333913,6.693333333333333
test_001_1015,online,2000.0,1,8,0.4225398936170212,0.0779587765957446,0.0254321808510638,0.3191489361702128,0.3984893683523474,0.3685747663551402,0.3600168527491047,0.0731382978723404,2.0,5.0,3.0,2000.0,2000.0,2000.0,2000.0,228.0,0.6732673267326733,60.0,0.078909612625538,0.0470709000073839,0.0785731000069063,0.1409629000118002,0.0023493816668633,7.4605263157894735
test_001_1016,online,2000.0,1,8,0.345230369889682,0.1132381570408825,0.0176833225178455,0.2143088903309539,0.4393095433267269,0.2043856019859329,0.2151015228426396,0.1078844905905256,3.0,6.0,3.0,2000.0,2000.0,2000.0,2000.0,223.0,0.8465608465608465,60.0,0.1209310783778868,0.04670070001157,0.0737759999756235,0.1360643999942112,0.0022677399999035,6.591928251121076
test_001_1017,online,2000.0,1,8,0.4856331440026729,0.0751754092883394,0.0190444370197126,0.3914132976946208,0.7827001468995266,0.4452639751552795,0.4065502183406113,0.0696625459405279,5.0,5.0,0.0,2000.0,2000.0,2000.0,2000.0,226.0,0.5841584158415841,60.0,0.0748787933201652,0.048723100015195,0.0677082999900449,0.1321669000317342,0.0022027816671955,7.075221238938053
test_001_1018,online,2000.0,1,8,0.4084107733501338,0.1015908017010552,0.015120491415971,0.2916994802331076,0.7254232420404771,0.3339855214243788,0.2545626925811803,0.0974956686092298,5.0,4.0,-1.0,2000.0,2000.0,2000.0,2000.0,232.0,0.7015706806282722,60.0,0.1080279232111692,0.0461288999940734,0.0654839999915566,0.1258941999985836,0.002098236666643,7.2844827586206895
test_001_1019,online,2000.0,1,8,0.3540372670807453,0.1015037593984962,0.0127492644655116,0.2397842432167375,0.5363265137081783,0.3035284683239775,0.2609302325581395,0.092350441320693,5.0,8.0,3.0,2000.0,2000.0,2000.0,2000.0,223.0,0.71875,60.0,0.1017468035296236,0.0429750999901443,0.0659673000045586,0.1216961999889463,0.0020282699998157,6.852017937219731
test_001_1020,online,2000.0,1,8,0.3106779368638951,0.0886665516646541,0.0331205796101431,0.1888908055890978,0.6652976493292839,0.2410732714138287,0.1651797094060668,0.0821114369501466,5.0,5.0,0.0,2000.0,2000.0,2000.0,2000.0,219.0,0.8010471204188482,60.0,0.0894568690095846,0.0495664000045508,0.1177806000050623,0.1925020999915432,0.0032083683331923,6.904109589041096
test_001_1021,online,2000.0,1,8,0.3656553018454801,0.1207381920550516,0.0200187675946199,0.2248983421958085,0.5024011454502162,0.2476616510776738,0.28313379542113,0.1154207069127306,4.0,5.0,1.0,2000.0,2000.0,2000.0,2000.0,230.0,0.7894736842105263,60.0,0.1304809052333805,0.0416149999946355,0.0873775000218302,0.1423209000204224,0.0023720150003403,7.913043478260869
test_001_1022,online,2000.0,1,8,0.2263646374075822,0.1000471920717319,0.0124272455560799,0.1138901997797703,0.2375135722041259,0.1133320395885891,0.106088373040114,0.0946987572754444,2.0,3.0,1.0,2000.0,2000.0,2000.0,2000.0,232.0,0.9387755102040816,60.0,0.1046046915725456,0.0478205000108573,0.0821279999800026,0.1424760999798309,0.0023746016663305,7.870689655172414
test_001_1023,online,2000.0,1,8,0.2524579236793867,0.071154807532078,0.0168305282452924,0.1644725879020163,0.2517566132178682,0.1813828768435165,0.0966551326412918,0.0649891684719213,2.0,4.0,2.0,2000.0,2000.0,2000.0,2000.0,227.0,0.8592964824120602,60.0,0.0695063268579575,0.0749153000069782,0.1171200999815482,0.2096126999822445,0.003493544999704,7.255506607929515
test_001_1000,online,4000.0,1,16,0.1608207646439845,0.0445457734128376,0.0310417397404419,0.085233251490705,0.2506959400374766,0.1292177914110429,0.0715050310426032,0.0426166257453525,2.0,2.0,0.0,4000.0,4000.0,4000.0,4000.0,225.0,0.9014084507042254,60.0,0.0445136471881296,0.0785006999794859,0.1000510999874677,0.1935986999596934,0.0032266449993282,12.097777777777775
test_001_1001,online,4000.0,1,16,0.2245296414625488,0.0532481363152289,0.0383386581469648,0.132942847000355,0.4716335669755635,0.1867917155138726,0.1069833059017164,0.0457933972310969,4.0,5.0,1.0,4000.0,4000.0,4000.0,4000.0,222.0,0.8578431372549019,60.0,0.0479910714285714,0.0511205999937374,0.0527180000208318,0.1183711999910883,0.0019728533331848,9.063063063063064
test_001_1002,online,4000.0,1,16,0.2366536458333333,0.0812174479166666,0.01708984375,0.1383463541666666,0.2446730347670302,0.1345265588914549,0.0557136083451872,0.0771484375,2.0,3.0,1.0,4000.0,4000.0,4000.0,4000.0,230.0,0.9137055837563453,60.0,0.0835978835978836,0.0633488000021316,0.0827964000054635,0.1651756000064779,0.0027529266667746,7.773913043478261
test_001_1003,online,4000.0,1,16,0.3982072056541975,0.1063609722461644,0.0329253576969488,0.2589208757110843,0.5181514856505522,0.3679265428144352,0.2857894736842105,0.0963626960868815,2.0,3.0,1.0,4000.0,4000.0,4000.0,4000.0,215.0,0.6923076923076923,60.0,0.1066386875238458,0.0479632999922614,0.103420500003267,0.1653976999805309,0.0027566283330088,11.581395348837209
test_001_1004,online,4000.0,1,16,0.2854396084600594,0.0499912602691837,0.0288411116937598,0.2066072364971158,0.4493643370263726,0.2233736327000575,0.2073223570190641,0.0445726271630833,4.0,6.0,2.0,4000.0,4000.0,4000.0,4000.0,224.0,0.8221153846153846,60.0,0.0466520307354555,0.0470345999929122,0.1099017999949865,0.1739377999911084,0.0028989633331851,8.629464285714286
test_001_1005,online,4000.0,1,16,0.2056555269922879,0.0363324764353042,0.0260497000856898,0.1432733504712939,0.3103643867051595,0.1749035458386919,0.1066666666666666,0.0335904027420736,2.0,3.0,1.0,4000.0,4000.0,4000.0,4000.0,231.0,0.8691588785046729,60.0,0.0347579358042206,0.5261310999921989,0.0905377999879419,0.6299728999729268,0.0104995483328821,10.735930735930737
test_001_1006,online,4000.0,1,16,0.3240829346092504,0.1097288676236044,0.0267942583732057,0.1875598086124402,0.52658293761133,0.2361900893582453,0.2101679527916477,0.1076555023923445,5.0,10.0,5.0,4000.0,4000.0,4000.0,4000.0,230.0,0.7927461139896373,60.0,0.1199285075960679,0.0416043000004719,0.075647099991329,0.132185499969637,0.0022030916661606,8.41304347826087
test_001_1007,online,4000.0,1,16,0.3140925637025481,0.0598023920956838,0.0261743803085456,0.2281157912983186,0.528427514701634,0.2823597904133514,0.2196078431372549,0.0533888022187554,5.0,7.0,2.0,4000.0,4000.0,4000.0,4000.0,223.0,0.7574257425742574,60.0,0.0563999267533418,0.0412391000136267,0.0842412000056356,0.1383934000041335,0.0023065566667355,9.95067264573991
test_001_1008,online,4000.0,1,16,0.3791508342970427,0.0847513629605154,0.0264331736329093,0.267966297703618,0.5428533041906444,0.2702383297222769,0.2162282657155595,0.0806211795803733,5.0,12.0,7.0,4000.0,4000.0,4000.0,4000.0,228.0,0.7711442786069652,60.0,0.0876909254267744,0.0714909999805968,0.0912160000007134,0.1787880999909248,0.0029798016665154,8.219298245614034
test_001_1009,online,4000.0,1,16,0.1890484456367366,0.0875808742307085,0.0146757140602808,0.0867918573457472,0.281718958675548,0.1202519564802443,0.1153846153846153,0.0866340539687549,3.0,3.0,0.0,4000.0,4000.0,4000.0,4000.0,235.0,0.9014778325123152,60.0,0.094851416724257,0.1009921000222675,0.1645967999938875,0.2818795000202954,0.0046979916670049,13.774468085106385
test_001_1010,online,4000.0,1,16,0.6204571616510443,0.0935701364907087,0.0226936359151455,0.50419338924519,1.152653926012383,0.5918407960199005,0.5572820037105751,0.0868278243709916,5.0,5.0,0.0,4000.0,4000.0,4000.0,4000.0,226.0,0.4404145077720207,60.0,0.095083738519719,0.0691890000016428,0.1145190999959595,0.1997206000087317,0.0033286766668121,12.20796460176991
test_001_1011,online,4000.0,1,16,0.1433750823994726,0.0980553724456163,0.025049439683586,0.0202702702702702,0.1701500797603932,0.0649376759147567,0.0652654867256637,0.0901450230718523,2.0,2.0,0.0,4000.0,4000.0,4000.0,4000.0,225.0,0.9690721649484536,60.0,0.0990762543017569,0.0451219999813474,0.0823509999900125,0.1375732999586034,0.0022928883326433,9.933333333333334
test_001_1012,online,4000.0,1,16,0.4026137616123445,0.1143127066603684,0.0236183278223901,0.2646827271295859,0.5483624403501507,0.2853643600734843,0.2156521739130434,0.1143127066603684,5.0,9.0,4.0,4000.0,4000.0,4000.0,4000.0,231.0,0.75,60.0,0.1290666666666666,0.0474514000234194,0.0839250000135507,0.1448343000374734,0.0024139050006245,7.896103896103896
test_001_1013,online,4000.0,1,16,0.352145690587811,0.0358817165524702,0.0320952037504507,0.28416877028489,0.3663937171946298,0.3362462006079027,0.2424645390070922,0.0254237288135593,2.0,5.0,3.0,4000.0,4000.0,4000.0,4000.0,221.0,0.6933962264150944,60.0,0.0260869565217391,0.0472350000054575,0.0997384999936912,0.1594513999880291,0.0026575233331338,10.669683257918551
test_001_1014,online,4000.0,1,16,0.1768021865391185,0.0702084045097369,0.0310898530919029,0.0755039289374786,0.1737497430822019,0.1069622714896927,0.0509933774834437,0.0608131192347113,2.0,3.0,1.0,4000.0,4000.0,4000.0,4000.0,225.0,0.932367149758454,60.0,0.064750818479447,0.0641254000074695,0.166551200003596,0.2494331000198144,0.0041572183336635,9.008888888888889
test_001_1015,online,4000.0,1,16,0.2647938829787234,0.0779587765957446,0.0254321808510638,0.1614029255319149,0.3077202401198761,0.1948987538940809,0.1767432062355171,0.0731382978723404,2.0,4.0,2.0,4000.0,4000.0,4000.0,4000.0,228.0,0.8514851485148515,60.0,0.078909612625538,0.0545681999938096,0.0927757999743335,0.1646445999795105,0.0027440766663251,10.732456140350877
test_001_1016,online,4000.0,1,16,0.345230369889682,0.1132381570408825,0.0176833225178455,0.2143088903309539,0.4393095433267269,0.2043856019859329,0.2151015228426396,0.1078844905905256,3.0,6.0,3.0,4000.0,4000.0,4000.0,4000.0,223.0,0.8465608465608465,60.0,0.1209310783778868,0.0419586999923922,0.0722988999914377,0.1285677999840118,0.0021427966664001,8.973094170403588
test_001_1017,online,4000.0,1,16,0.4856331440026729,0.0751754092883394,0.0190444370197126,0.3914132976946208,0.7827001468995266,0.4452639751552795,0.4065502183406113,0.0696625459405279,5.0,5.0,0.0,4000.0,4000.0,4000.0,4000.0,226.0,0.5841584158415841,60.0,0.0748787933201652,0.0408839000156149,0.1403545999783091,0.1964665999694261,0.0032744433328237,10.216814159292037
test_001_1018,online,4000.0,1,16,0.5533154827531894,0.1015908017010552,0.015120491415971,0.4366041896361631,1.1017279986941126,0.5134024652709841,0.4543730741881963,0.0974956686092298,5.0,5.0,0.0,4000.0,4000.0,4000.0,4000.0,232.0,0.5130890052356021,60.0,0.1080279232111692,0.5092319000104908,0.2441402999975253,0.7760946000053082,0.0129349100000884,11.060344827586206
test_001_1019,online,4000.0,1,16,0.3525661981039555,0.1015037593984962,0.0127492644655116,0.2383131742399477,0.5346632016442884,0.3059342421812349,0.2644186046511628,0.092350441320693,5.0,8.0,3.0,4000.0,4000.0,4000.0,4000.0,223.0,0.71875,60.0,0.1017468035296236,0.7059720999968704,0.0911254999809898,0.8130769999697804,0.0135512833328296,9.269058295964124
test_001_1020,online,4000.0,1,16,0.3579437640158703,0.0886665516646541,0.0331205796101431,0.2361566327410729,0.8065039101404586,0.2968008255933952,0.2176905429518225,0.0821114369501466,5.0,5.0,0.0,4000.0,4000.0,4000.0,4000.0,219.0,0.7591623036649214,60.0,0.0894568690095846,0.0489812000014353,0.0797684999997727,0.1434502000047359,0.0023908366667455,9.465753424657532
test_001_1021,online,4000.0,1,16,0.4227400688145136,0.1207381920550516,0.0200187675946199,0.281983109164842,0.5651506861752595,0.3108987393249288,0.3282923755513547,0.1154207069127306,4.0,5.0,1.0,4000.0,4000.0,4000.0,4000.0,230.0,0.7210526315789474,60.0,0.1304809052333805,0.0425455000076908,0.1007695000153034,0.1551483000221196,0.0025858050003686,12.117391304347828
test_001_1022,online,4000.0,1,16,0.4632688375019663,0.1000471920717319,0.0124272455560799,0.3507943998741544,0.4354822199556184,0.3793906462254997,0.358786397882305,0.0946987572754444,2.0,4.0,2.0,4000.0,4000.0,4000.0,4000.0,232.0,0.6683673469387755,60.0,0.1046046915725456,0.0404374999925494,0.0910007999918889,0.1431403000024147,0.0023856716667069,11.84051724137931
test_001_1023,online,4000.0,1,16,0.2717880353274454,0.071154807532078,0.0168305282452924,0.183802699550075,0.2680031968801822,0.2003447615399348,0.1296424452133794,0.0649891684719213,2.0,4.0,2.0,4000.0,4000.0,4000.0,4000.0,227.0,0.8391959798994975,60.0,0.0695063268579575,0.0399305000028107,0.067631000012625,0.1215423000103328,0.0020257050001722,10.916299559471366
test_001_1000,online,8000.0,1,32,0.3027008067344791,0.0445457734128376,0.0310417397404419,0.2271132935811995,0.3634286071205497,0.2843174846625766,0.2412759580389638,0.0426166257453525,2.0,3.0,1.0,8000.0,8000.0,8000.0,8000.0,225.0,0.7464788732394366,60.0,0.0445136471881296,0.0623195999942254,0.1081775999919045,0.1787910999846644,0.002979851666411,15.333333333333334
test_001_1001,online,8000.0,1,32,0.2245296414625488,0.0532481363152289,0.0383386581469648,0.132942847000355,0.4716335669755635,0.1867917155138726,0.1069833059017164,0.0457933972310969,4.0,5.0,1.0,8000.0,8000.0,8000.0,8000.0,222.0,0.8578431372549019,60.0,0.0479910714285714,0.0492749999975785,0.0915807999845128,0.1552074999781325,0.0025867916663022,11.9009009009009
test_001_1002,online,8000.0,1,32,0.2366536458333333,0.0812174479166666,0.01708984375,0.1383463541666666,0.2446730347670302,0.1345265588914549,0.0557136083451872,0.0771484375,2.0,3.0,1.0,8000.0,8000.0,8000.0,8000.0,230.0,0.9137055837563453,60.0,0.0835978835978836,0.0413693999871611,0.0853054999897722,0.1406277999631129,0.0023437966660518,8.873913043478261
test_001_1003,online,8000.0,1,32,0.3166695397345285,0.1063609722461644,0.0329253576969488,0.1773832097914152,0.4846058795780821,0.2729019859064702,0.2068421052631578,0.0963626960868815,2.0,3.0,1.0,8000.0,8000.0,8000.0,8000.0,215.0,0.7912087912087912,60.0,0.1066386875238458,0.0401037000119686,0.1052086999989114,0.1593562000198289,0.0026559366669971,15.82325581395349
test_001_1004,online,8000.0,1,32,0.2854396084600594,0.0499912602691837,0.0288411116937598,0.2066072364971158,0.4493643370263726,0.2233736327000575,0.2073223570190641,0.0445726271630833,4.0,6.0,2.0,8000.0,8000.0,8000.0,8000.0,224.0,0.8221153846153846,60.0,0.0466520307354555,0.0420960999908857,0.0746737000008579,0.131573999999091,0.0021928999999848,9.267857142857142
test_001_1005,online,8000.0,1,32,0.2056555269922879,0.0363324764353042,0.0260497000856898,0.1432733504712939,0.3103643867051595,0.1749035458386919,0.1066666666666666,0.0335904027420736,2.0,3.0,1.0,8000.0,8000.0,8000.0,8000.0,231.0,0.8691588785046729,60.0,0.0347579358042206,0.0407217000029049,0.1023388000030536,0.1571056999964639,0.0026184283332743,12.051948051948052
test_001_1006,online,8000.0,1,32,0.3240829346092504,0.1097288676236044,0.0267942583732057,0.1875598086124402,0.52658293761133,0.2361900893582453,0.2101679527916477,0.1076555023923445,5.0,10.0,5.0,8000.0,8000.0,8000.0,8000.0,230.0,0.7927461139896373,60.0,0.1199285075960679,0.0414139000058639,0.0801498999935574,0.1345266999851446,0.002242111666419,8.691304347826087
test_001_1007,online,8000.0,1,32,0.3140925637025481,0.0598023920956838,0.0261743803085456,0.2281157912983186,0.528427514701634,0.2823597904133514,0.2196078431372549,0.0533888022187554,5.0,7.0,2.0,8000.0,8000.0,8000.0,8000.0,223.0,0.7574257425742574,60.0,0.0563999267533418,0.0390076999901793,0.0883061999920755,0.1408951999910641,0.0023482533331844,12.484304932735428
test_001_1008,online,8000.0,1,32,0.3791508342970427,0.0847513629605154,0.0264331736329093,0.267966297703618,0.5428533041906444,0.2702383297222769,0.2142220240748996,0.0806211795803733,5.0,12.0,7.0,8000.0,8000.0,8000.0,8000.0,228.0,0.7711442786069652,60.0,0.0876909254267744,0.0431555999966803,0.0857412000186741,0.1446285000129137,0.0024104750002152,8.912280701754385
test_001_1009,online,8000.0,1,32,0.4874546315291147,0.0875808742307085,0.0146757140602808,0.3851980432381253,0.4980314638175251,0.468219125787364,0.4322617680826636,0.0866340539687549,3.0,6.0,3.0,8000.0,8000.0,8000.0,8000.0,235.0,0.5517241379310345,60.0,0.094851416724257,0.0490891000081319,0.243622799986042,0.3073613999877125,0.0051226899997952,20.55744680851064
test_001_1010,online,8000.0,1,32,0.5329715507317875,0.0935701364907087,0.0226936359151455,0.4167077783259332,0.8694468652071639,0.4887562189054726,0.439239332096475,0.0868278243709916,5.0,4.0,-1.0,8000.0,8000.0,8000.0,8000.0,226.0,0.5595854922279793,60.0,0.095083738519719,0.1765989999985322,0.1475764000206254,0.3452736000181176,0.0057545600003019,19.16814159292036
test_001_1011,online,8000.0,1,32,0.1433750823994726,0.0980553724456163,0.025049439683586,0.0202702702702702,0.1701500797603932,0.0649376759147567,0.0652654867256637,0.0901450230718523,2.0,2.0,0.0,8000.0,8000.0,8000.0,8000.0,225.0,0.9690721649484536,60.0,0.0990762543017569,0.0488024000078439,0.1009472000005189,0.1640291000076104,0.0027338183334601,11.062222222222225
test_001_1012,online,8000.0,1,32,0.4026137616123445,0.1143127066603684,0.0236183278223901,0.2646827271295859,0.5483624403501507,0.2853643600734843,0.2156521739130434,0.1143127066603684,5.0,9.0,4.0,8000.0,8000.0,8000.0,8000.0,231.0,0.75,60.0,0.1290666666666666,0.0436874000006355,0.0941329000052064,0.1511829000082798,0.0025197150001379,8.220779220779221
test_001_1013,online,8000.0,1,32,0.3479985575189325,0.0358817165524702,0.0320952037504507,0.2800216372160115,0.3589743623559201,0.3347264437689969,0.2477836879432624,0.0254237288135593,2.0,6.0,4.0,8000.0,8000.0,8000.0,8000.0,221.0,0.6933962264150944,60.0,0.0260869565217391,0.0558273999777156,0.1123475000204052,0.1819705000089015,0.003032841666815,13.60633484162896
test_001_1014,online,8000.0,1,32,0.1768021865391185,0.0702084045097369,0.0310898530919029,0.0755039289374786,0.1737497430822019,0.1069622714896927,0.0509933774834437,0.0608131192347113,2.0,3.0,1.0,8000.0,8000.0,8000.0,8000.0,225.0,0.932367149758454,60.0,0.064750818479447,0.0569603999902028,0.1332714999734889,0.2075493999582249,0.0034591566659704,10.404444444444444
test_001_1015,online,8000.0,1,32,0.1756981382978723,0.0779587765957446,0.0254321808510638,0.0723071808510638,0.1947037111942562,0.1072819314641744,0.0690962713292605,0.0731382978723404,2.0,4.0,2.0,8000.0,8000.0,8000.0,8000.0,228.0,0.9405940594059404,60.0,0.078909612625538,0.0644172000174876,0.1194690999982412,0.2006312000157777,0.0033438533335962,12.833333333333334
test_001_1016,online,8000.0,1,32,0.345230369889682,0.1132381570408825,0.0176833225178455,0.2143088903309539,0.4393095433267269,0.2043856019859329,0.2151015228426396,0.1078844905905256,3.0,6.0,3.0,8000.0,8000.0,8000.0,8000.0,223.0,0.8465608465608465,60.0,0.1209310783778868,0.0609953999810386,0.0982679999724496,0.182966199965449,0.0030494366660908,9.681614349775783
test_001_1017,online,8000.0,1,32,0.4856331440026729,0.0751754092883394,0.0190444370197126,0.3914132976946208,0.7827001468995266,0.4452639751552795,0.4065502183406113,0.0696625459405279,5.0,5.0,0.0,8000.0,8000.0,8000.0,8000.0,226.0,0.5841584158415841,60.0,0.0748787933201652,0.0436273000086657,0.1080188999767415,0.1665987999876961,0.0027766466664616,13.0
test_001_1018,online,8000.0,1,32,0.5000787525594582,0.1015908017010552,0.015120491415971,0.3833674594424319,0.9390904947000565,0.4539229113676384,0.3903768665560559,0.0974956686092298,5.0,4.0,-1.0,8000.0,8000.0,8000.0,8000.0,232.0,0.5706806282722513,60.0,0.1080279232111692,0.0408349999925121,0.0854178000008687,0.1406487999774981,0.0023441466662916,13.948275862068966
test_001_1019,online,8000.0,1,32,0.3525661981039555,0.1015037593984962,0.0127492644655116,0.2383131742399477,0.5346632016442884,0.3059342421812349,0.2644186046511628,0.092350441320693,5.0,8.0,3.0,8000.0,8000.0,8000.0,8000.0,223.0,0.71875,60.0,0.1017468035296236,0.0743800000054761,0.1245253999950364,0.2160128999967128,0.0036002149999452,10.33183856502242
test_001_1020,online,8000.0,1,32,0.3579437640158703,0.0886665516646541,0.0331205796101431,0.2361566327410729,0.8065039101404586,0.2968008255933952,0.2176905429518225,0.0821114369501466,5.0,5.0,0.0,8000.0,8000.0,8000.0,8000.0,219.0,0.7591623036649214,60.0,0.0894568690095846,0.72901200002525,0.1260271999926772,0.8719441000139341,0.0145324016668989,10.538812785388128
test_001_1021,online,8000.0,1,32,0.3787926180794495,0.1207381920550516,0.0200187675946199,0.2380356584297779,0.5703295229222345,0.2503050020333469,0.2753623188405797,0.1154207069127306,4.0,5.0,1.0,8000.0,8000.0,8000.0,8000.0,230.0,0.7947368421052632,60.0,0.1304809052333805,0.0927030000020749,0.3932947000139393,0.5107539000164252,0.0085125650002737,15.504347826086956
test_001_1022,online,8000.0,1,32,0.4632688375019663,0.1000471920717319,0.0124272455560799,0.3507943998741544,0.4354822199556184,0.3793906462254997,0.358786397882305,0.0946987572754444,2.0,4.0,2.0,8000.0,8000.0,8000.0,8000.0,232.0,0.6683673469387755,60.0,0.1046046915725456,0.6245815999864135,0.2657228999887593,0.9070109999738634,0.0151168499995643,14.741379310344827
test_001_1023,online,8000.0,1,32,0.4244292617897017,0.071154807532078,0.0168305282452924,0.3364439260123312,0.401923634171406,0.3711932579965524,0.3215686274509804,0.0649891684719213,2.0,4.0,2.0,8000.0,8000.0,8000.0,8000.0,227.0,0.6683417085427136,60.0,0.0695063268579575,0.1665756999864243,0.1755401999980677,0.3626181999861728,0.0060436366664362,14.343612334801762
test_002_1000,online,0.0,2,0,0.5356831268539521,0.0340254754842086,0.0286162973303088,0.4730413540394346,0.9479070059224332,0.5291054491352055,0.4744649290103835,0.0308846623625894,5.0,3.0,-2.0,0.0,0.0,0.0,0.0,228.0,0.5023041474654378,60.0,0.0318689232985235,0.0565165000152774,0.0261390999949071,0.096577000018442,0.001609616666974,1.0
test_002_1001,online,0.0,2,0,0.539986559139785,0.0829973118279569,0.0280577956989247,0.4289314516129032,0.9717099702931646,0.5185332801913113,0.4653726335969326,0.0784610215053763,4.0,3.0,-1.0,0.0,0.0,0.0,0.0,225.0,0.5282051282051282,60.0,0.0851412944393801,0.0425531000073533,0.0350685000012163,0.1007484000001568,0.0016791400000026,1.0
test_002_1002,online,0.0,2,0,0.375460328088383,0.0984265148978908,0.031637094074322,0.24539671911617,0.8976652422642223,0.3130064829821718,0.2303306727480045,0.0868764646802812,5.0,6.0,1.0,0.0,0.0,0.0,0.0,223.0,0.7474226804123711,60.0,0.0951420714940421,0.1598432000027969,0.0264776999829337,0.2007620999938808,0.003346034999898,1.0
test_002_1003,online,0.0,2,0,0.6417066483893078,0.0623714873200822,0.0219328307059629,0.5574023303632625,1.2920387401814992,0.6222606689734718,0.5914002701485818,0.0543180260452364,5.0,2.0,-3.0,0.0,0.0,0.0,0.0,224.0,0.4088669950738916,60.0,0.0574379416560971,0.0447630999842658,0.0263929000066127,0.0849893999984487,0.0014164899999741,1.0
test_002_1004,online,0.0,2,0,0.5070445609436435,0.1223787680209698,0.0234272608125819,0.3612385321100917,0.8640015115513858,0.4859753506162346,0.453875362966272,0.1145150720838794,5.0,3.0,-2.0,0.0,0.0,0.0,0.0,220.0,0.5604395604395604,60.0,0.1293246993524514,0.0386341999983415,0.0261033000133465,0.0780674000270664,0.0013011233337844,1.0
test_002_1005,online,0.0,2,0,0.3310437259172391,0.093147930976713,0.0271402244932149,0.2107555704473111,0.4132355901027076,0.2515697792181486,0.1575924075924075,0.0864466409783883,4.0,6.0,2.0,0.0,0.0,0.0,0.0,223.0,0.8010471204188482,60.0,0.0946268109297634,0.0453339999949093,0.0267331000068224,0.0870313000050373,0.0014505216667506,1.0
test_002_1006,online,0.0,2,0,0.2312823078205769,0.0763715190928797,0.0226780056695014,0.1322327830581957,0.339782025074236,0.166113605309389,0.1314051468913687,0.072869768217442,4.0,5.0,1.0,0.0,0.0,0.0,0.0,227.0,0.8693467336683417,60.0,0.0785971223021582,0.0455244999902788,0.0267336000106297,0.0803100999910384,0.0013385016665173,1.0
test_002_1007,online,0.0,2,0,0.4605714285714286,0.1165714285714285,0.034938775510204,0.3090612244897959,0.8047244604225928,0.3394553514882837,0.3182669789227166,0.1133061224489796,4.0,4.0,0.0,0.0,0.0,0.0,0.0,225.0,0.7027027027027027,60.0,0.1277849383170687,0.0429856000118888,0.0266631999984383,0.0827118000015616,0.001378530000026,1.0
test_002_1008,online,0.0,2,0,0.5462885738115096,0.0707256046705588,0.0256880733944954,0.4498748957464554,0.9689638846067236,0.5075511374498184,0.4754725472547255,0.06371976647206,5.0,3.0,-2.0,0.0,0.0,0.0,0.0,229.0,0.541871921182266,60.0,0.0680562978799216,0.0426659999939147,0.0271000000066123,0.0833996000001207,0.0013899933333353,1.0
test_002_1009,online,0.0,2,0,0.4595984735357558,0.1012112161937945,0.0303633648581383,0.3280238924838228,0.8647388163632947,0.4419597479162431,0.3706262536215734,0.0919196947071511,3.0,4.0,1.0,0.0,0.0,0.0,0.0,224.0,0.5867346938775511,60.0,0.1012241914854741,0.0399769999785348,0.0257210000127088,0.0789093000057619,0.001315155000096,1.0
test_002_1010,online,0.0,2,0,0.23,0.0703448275862069,0.031551724137931,0.128103448275862,0.2938825341855595,0.1838899803536345,0.1005652378709373,0.0612068965517241,2.0,3.0,1.0,0.0,0.0,0.0,0.0,223.0,0.8656716417910447,60.0,0.0651974288337924,0.0453558999870438,0.0264668999880086,0.0863856999785639,0.0014397616663093,1.0
test_002_1011,online,0.0,2,0,0.444310656231186,0.1587898856110776,0.0167068031306441,0.2688139674894642,0.7858067608348664,0.3934640522875817,0.3570179274158286,0.1547260686333534,5.0,3.0,-2.0,0.0,0.0,0.0,0.0,228.0,0.6551724137931034,60.0,0.1826923076923076,0.0451155999908223,0.021441600023536,0.0768677000305615,0.0012811283338426,1.0
test_002_1012,online,0.0,2,0,0.3569455727051178,0.0797725426482534,0.0220958570268074,0.2550771730300569,0.536290502307333,0.3144835545297172,0.2747089947089947,0.0776604386677498,5.0,6.0,1.0,0.0,0.0,0.0,0.0,232.0,0.7219512195121951,60.0,0.0841994010921261,0.039541799982544,0.0158277000009547,0.0633804999815765,0.0010563416663596,1.0
test_002_1013,online,0.0,2,0,0.1790661877886095,0.0730289037113049,0.0307850179579271,0.0752522661193774,0.2648068630206324,0.1283422459893048,0.0495145631067961,0.0682401231400718,2.0,2.0,0.0,0.0,0.0,0.0,0.0,224.0,0.9195979899497488,60.0,0.073237885462555,0.0422655000002123,0.0262026000127661,0.0831401000032201,0.001385668333387,1.0
test_002_1014,online,0.0,2,0,0.4329965214510518,0.0730495279112141,0.0296504886533046,0.330296504886533,0.8782279620106177,0.391421427197538,0.3401071907101384,0.0694053337750538,4.0,4.0,0.0,0.0,0.0,0.0,0.0,231.0,0.6504854368932039,60.0,0.0745817016731933,0.0461344000068493,0.0152039999957196,0.0752370999834965,0.0012539516663916,1.0
test_002_1015,online,0.0,2,0,0.5016823687752355,0.0593876177658142,0.0225437415881561,0.4197510094212651,0.8937530783267622,0.4907056145675265,0.4294314381270903,0.0565275908479138,5.0,3.0,-2.0,0.0,0.0,0.0,0.0,229.0,0.5436893203883495,60.0,0.0599144079885877,0.0483952999929897,0.0260798000090289,0.0894364000123459,0.0014906066668724,1.0
test_002_1016,online,0.0,2,0,0.303641648144982,0.073003932296119,0.0304325525730894,0.2002051632757736,0.4316762710812785,0.272353746820583,0.2103990326481257,0.0630877073003932,2.0,3.0,1.0,0.0,0.0,0.0,0.0,224.0,0.7817258883248731,60.0,0.0673357664233576,0.0461158000107388,0.0270298000250477,0.0879824000585358,0.0014663733343089,1.0
test_002_1017,online,0.0,2,0,0.4481885777566841,0.1037810473026419,0.0094921689606074,0.3349153614934346,0.7851453224240441,0.4353660943358989,0.4323389537397319,0.0991931656383483,2.0,2.0,0.0,0.0,0.0,0.0,0.0,229.0,0.583756345177665,60.0,0.1101159114857745,0.0460684999998193,0.0259305000072345,0.0865671000210568,0.0014427850003509,1.0
test_002_1018,online,0.0,2,0,0.4188438928804703,0.0738079686479425,0.0209013716525146,0.324134552580013,0.7206176978772421,0.386449659348978,0.3095289776427176,0.0685826257348138,3.0,4.0,1.0,0.0,0.0,0.0,0.0,232.0,0.6456310679611651,60.0,0.0736325385694249,0.0444280999945476,0.0265097999945282,0.0863225999637506,0.0014387099993958,1.0
test_002_1019,online,0.0,2,0,0.5972101133391456,0.0563208369659982,0.0327811682650392,0.5081081081081081,1.1283466957239583,0.5934445083381253,0.530791788856305,0.0451612903225806,5.0,2.0,-3.0,0.0,0.0,0.0,0.0,224.0,0.4444444444444444,60.0,0.0472972972972973,0.1067260000272654,0.0349546000070404,0.1603392000542953,0.0026723200009049,1.0
test_002_1020,online,0.0,2,0,0.3382893685051958,0.0864908073541167,0.0177458033573141,0.234052757793765,0.5857187131897996,0.2856318522792845,0.2603837233818258,0.0844124700239808,4.0,4.0,0.0,0.0,0.0,0.0,0.0,233.0,0.7438423645320197,60.0,0.0921948664222105,0.0584542000142391,0.0366429999994579,0.1114930000039748,0.0018582166667329,1.0
test_002_1021,online,0.0,2,0,0.3201427181316899,0.1110930911449886,0.0233538760947129,0.1856957508919883,0.3063912762110894,0.2037112561174551,0.2177957532861476,0.1023353876094712,4.0,6.0,2.0,0.0,0.0,0.0,0.0,225.0,0.8461538461538461,60.0,0.1140018066847335,0.0428943999868352,0.0263931000081356,0.0803079000033903,0.0013384650000565,1.0
test_002_1022,online,0.0,2,0,0.4262691377921031,0.1269943593875906,0.0294923448831587,0.2697824335213537,0.7902007133946911,0.3640059918681789,0.3414462906622981,0.1234488315874294,4.0,4.0,0.0,0.0,0.0,0.0,0.0,224.0,0.6939890710382514,60.0,0.1408347122632837,0.0455435999901965,0.0239603000227361,0.0830887000192888,0.0013848116669881,1.0
test_002_1023,online,0.0,2,0,0.3525673189496571,0.0546914199698946,0.0163907007860846,0.2814851981936779,0.8509000292946638,0.3043720930232558,0.2537597966532514,0.0505101187489546,4.0,3.0,-1.0,0.0,0.0,0.0,0.0,230.0,0.7177033492822966,60.0,0.0531971111502554,0.0434359999781008,0.023220000002766,0.079865499981679,0.0013310916663613,1.0
test_002_1000,online,250.0,2,1,0.3856220554876984,0.0340254754842086,0.0286162973303088,0.3229802826731809,0.849499198256537,0.3624697786870002,0.3335452426361517,0.0308846623625894,5.0,4.0,-1.0,250.0,250.0,250.0,250.0,228.0,0.6774193548387096,60.0,0.0318689232985235,0.0657438000198453,0.0351803000085055,0.1161679000360891,0.0019361316672681,1.9649122807017545
test_002_1001,online,250.0,2,1,0.5682123655913979,0.0829973118279569,0.0280577956989247,0.4571572580645161,1.010066352756529,0.5478278198485452,0.4924514737598849,0.0784610215053763,4.0,3.0,-1.0,250.0,250.0,250.0,250.0,225.0,0.5025641025641026,60.0,0.0851412944393801,0.0524056000285781,0.0332347000075969,0.0970848000433761,0.0016180800007229,1.9644444444444444
test_002_1002,online,250.0,2,1,0.2987947773685973,0.0984265148978908,0.031637094074322,0.1687311683963843,0.7341742944774238,0.2305510534846029,0.1603192702394526,0.0868764646802812,5.0,5.0,0.0,250.0,250.0,250.0,250.0,223.0,0.8402061855670103,60.0,0.0951420714940421,0.0423553999862633,0.0342828000138979,0.0897915000095963,0.0014965250001599,1.9506726457399104
test_002_1003,online,250.0,2,1,0.5131939684715559,0.0623714873200822,0.0219328307059629,0.4288896504455106,1.060980910633582,0.5049980776624375,0.4540747411076092,0.0543180260452364,5.0,3.0,-2.0,250.0,250.0,250.0,250.0,224.0,0.5320197044334976,60.0,0.0574379416560971,0.0413225000083912,0.0238763999950606,0.0760034999984782,0.0012667249999746,1.9553571428571428
test_002_1004,online,250.0,2,1,0.5058977719528178,0.1223787680209698,0.0234272608125819,0.360091743119266,0.8810449184530856,0.4844878878028049,0.4605762787580969,0.1145150720838794,5.0,3.0,-2.0,250.0,250.0,250.0,250.0,220.0,0.5604395604395604,60.0,0.1293246993524514,0.0425216000003274,0.0342021999822463,0.0884499999810941,0.0014741666663515,1.95
test_002_1005,online,250.0,2,1,0.2687217289328196,0.093147930976713,0.0271402244932149,0.1484335734628916,0.3139112831880596,0.1788535547903585,0.1041458541458541,0.0864466409783883,4.0,6.0,2.0,250.0,250.0,250.0,250.0,223.0,0.8795811518324608,60.0,0.0946268109297634,0.0403864000109024,0.0316331000067293,0.08052509999834,0.0013420849999723,1.9506726457399104
test_002_1006,online,250.0,2,1,0.1787560446890111,0.0763715190928797,0.0226780056695014,0.0797065199266299,0.2341928501496166,0.1225844231895373,0.0831245729902072,0.072869768217442,4.0,5.0,1.0,250.0,250.0,250.0,250.0,227.0,0.914572864321608,60.0,0.0785971223021582,0.0390919999917969,0.0348055000067688,0.0867377999820746,0.0014456299997012,1.960352422907489
test_002_1007,online,250.0,2,1,0.4266122448979592,0.1165714285714285,0.034938775510204,0.2751020408163265,0.6664834793340103,0.3251002744352966,0.2859484777517564,0.1133061224489796,4.0,5.0,1.0,250.0,250.0,250.0,250.0,225.0,0.7351351351351352,60.0,0.1277849383170687,0.0414564000093378,0.0304352999955881,0.0856408000108785,0.0014273466668479,1.951111111111111
test_002_1008,online,250.0,2,1,0.5366138448707256,0.0707256046705588,0.0256880733944954,0.4402001668056713,0.9380023100171035,0.506595297266297,0.4826732673267326,0.06371976647206,5.0,3.0,-2.0,250.0,250.0,250.0,250.0,229.0,0.5073891625615764,60.0,0.0680562978799216,0.0427630000049248,0.0325021000171545,0.0839080000005196,0.0013984666666753,1.960698689956332
test_002_1009,online,250.0,2,1,0.3821138211382114,0.1012112161937945,0.0303633648581383,0.2505392400862784,0.80011171523689,0.3203903232364302,0.2718965901493202,0.0919196947071511,3.0,4.0,1.0,250.0,250.0,250.0,250.0,224.0,0.7295918367346939,60.0,0.1012241914854741,0.0407237999897915,0.031553700013319,0.085442800016608,0.0014240466669434,1.9508928571428568
test_002_1010,online,250.0,2,1,0.1879310344827586,0.0703448275862069,0.031551724137931,0.0860344827586206,0.2298348078113866,0.1408644400785854,0.0581723975506358,0.0612068965517241,2.0,3.0,1.0,250.0,250.0,250.0,250.0,223.0,0.9054726368159204,60.0,0.0651974288337924,0.042925899993861,0.0289225000014994,0.0855743999709375,0.0014262399995156,1.9596412556053813
test_002_1011,online,250.0,2,1,0.4172185430463576,0.1587898856110776,0.0167068031306441,0.2417218543046357,0.86542006207867,0.3544662309368191,0.325098382160035,0.1547260686333534,5.0,4.0,-1.0,250.0,250.0,250.0,250.0,228.0,0.6954022988505747,60.0,0.1826923076923076,0.0458745000069029,0.0351994000084232,0.0931108999939169,0.0015518483332319,1.973684210526316
test_002_1012,online,250.0,2,1,0.3406986190089358,0.0797725426482534,0.0220958570268074,0.2388302193338749,0.4966351590657611,0.2896710905943451,0.2302645502645502,0.0776604386677498,5.0,6.0,1.0,250.0,250.0,250.0,250.0,232.0,0.7463414634146341,60.0,0.0841994010921261,0.042232799984049,0.0348564999876543,0.0901075999718159,0.0015017933328635,1.9698275862068968
test_002_1013,online,250.0,2,1,0.146741918932786,0.0730289037113049,0.0307850179579271,0.0429279972635539,0.1963221766452738,0.0909090909090909,0.0322815533980582,0.0682401231400718,2.0,2.0,0.0,250.0,250.0,250.0,250.0,224.0,0.9547738693467336,60.0,0.073237885462555,0.043016500014346,0.034462399984477,0.0914296000264585,0.0015238266671076,1.9598214285714288
test_002_1014,online,250.0,2,1,0.3480205400033129,0.0730495279112141,0.0296504886533046,0.2453205234387941,0.7238225858096333,0.3039045970378919,0.2371594461813309,0.0694053337750538,4.0,4.0,0.0,250.0,250.0,250.0,250.0,231.0,0.7427184466019418,60.0,0.0745817016731933,0.0409069000161252,0.0330888000025879,0.087610799993854,0.0014601799998975,1.9696969696969693
test_002_1015,online,250.0,2,1,0.4535666218034993,0.0593876177658142,0.0225437415881561,0.3716352624495289,0.7798925741788333,0.4375948406676783,0.3725752508361204,0.0565275908479138,5.0,4.0,-1.0,250.0,250.0,250.0,250.0,229.0,0.5970873786407767,60.0,0.0599144079885877,0.0475451000093016,0.0265325999935157,0.0881816000037361,0.0014696933333956,1.9694323144104804
test_002_1016,online,250.0,2,1,0.1531885792443152,0.073003932296119,0.0304325525730894,0.0497520943751068,0.2075307600846353,0.1031109371942868,0.0444981862152357,0.0630877073003932,2.0,2.0,0.0,250.0,250.0,250.0,250.0,224.0,0.9543147208121828,60.0,0.0673357664233576,0.04072809999343,0.0316930999979376,0.0853672999946866,0.0014227883332447,1.9553571428571428
test_002_1017,online,250.0,2,1,0.445657332700522,0.1037810473026419,0.0094921689606074,0.3323841164372725,0.7797371941928893,0.4322084073416222,0.4323389537397319,0.0991931656383483,2.0,2.0,0.0,250.0,250.0,250.0,250.0,229.0,0.583756345177665,60.0,0.1101159114857745,0.044878399989102,0.0342993999947793,0.0953014999686274,0.0015883583328104,1.9694323144104804
test_002_1018,online,250.0,2,1,0.2679621162638798,0.0738079686479425,0.0209013716525146,0.1732527759634226,0.5190722533048105,0.2257759273277819,0.1612763186455394,0.0685826257348138,3.0,3.0,0.0,250.0,250.0,250.0,250.0,232.0,0.8106796116504854,60.0,0.0736325385694249,0.0402728999906685,0.0230867000063881,0.0772196000034455,0.0012869933333907,1.9741379310344829
test_002_1019,online,250.0,2,1,0.3707061900610288,0.0563208369659982,0.0327811682650392,0.2816041848299913,0.8266051552374988,0.3519263944795859,0.2720505301150462,0.0451612903225806,5.0,3.0,-2.0,250.0,250.0,250.0,250.0,224.0,0.6859903381642513,60.0,0.0472972972972973,0.0376255000010132,0.023945699998876,0.0716407999861985,0.0011940133331033,1.9598214285714288
test_002_1020,online,250.0,2,1,0.4003197442046363,0.0864908073541167,0.0177458033573141,0.2960831334932054,0.6995392544646085,0.3516060780919408,0.3445076955513388,0.0844124700239808,4.0,5.0,1.0,250.0,250.0,250.0,250.0,233.0,0.6699507389162561,60.0,0.0921948664222105,0.0394834000035189,0.0377196000190451,0.090551100031007,0.0015091850005167,1.9785407725321889
test_002_1021,online,250.0,2,1,0.2799221537463509,0.1110930911449886,0.0233538760947129,0.1454751865066493,0.2806748279163855,0.1443719412724306,0.1852376137512639,0.1023353876094712,4.0,7.0,3.0,250.0,250.0,250.0,250.0,225.0,0.8974358974358975,60.0,0.1140018066847335,0.0476694999961182,0.0299682000186294,0.0910435000259894,0.0015173916670998,1.9555555555555555
test_002_1022,online,250.0,2,1,0.3518130539887187,0.1269943593875906,0.0294923448831587,0.1953263497179694,0.5200592344716748,0.216349240316713,0.2181137374210156,0.1234488315874294,4.0,5.0,1.0,250.0,250.0,250.0,250.0,224.0,0.8415300546448088,60.0,0.1408347122632837,0.043162799993297,0.0284280000196304,0.0863646000216249,0.0014394100003604,1.9553571428571428
test_002_1023,online,250.0,2,1,0.3328315771868205,0.0546914199698946,0.0163907007860846,0.2617494564308413,0.8344263043450258,0.2865116279069767,0.2243168820165219,0.0505101187489546,4.0,3.0,-1.0,250.0,250.0,250.0,250.0,230.0,0.7464114832535885,60.0,0.0531971111502554,0.0398404999868944,0.0325558999902568,0.0857856999791693,0.0014297616663194,1.9739130434782608
test_002_1000,online,500.0,2,2,0.4636189146745769,0.0340254754842086,0.0286162973303088,0.4009771418600593,0.835737130139272,0.461223730704854,0.409620682347955,0.0308846623625894,5.0,3.0,-2.0,500.0,500.0,500.0,500.0,228.0,0.5714285714285714,60.0,0.0318689232985235,0.1196892000152729,0.050937399995746,0.1865961000148672,0.0031099350002477,2.9078947368421053
test_002_1001,online,500.0,2,2,0.5053763440860215,0.0829973118279569,0.0280577956989247,0.3943212365591398,0.9062727955125572,0.4970107612594659,0.4442846872753415,0.0784610215053763,4.0,3.0,-1.0,500.0,500.0,500.0,500.0,225.0,0.5538461538461539,60.0,0.0851412944393801,0.0521900999883655,0.0363089000165928,0.1011390000057872,0.0016856500000964,2.897777777777778
test_002_1002,online,500.0,2,2,0.298627385336458,0.0984265148978908,0.031637094074322,0.168563776364245,0.6622726374798835,0.229740680713128,0.1625997719498289,0.0868764646802812,5.0,6.0,1.0,500.0,500.0,500.0,500.0,223.0,0.8144329896907216,60.0,0.0951420714940421,0.0427949000149965,0.0377600000065285,0.0921773000154644,0.001536288333591,2.8385650224215246
test_002_1003,online,500.0,2,2,0.4222069910897875,0.0623714873200822,0.0219328307059629,0.3379026730637423,0.8407109618746649,0.3967704728950403,0.3424133273300315,0.0543180260452364,5.0,3.0,-2.0,500.0,500.0,500.0,500.0,224.0,0.6403940886699507,60.0,0.0574379416560971,0.0494032000133302,0.0473293999966699,0.1155692000174894,0.0019261533336248,2.892857142857143
test_002_1004,online,500.0,2,2,0.4909895150720839,0.1223787680209698,0.0234272608125819,0.3451834862385321,0.8635792352717608,0.4651508712282193,0.4409202591020772,0.1145150720838794,5.0,3.0,-2.0,500.0,500.0,500.0,500.0,220.0,0.5769230769230769,60.0,0.1293246993524514,0.0482675000093877,0.0609239000186789,0.1235041000181809,0.0020584016669696,2.868181818181818
test_002_1005,online,500.0,2,2,0.2911710504272072,0.093147930976713,0.0271402244932149,0.1708828949572792,0.326182848391859,0.186753088920397,0.1108891108891109,0.0864466409783883,4.0,8.0,4.0,500.0,500.0,500.0,500.0,223.0,0.8638743455497382,60.0,0.0946268109297634,0.137017700006254,0.0560549999936483,0.2101380999956745,0.0035023016665945,2.802690582959641
test_002_1006,online,500.0,2,2,0.1737535434383858,0.0763715190928797,0.0226780056695014,0.0747040186760046,0.2336505467696144,0.1167284794065977,0.0762924163060806,0.072869768217442,4.0,5.0,1.0,500.0,500.0,500.0,500.0,227.0,0.914572864321608,60.0,0.0785971223021582,0.0889097999897785,0.0433543999970424,0.1429574999783653,0.0023826249996394,2.881057268722467
test_002_1007,online,500.0,2,2,0.4161632653061224,0.1165714285714285,0.034938775510204,0.2646530612244898,0.6361719708458884,0.305256491450285,0.2702576112412178,0.1133061224489796,4.0,5.0,1.0,500.0,500.0,500.0,500.0,225.0,0.745945945945946,60.0,0.1277849383170687,0.0422495999955572,0.0425955000100657,0.1008522000047378,0.0016808700000789,2.813333333333333
test_002_1008,online,500.0,2,2,0.5244370308590492,0.0707256046705588,0.0256880733944954,0.428023352793995,0.928945608791066,0.5165360351749188,0.4738973897389739,0.06371976647206,5.0,4.0,-1.0,500.0,500.0,500.0,500.0,229.0,0.5172413793103449,60.0,0.0680562978799216,0.039385600015521,0.0379420999961439,0.0884599999990314,0.0014743333333171,2.8558951965065504
test_002_1009,online,500.0,2,2,0.2709474033515845,0.1012112161937945,0.0303633648581383,0.1393728222996515,0.4296345927655154,0.2128481398658263,0.1535547136171161,0.0919196947071511,3.0,4.0,1.0,500.0,500.0,500.0,500.0,224.0,0.8112244897959183,60.0,0.1012241914854741,0.0449555999948643,0.0346736999927088,0.0963016999885439,0.0016050283331423,2.8392857142857144
test_002_1010,online,500.0,2,2,0.1712068965517241,0.0703448275862069,0.031551724137931,0.0693103448275862,0.2006213407134601,0.1218074656188605,0.0442769665567593,0.0612068965517241,2.0,3.0,1.0,500.0,500.0,500.0,500.0,223.0,0.9253731343283582,60.0,0.0651974288337924,0.0415929999726358,0.0385795999900437,0.0913931999821215,0.001523219999702,2.878923766816144
test_002_1011,online,500.0,2,2,0.3299217338952438,0.1587898856110776,0.0167068031306441,0.1544250451535219,0.63266609932039,0.2398692810457516,0.2326191517271534,0.1547260686333534,5.0,5.0,0.0,500.0,500.0,500.0,500.0,228.0,0.8103448275862069,60.0,0.1826923076923076,0.0446604999888222,0.0318614999996498,0.0871010999835562,0.0014516849997259,2.912280701754386
test_002_1012,online,500.0,2,2,0.3283509341998375,0.0797725426482534,0.0220958570268074,0.2264825345247766,0.482155588815124,0.2779380650125024,0.2177777777777777,0.0776604386677498,5.0,7.0,2.0,500.0,500.0,500.0,500.0,232.0,0.7560975609756098,60.0,0.0841994010921261,0.04419039998902,0.0344738000130746,0.0913230000005569,0.0015220500000092,2.913793103448276
test_002_1013,online,500.0,2,2,0.1198905421583718,0.0730289037113049,0.0307850179579271,0.0160766204891397,0.1376213568551318,0.0598138245197068,0.0245145631067961,0.0682401231400718,2.0,2.0,0.0,500.0,500.0,500.0,500.0,224.0,0.984924623115578,60.0,0.073237885462555,0.0491931000142358,0.0352001000137534,0.0973471000324934,0.0016224516672082,2.8973214285714284
test_002_1014,online,500.0,2,2,0.364750703992049,0.0730495279112141,0.0296504886533046,0.2620506874275302,0.7735054062449562,0.3090979034429698,0.2581509602501116,0.0694053337750538,4.0,5.0,1.0,500.0,500.0,500.0,500.0,231.0,0.7378640776699029,60.0,0.0745817016731933,0.0450106000062078,0.0497249999898485,0.1088979999767616,0.0018149666662793,2.913419913419913
test_002_1015,online,500.0,2,2,0.3802153432032301,0.0593876177658142,0.0225437415881561,0.2982839838492597,0.6886170639283666,0.3548937784522003,0.2787068004459309,0.0565275908479138,5.0,4.0,-1.0,500.0,500.0,500.0,500.0,229.0,0.6844660194174758,60.0,0.0599144079885877,0.0431826999993063,0.0560357999929692,0.112246899981983,0.0018707816663663,2.908296943231441
test_002_1016,online,500.0,2,2,0.2179859805094888,0.073003932296119,0.0304325525730894,0.1145494956402803,0.2252049722630583,0.1514380747407552,0.0657799274486094,0.0630877073003932,2.0,3.0,1.0,500.0,500.0,500.0,500.0,224.0,0.9137055837563453,60.0,0.0673357664233576,0.0413427000166848,0.0275403999839909,0.0875033999909646,0.0014583899998494,2.84375
test_002_1017,online,500.0,2,2,0.4407530454042082,0.1037810473026419,0.0094921689606074,0.3274798291409587,0.7696309243188793,0.4260903887902111,0.428880242109814,0.0991931656383483,2.0,2.0,0.0,500.0,500.0,500.0,500.0,229.0,0.5888324873096447,60.0,0.1101159114857745,0.0454116000037174,0.0579775000223889,0.1204367000318598,0.0020072783338643,2.921397379912664
test_002_1018,online,500.0,2,2,0.2883736120182887,0.0738079686479425,0.0209013716525146,0.1936642717178315,0.5855195134660742,0.2363739591218773,0.1805947471239418,0.0685826257348138,3.0,3.0,0.0,500.0,500.0,500.0,500.0,232.0,0.8009708737864077,60.0,0.0736325385694249,0.0452270000241696,0.0427642000140622,0.1065343000227585,0.0017755716670459,2.913793103448276
test_002_1019,online,500.0,2,2,0.3621621621621622,0.0563208369659982,0.0327811682650392,0.2730601569311247,0.8136954373250079,0.347326049453709,0.2720505301150462,0.0451612903225806,5.0,3.0,-2.0,500.0,500.0,500.0,500.0,224.0,0.6908212560386473,60.0,0.0472972972972973,0.0428176999848801,0.0392704999831039,0.0935820999729912,0.0015597016662165,2.8973214285714284
test_002_1020,online,500.0,2,2,0.3016786570743405,0.0864908073541167,0.0177458033573141,0.1974420463629096,0.2776681927949959,0.2254279669167147,0.1943917351886991,0.0844124700239808,4.0,6.0,2.0,500.0,500.0,500.0,500.0,233.0,0.7980295566502463,60.0,0.0921948664222105,0.043892899993807,0.0317947999865282,0.090031599975191,0.0015005266662531,2.939914163090129
test_002_1021,online,500.0,2,2,0.2844631852092118,0.1110930911449886,0.0233538760947129,0.1500162179695102,0.277189859956338,0.1449836867862969,0.1817997977755308,0.1023353876094712,4.0,9.0,5.0,500.0,500.0,500.0,500.0,225.0,0.8923076923076924,60.0,0.1140018066847335,0.0408050000260118,0.0323842999932821,0.0830659000203013,0.001384431667005,2.8177777777777777
test_002_1022,online,500.0,2,2,0.3323126510878323,0.1269943593875906,0.0294923448831587,0.175825946817083,0.6751455182540369,0.2257650331692702,0.2295810905686871,0.1234488315874294,4.0,4.0,0.0,500.0,500.0,500.0,500.0,224.0,0.819672131147541,60.0,0.1408347122632837,0.0514547000057064,0.0497106999973766,0.1159486999968066,0.0019324783332801,2.861607142857143
test_002_1023,online,500.0,2,2,0.3341695935775213,0.0546914199698946,0.0163907007860846,0.263087472821542,0.8270713572521843,0.282046511627907,0.2323660241474263,0.0505101187489546,4.0,3.0,-1.0,500.0,500.0,500.0,500.0,230.0,0.7464114832535885,60.0,0.0531971111502554,0.047044500010088,0.0404678000195417,0.0990112000145018,0.0016501866669083,2.88695652173913
test_002_1000,online,1000.0,2,4,0.3789914500087245,0.0340254754842086,0.0286162973303088,0.3163496771942069,0.828516036027611,0.3554026408778129,0.3208306844670481,0.0308846623625894,5.0,4.0,-1.0,1000.0,1000.0,1000.0,1000.0,228.0,0.6820276497695853,60.0,0.0318689232985235,0.0557594999845605,0.0526916999951936,0.1219802999694366,0.0020330049994906,4.741228070175438
test_002_1001,online,1000.0,2,4,0.408266129032258,0.0829973118279569,0.0280577956989247,0.2972110215053763,0.637669425400221,0.3868074930251096,0.3469925712916367,0.0784610215053763,4.0,3.0,-1.0,1000.0,1000.0,1000.0,1000.0,225.0,0.6461538461538462,60.0,0.0851412944393801,0.0524659999937284,0.0517361999955028,0.1175640999863389,0.0019594016664389,4.675555555555556
test_002_1002,online,1000.0,2,4,0.3006360897221292,0.0984265148978908,0.031637094074322,0.1705724807499163,0.62320205198597,0.2220421393841166,0.1635119726339794,0.0868764646802812,5.0,8.0,3.0,1000.0,1000.0,1000.0,1000.0,223.0,0.8247422680412371,60.0,0.0951420714940421,0.0420869999798014,0.050816200004192,0.1058375999855343,0.0017639599997589,4.349775784753363
test_002_1003,online,1000.0,2,4,0.4376285126799177,0.0623714873200822,0.0219328307059629,0.3533241946538725,0.8977045250798188,0.4138792772010765,0.3617739756866276,0.0543180260452364,5.0,3.0,-2.0,1000.0,1000.0,1000.0,1000.0,224.0,0.6108374384236454,60.0,0.0574379416560971,0.0400244999909773,0.050487400003476,0.1037344000069424,0.0017289066667823,4.651785714285714
test_002_1004,online,1000.0,2,4,0.4857470511140236,0.1223787680209698,0.0234272608125819,0.3399410222804718,0.8458830199059383,0.4583510412239694,0.4373464373464373,0.1145150720838794,5.0,2.0,-3.0,1000.0,1000.0,1000.0,1000.0,220.0,0.5879120879120879,60.0,0.1293246993524514,0.0407970999949611,0.0392345000000204,0.0884599999990314,0.0014743333333171,4.586363636363636
test_002_1005,online,1000.0,2,4,0.2993801306751549,0.093147930976713,0.0271402244932149,0.179091975205227,0.3414969621614315,0.2031598136520153,0.1236263736263736,0.0864466409783883,4.0,6.0,2.0,1000.0,1000.0,1000.0,1000.0,223.0,0.8481675392670157,60.0,0.0946268109297634,0.041714499995578,0.0478863000171259,0.1038400000252295,0.0017306666670871,4.112107623318385
test_002_1006,online,1000.0,2,4,0.2542938135734534,0.0763715190928797,0.0226780056695014,0.1552442888110722,0.5461665755894504,0.2053484286550849,0.1534957868367114,0.072869768217442,4.0,4.0,0.0,1000.0,1000.0,1000.0,1000.0,227.0,0.8291457286432161,60.0,0.0785971223021582,0.044512599997688,0.0440729999972973,0.104258099978324,0.0017376349996387,4.546255506607929
test_002_1007,online,1000.0,2,4,0.4504489795918367,0.1165714285714285,0.034938775510204,0.2989387755102041,0.6199907646392462,0.3282668355499261,0.3023419203747072,0.1133061224489796,4.0,6.0,2.0,1000.0,1000.0,1000.0,1000.0,225.0,0.7351351351351352,60.0,0.1277849383170687,0.0414362000010442,0.0415790999832097,0.0954134999774396,0.0015902249996239,4.231111111111111
test_002_1008,online,1000.0,2,4,0.514929107589658,0.0707256046705588,0.0256880733944954,0.4185154295246038,0.9557992898746984,0.5018160963486905,0.445994599459946,0.06371976647206,5.0,5.0,0.0,1000.0,1000.0,1000.0,1000.0,229.0,0.5320197044334976,60.0,0.0680562978799216,0.0451193999906536,0.048015900014434,0.1083861000079196,0.0018064350001319,4.436681222707423
test_002_1009,online,1000.0,2,4,0.2302969968475195,0.1012112161937945,0.0303633648581383,0.0987224157955865,0.2257400174437546,0.1634478552551331,0.1069757075997325,0.0919196947071511,3.0,4.0,1.0,1000.0,1000.0,1000.0,1000.0,224.0,0.8673469387755102,60.0,0.1012241914854741,0.0456194000144023,0.0476530999876558,0.1067550999869126,0.0017792516664485,4.379464285714286
test_002_1010,online,1000.0,2,4,0.1577586206896551,0.0703448275862069,0.031551724137931,0.0558620689655172,0.1837459741768617,0.1100196463654224,0.0350918511540273,0.0612068965517241,2.0,3.0,1.0,1000.0,1000.0,1000.0,1000.0,223.0,0.9353233830845772,60.0,0.0651974288337924,0.040767099999357,0.0487711000023409,0.1034136000089347,0.0017235600001489,4.538116591928251
test_002_1011,online,1000.0,2,4,0.3514449127031908,0.1587898856110776,0.0167068031306441,0.175948223961469,0.7107542172359744,0.2675381263616557,0.2612592916484477,0.1547260686333534,5.0,4.0,-1.0,1000.0,1000.0,1000.0,1000.0,228.0,0.7758620689655172,60.0,0.1826923076923076,0.0399705999880097,0.051796000014292,0.1055851000128313,0.0017597516668805,4.609649122807017
test_002_1012,online,1000.0,2,4,0.2830219333874898,0.0797725426482534,0.0220958570268074,0.1811535337124289,0.4120708213784091,0.2198499711482977,0.1686772486772486,0.0776604386677498,5.0,9.0,4.0,1000.0,1000.0,1000.0,1000.0,232.0,0.8097560975609757,60.0,0.0841994010921261,0.0459690999996382,0.0534437999885994,0.1140459000016562,0.0019007650000276,4.655172413793103
test_002_1013,online,1000.0,2,4,0.1202325979134598,0.0730289037113049,0.0307850179579271,0.0164186762442278,0.135262696228832,0.0602099425628837,0.0201456310679611,0.0682401231400718,2.0,2.0,0.0,1000.0,1000.0,1000.0,1000.0,224.0,0.9798994974874372,60.0,0.073237885462555,0.0437414000043645,0.0467924000113271,0.0996494000137317,0.0016608233335621,4.647321428571429
test_002_1014,online,1000.0,2,4,0.3987079675335431,0.0730495279112141,0.0296504886533046,0.2960079509690243,0.7573230848787972,0.33044816310829,0.2673068334077713,0.0694053337750538,4.0,6.0,2.0,1000.0,1000.0,1000.0,1000.0,231.0,0.7184466019417476,60.0,0.0745817016731933,0.0414591000007931,0.0444090999953914,0.0996779999986756,0.0016612999999779,4.632034632034632
test_002_1015,online,1000.0,2,4,0.3815612382234186,0.0593876177658142,0.0225437415881561,0.2996298788694482,0.670587609766542,0.3564112291350531,0.2795986622073578,0.0565275908479138,5.0,4.0,-1.0,1000.0,1000.0,1000.0,1000.0,229.0,0.6796116504854369,60.0,0.0599144079885877,0.0392023000167682,0.0452498999948147,0.0932514000160154,0.0015541900002669,4.685589519650655
test_002_1016,online,1000.0,2,4,0.1725081210463327,0.073003932296119,0.0304325525730894,0.0690716361771243,0.2015518378810268,0.1164155742516141,0.0510278113663845,0.0630877073003932,2.0,3.0,1.0,1000.0,1000.0,1000.0,1000.0,224.0,0.9390862944162436,60.0,0.0673357664233576,0.0432551999983843,0.0505246999964583,0.1067960999789647,0.0017799349996494,4.272321428571429
test_002_1017,online,1000.0,2,4,0.4391710172441069,0.1037810473026419,0.0094921689606074,0.3258978009808574,0.7665313526071484,0.4241168344187882,0.428880242109814,0.0991931656383483,2.0,2.0,0.0,1000.0,1000.0,1000.0,1000.0,229.0,0.5939086294416244,60.0,0.1101159114857745,0.0452054000052157,0.0730228000029455,0.1360329000162892,0.0022672150002714,4.794759825327511
test_002_1018,online,1000.0,2,4,0.2604506858262573,0.0738079686479425,0.0209013716525146,0.1657413455258001,0.5109367286490045,0.212339137017411,0.1608421966572606,0.0685826257348138,3.0,3.0,0.0,1000.0,1000.0,1000.0,1000.0,232.0,0.8252427184466019,60.0,0.0736325385694249,0.053976800001692,0.0791265000007115,0.1537618000002112,0.0025626966666701,4.663793103448276
test_002_1019,online,1000.0,2,4,0.2938099389712293,0.0563208369659982,0.0327811682650392,0.2047079337401918,0.5965702777564893,0.2687368219283113,0.1985111662531017,0.0451612903225806,5.0,4.0,-1.0,1000.0,1000.0,1000.0,1000.0,224.0,0.7632850241545893,60.0,0.0472972972972973,0.0538453999906778,0.0685781000065617,0.1379083000065293,0.0022984716667754,4.732142857142857
test_002_1020,online,1000.0,2,4,0.4546762589928058,0.0864908073541167,0.0177458033573141,0.3504396482813749,0.4358856775584996,0.4012310059626851,0.3672780940333122,0.0844124700239808,4.0,9.0,5.0,1000.0,1000.0,1000.0,1000.0,233.0,0.6206896551724138,60.0,0.0921948664222105,0.0585097000002861,0.0628961999900639,0.1349344999762252,0.002248908332937,4.648068669527897
test_002_1021,online,1000.0,2,4,0.2560817385663315,0.1110930911449886,0.0233538760947129,0.1216347713266299,0.2427291780173592,0.1194942903752039,0.1555106167846309,0.1023353876094712,4.0,9.0,5.0,1000.0,1000.0,1000.0,1000.0,225.0,0.917948717948718,60.0,0.1140018066847335,0.0683944000047631,0.0641495000163558,0.1457588000048417,0.002429313333414,4.213333333333333
test_002_1022,online,1000.0,2,4,0.3506849315068493,0.1269943593875906,0.0294923448831587,0.1941982272360999,0.5199653592824076,0.2326128825165846,0.2316873391060145,0.1234488315874294,4.0,6.0,2.0,1000.0,1000.0,1000.0,1000.0,224.0,0.8306010928961749,60.0,0.1408347122632837,0.0651009999855887,0.0563167999789584,0.1341970999492332,0.0022366183324872,4.357142857142857
test_002_1023,online,1000.0,2,4,0.3495567820705804,0.0546914199698946,0.0163907007860846,0.2784746613146011,0.9374398527017496,0.2844651162790698,0.2334251217962296,0.0505101187489546,4.0,4.0,0.0,1000.0,1000.0,1000.0,1000.0,230.0,0.7511961722488039,60.0,0.0531971111502554,0.0556892000022344,0.0539596999878995,0.1251901999930851,0.002086503333218,4.504347826086956
test_002_1000,online,2000.0,2,8,0.1615773861455243,0.0340254754842086,0.0286162973303088,0.0989356133310068,0.300371739136191,0.1392970057652966,0.0735325280779826,0.0308846623625894,5.0,6.0,1.0,2000.0,2000.0,2000.0,2000.0,228.0,0.8894009216589862,60.0,0.0318689232985235,0.4823554999893531,0.1296062000037636,0.6364899999753106,0.0106081666662551,7.973684210526316
test_002_1001,online,2000.0,2,8,0.4257392473118279,0.0829973118279569,0.0280577956989247,0.3146841397849462,0.6754358511683136,0.3989637305699481,0.35418164390127,0.0784610215053763,4.0,4.0,0.0,2000.0,2000.0,2000.0,2000.0,225.0,0.6410256410256411,60.0,0.0851412944393801,0.0879844000155571,0.0953611000149976,0.2022005000326316,0.0033700083338771,7.773333333333333
test_002_1002,online,2000.0,2,8,0.4650150652828925,0.0984265148978908,0.031637094074322,0.3349514563106796,0.8446796129805113,0.4215964343598055,0.3493728620296465,0.0868764646802812,5.0,8.0,3.0,2000.0,2000.0,2000.0,2000.0,223.0,0.634020618556701,60.0,0.0951420714940421,0.057152399996994,0.0829092000203672,0.1565229000116232,0.0026087150001937,6.57847533632287
test_002_1003,online,2000.0,2,8,0.412268677176148,0.0623714873200822,0.0219328307059629,0.3279643591501028,0.7809390520838815,0.3904267589388697,0.3394867176947321,0.0543180260452364,5.0,4.0,-1.0,2000.0,2000.0,2000.0,2000.0,224.0,0.6502463054187192,60.0,0.0574379416560971,0.0896173000219278,0.1307318999897688,0.2450118000269867,0.0040835300004497,7.580357142857143
test_002_1004,online,2000.0,2,8,0.5031127129750983,0.1223787680209698,0.0234272608125819,0.3573066841415465,0.9069175347205044,0.4808754781130471,0.4511949966495421,0.1145150720838794,5.0,4.0,-1.0,2000.0,2000.0,2000.0,2000.0,220.0,0.5604395604395604,60.0,0.1293246993524514,0.0853153000061865,0.2079056999937165,0.3229248999850824,0.005382081666418,7.509090909090909
test_002_1005,online,2000.0,2,8,0.3823085944044228,0.093147930976713,0.0271402244932149,0.2620204389344949,0.4487852403113038,0.295321045169131,0.1995504495504495,0.0864466409783883,4.0,7.0,3.0,2000.0,2000.0,2000.0,2000.0,223.0,0.7539267015706806,60.0,0.0946268109297634,0.0910268000152427,0.2319752000039443,0.3589142000128049,0.0059819033335467,5.762331838565022
test_002_1006,online,2000.0,2,8,0.2738035684508921,0.0763715190928797,0.0226780056695014,0.1747540436885109,0.5603070559165986,0.2281866094085496,0.1742199954452288,0.072869768217442,4.0,4.0,0.0,2000.0,2000.0,2000.0,2000.0,227.0,0.8090452261306532,60.0,0.0785971223021582,0.4713390999822877,0.1160835000046063,0.6051075999857858,0.0100851266664297,7.348017621145375
test_002_1007,online,2000.0,2,8,0.4726530612244898,0.1165714285714285,0.034938775510204,0.3211428571428571,0.6736736206429321,0.3527549081697276,0.3266978922716627,0.1133061224489796,4.0,7.0,3.0,2000.0,2000.0,2000.0,2000.0,225.0,0.6648648648648648,60.0,0.1277849383170687,0.1485470999905374,0.1436995000112801,0.3109323999960907,0.0051822066666015,6.031111111111112
test_002_1008,online,2000.0,2,8,0.5631359466221851,0.0707256046705588,0.0256880733944954,0.4667222685571309,1.2151408011403482,0.5440642324603326,0.4878487848784879,0.06371976647206,5.0,4.0,-1.0,2000.0,2000.0,2000.0,2000.0,229.0,0.4729064039408867,60.0,0.0680562978799216,0.0853439000202342,0.109343300020555,0.2099903000635095,0.0034998383343918,7.0524017467248905
test_002_1009,online,2000.0,2,8,0.2880371660859466,0.1012112161937945,0.0303633648581383,0.1564625850340136,0.3238812013735999,0.2189469404350477,0.1484287942946289,0.0919196947071511,3.0,5.0,2.0,2000.0,2000.0,2000.0,2000.0,224.0,0.8214285714285714,60.0,0.1012241914854741,0.1343978999939281,0.1038872000062838,0.2593675999960396,0.0043227933332673,6.669642857142857
test_002_1010,online,2000.0,2,8,0.2068965517241379,0.0703448275862069,0.031551724137931,0.105,0.2748650486583298,0.1660117878192534,0.0741874705605275,0.0612068965517241,2.0,3.0,1.0,2000.0,2000.0,2000.0,2000.0,223.0,0.8855721393034826,60.0,0.0651974288337924,0.0704478999832645,0.0987782999873161,0.1872746999724768,0.0031212449995412,7.210762331838565
test_002_1011,online,2000.0,2,8,0.4339253461770018,0.1587898856110776,0.0167068031306441,0.2584286574352799,0.9688136567329064,0.3492374727668845,0.3439003060778312,0.1547260686333534,5.0,4.0,-1.0,2000.0,2000.0,2000.0,2000.0,228.0,0.7011494252873564,60.0,0.1826923076923076,0.0768705999944359,0.1701101000071503,0.2655144000018481,0.0044252400000308,7.385964912280702
test_002_1012,online,2000.0,2,8,0.3034930950446791,0.0797725426482534,0.0220958570268074,0.2016246953696182,0.4494688474310465,0.2463935372186959,0.1959788359788359,0.0776604386677498,5.0,9.0,4.0,2000.0,2000.0,2000.0,2000.0,232.0,0.7804878048780488,60.0,0.0841994010921261,0.1465126999828498,0.1035972000099718,0.2674231999844778,0.0044570533330746,7.616379310344827
test_002_1013,online,2000.0,2,8,0.2290063280314691,0.0730289037113049,0.0307850179579271,0.125192406362237,0.2168762447428985,0.1550802139037433,0.0584951456310679,0.0682401231400718,2.0,3.0,1.0,2000.0,2000.0,2000.0,2000.0,224.0,0.8944723618090452,60.0,0.073237885462555,0.173958200000925,0.14182410002104,0.333993600012036,0.0055665600002006,7.111607142857143
test_002_1014,online,2000.0,2,8,0.466953784992546,0.0730495279112141,0.0296504886533046,0.3642537684280271,0.8385512975163697,0.4027697634160415,0.3468066100937919,0.0694053337750538,4.0,6.0,2.0,2000.0,2000.0,2000.0,2000.0,231.0,0.6456310679611651,60.0,0.0745817016731933,0.0760326999879907,0.1023055000114254,0.198834100010572,0.0033139016668428,7.346320346320346
test_002_1015,online,2000.0,2,8,0.2939098250336474,0.0593876177658142,0.0225437415881561,0.211978465679677,0.6652018178743686,0.2564491654021244,0.1536231884057971,0.0565275908479138,5.0,5.0,0.0,2000.0,2000.0,2000.0,2000.0,229.0,0.7766990291262136,60.0,0.0599144079885877,0.1072015000099781,0.1809309999807737,0.3078142000013031,0.0051302366666883,7.847161572052402
test_002_1016,online,2000.0,2,8,0.1682338861343819,0.073003932296119,0.0304325525730894,0.0647974012651735,0.1982042213839727,0.1115241635687732,0.049093107617896,0.0630877073003932,2.0,3.0,1.0,2000.0,2000.0,2000.0,2000.0,224.0,0.9441624365482234,60.0,0.0673357664233576,0.0912467000016477,0.0843743000004906,0.1917141000158153,0.0031952350002635,6.071428571428571
test_002_1017,online,2000.0,2,8,0.2722670463534251,0.1037810473026419,0.0094921689606074,0.1589938300901756,0.434566822701524,0.2159068482336688,0.199956766104626,0.0991931656383483,2.0,2.0,0.0,2000.0,2000.0,2000.0,2000.0,229.0,0.8020304568527918,60.0,0.1101159114857745,0.0933349000115413,0.1031466999847907,0.2136292999784927,0.0035604883329748,8.270742358078603
test_002_1018,online,2000.0,2,8,0.2996407576747224,0.0738079686479425,0.0209013716525146,0.2049314173742651,0.6171952992156218,0.2475397426192278,0.182548296071196,0.0685826257348138,3.0,3.0,0.0,2000.0,2000.0,2000.0,2000.0,232.0,0.7815533980582524,60.0,0.0736325385694249,0.0895036000001709,0.1848171000019647,0.2983986999897752,0.0049733116664962,7.586206896551724
test_002_1019,online,2000.0,2,8,0.4725370531822144,0.0563208369659982,0.0327811682650392,0.383435047951177,0.8545568756806384,0.4548591144335825,0.4105571847507331,0.0451612903225806,5.0,3.0,-2.0,2000.0,2000.0,2000.0,2000.0,224.0,0.5797101449275363,60.0,0.0472972972972973,0.6728406000183895,0.2187823000131175,0.959577600035118,0.0159929600005853,7.875
test_002_1020,online,2000.0,2,8,0.2716227018385291,0.0864908073541167,0.0177458033573141,0.1673860911270983,0.2633721075973128,0.1673398730525101,0.1695129664769133,0.0844124700239808,4.0,9.0,5.0,2000.0,2000.0,2000.0,2000.0,233.0,0.8522167487684729,60.0,0.0921948664222105,0.1696215999836567,0.1332953000091947,0.3254786999896168,0.0054246449998269,7.206008583690987
test_002_1021,online,2000.0,2,8,0.2679208563087901,0.1110930911449886,0.0233538760947129,0.1334738890690885,0.2609241852122479,0.1292822185970636,0.1678463094034378,0.1023353876094712,4.0,9.0,5.0,2000.0,2000.0,2000.0,2000.0,225.0,0.9128205128205128,60.0,0.1140018066847335,0.1893576000002212,0.154322599992156,0.3737583999754861,0.0062293066662581,6.333333333333333
test_002_1022,online,2000.0,2,8,0.4159548751007252,0.1269943593875906,0.0294923448831587,0.2594681708299758,0.7155730726110119,0.3160710464369783,0.3068102036040253,0.1234488315874294,4.0,6.0,2.0,2000.0,2000.0,2000.0,2000.0,224.0,0.7377049180327869,60.0,0.1408347122632837,0.209553600026993,0.0838994999940041,0.3105221000441815,0.0051753683340696,6.361607142857143
test_002_1023,online,2000.0,2,8,0.3565813681217595,0.0546914199698946,0.0163907007860846,0.2854992473657802,0.936600376205763,0.2950697674418605,0.2291887312010167,0.0505101187489546,4.0,5.0,1.0,2000.0,2000.0,2000.0,2000.0,230.0,0.7416267942583732,60.0,0.0531971111502554,0.113401899987366,0.0916200000210665,0.2224539000308141,0.0037075650005135,7.0
test_002_1000,online,4000.0,2,16,0.3343221078345838,0.0340254754842086,0.0286162973303088,0.2716803350200663,0.4143137882991131,0.3183931560349637,0.2598008052553507,0.0308846623625894,5.0,8.0,3.0,4000.0,4000.0,4000.0,4000.0,228.0,0.7142857142857143,60.0,0.0318689232985235,0.1522408000018913,0.1631049000134226,0.3351914999948349,0.0055865249999139,12.214912280701755
test_002_1001,online,4000.0,2,16,0.3844086021505376,0.0829973118279569,0.0280577956989247,0.2733534946236559,0.4922435617289112,0.3371861299322439,0.2607236999760364,0.0784610215053763,4.0,5.0,1.0,4000.0,4000.0,4000.0,4000.0,225.0,0.7128205128205128,60.0,0.0851412944393801,0.0787870000058319,0.4855061999987811,0.5951780999894254,0.0099196349998237,12.177777777777775
test_002_1002,online,4000.0,2,16,0.3603950451958487,0.0984265148978908,0.031637094074322,0.2303314362236357,0.7052047185631931,0.2963938411669368,0.2141391106043329,0.0868764646802812,5.0,9.0,4.0,4000.0,4000.0,4000.0,4000.0,223.0,0.7577319587628866,60.0,0.0951420714940421,0.0902003000082913,0.1274452999932691,0.2367750000266824,0.0039462500004447,9.089686098654708
test_002_1003,online,4000.0,2,16,0.4725839616175463,0.0623714873200822,0.0219328307059629,0.388279643591501,0.991935264083993,0.4275278738946559,0.3910400720396217,0.0543180260452364,5.0,4.0,-1.0,4000.0,4000.0,4000.0,4000.0,224.0,0.6059113300492611,60.0,0.0574379416560971,0.1665475000045262,0.3023184000048786,0.5141783000144642,0.0085696383335744,11.46875
test_002_1004,online,4000.0,2,16,0.5031127129750983,0.1223787680209698,0.0234272608125819,0.3573066841415465,0.911374564383243,0.4808754781130471,0.4511949966495421,0.1145150720838794,5.0,4.0,-1.0,4000.0,4000.0,4000.0,4000.0,220.0,0.5604395604395604,60.0,0.1293246993524514,0.5352843999862671,0.1617255999881308,0.724909899989143,0.0120818316664857,11.95
test_002_1005,online,4000.0,2,16,0.3089294689227676,0.093147930976713,0.0271402244932149,0.1886413134528396,0.3545997539739834,0.2147052866113024,0.1308691308691308,0.0864466409783883,4.0,6.0,2.0,4000.0,4000.0,4000.0,4000.0,223.0,0.837696335078534,60.0,0.0946268109297634,0.0692785999854095,0.1014388999901712,0.1892524999857414,0.0031542083330956,7.345291479820628
test_002_1006,online,4000.0,2,16,0.2631315657828914,0.0763715190928797,0.0226780056695014,0.1640820410205102,0.4640701084718447,0.1992972867460472,0.1560009109542245,0.072869768217442,4.0,4.0,0.0,4000.0,4000.0,4000.0,4000.0,227.0,0.8442211055276382,60.0,0.0785971223021582,0.073939199995948,0.1568083000020124,0.2496020999969914,0.0041600349999498,10.71806167400881
test_002_1007,online,4000.0,2,16,0.5059591836734694,0.1165714285714285,0.034938775510204,0.3544489795918367,0.7020930106167322,0.4099641123073675,0.3826697892271662,0.1133061224489796,4.0,7.0,3.0,4000.0,4000.0,4000.0,4000.0,225.0,0.6270270270270271,60.0,0.1277849383170687,0.0907463999756146,0.1255799999926239,0.2468328999821096,0.0041138816663684,7.795555555555556
test_002_1008,online,4000.0,2,16,0.5946622185154296,0.0707256046705588,0.0256880733944954,0.4982485404503753,1.336903446653895,0.5826801758745938,0.5495049504950495,0.06371976647206,5.0,4.0,-1.0,4000.0,4000.0,4000.0,4000.0,229.0,0.438423645320197,60.0,0.0680562978799216,0.0782764999894425,0.1468911000119988,0.2438281000067945,0.0040638016667799,10.427947598253276
test_002_1009,online,4000.0,2,16,0.2963331674133068,0.1012112161937945,0.0303633648581383,0.1647585863613738,0.3481020863124817,0.2189469404350477,0.1546690439046133,0.0919196947071511,3.0,5.0,2.0,4000.0,4000.0,4000.0,4000.0,224.0,0.8214285714285714,60.0,0.1012241914854741,0.0913641000224743,0.1046093999757431,0.2138401000120211,0.003564001666867,9.169642857142858
test_002_1010,online,4000.0,2,16,0.3448275862068966,0.0703448275862069,0.031551724137931,0.2429310344827586,0.4291319071255515,0.2931237721021611,0.2152614225153085,0.0612068965517241,2.0,4.0,2.0,4000.0,4000.0,4000.0,4000.0,223.0,0.7611940298507462,60.0,0.0651974288337924,0.1976425999891944,0.1525199000025168,0.4074993999965954,0.0067916566666099,10.466367713004484
test_002_1011,online,4000.0,2,16,0.3583684527393136,0.1587898856110776,0.0167068031306441,0.1828717639975918,0.6829888564824005,0.2413943355119825,0.2503279405334499,0.1547260686333534,5.0,4.0,-1.0,4000.0,4000.0,4000.0,4000.0,228.0,0.8103448275862069,60.0,0.1826923076923076,0.0698898000118788,0.114817599998787,0.2031108000082895,0.0033851800001381,11.464912280701755
test_002_1012,online,4000.0,2,16,0.3382615759545085,0.0797725426482534,0.0220958570268074,0.2363931762794476,0.4807855134275886,0.2881323331409886,0.2273015873015873,0.0776604386677498,5.0,9.0,4.0,4000.0,4000.0,4000.0,4000.0,232.0,0.7365853658536585,60.0,0.0841994010921261,0.0619847000052686,0.113596699986374,0.1946493999857921,0.0032441566664298,12.172413793103448
test_002_1013,online,4000.0,2,16,0.1436634171369933,0.0730289037113049,0.0307850179579271,0.0398494954677612,0.1839520291049416,0.0873440285204991,0.0283980582524271,0.0682401231400718,2.0,2.0,0.0,4000.0,4000.0,4000.0,4000.0,224.0,0.9547738693467336,60.0,0.073237885462555,0.208634799986612,0.1544357000093441,0.3818886000080965,0.0063648100001349,9.308035714285714
test_002_1014,online,4000.0,2,16,0.4614874937883054,0.0730495279112141,0.0296504886533046,0.3587874772237866,0.7289239066121707,0.3964223889209463,0.3459133541759714,0.0694053337750538,4.0,6.0,2.0,4000.0,4000.0,4000.0,4000.0,231.0,0.6553398058252428,60.0,0.0745817016731933,0.0957249000202864,0.1406183000071905,0.2568734000378754,0.0042812233339645,10.12121212121212
test_002_1015,online,4000.0,2,16,0.4148721399730821,0.0593876177658142,0.0225437415881561,0.3329407806191117,0.5946410703070126,0.3899848254931715,0.2869565217391304,0.0565275908479138,5.0,7.0,2.0,4000.0,4000.0,4000.0,4000.0,229.0,0.6407766990291263,60.0,0.0599144079885877,0.0787808999884873,0.1599338999949395,0.2560269999958109,0.0042671166665968,12.54585152838428
test_002_1016,online,4000.0,2,16,0.1682338861343819,0.073003932296119,0.0304325525730894,0.0647974012651735,0.1982042213839727,0.1115241635687732,0.049093107617896,0.0630877073003932,2.0,3.0,1.0,4000.0,4000.0,4000.0,4000.0,224.0,0.9441624365482234,60.0,0.0673357664233576,0.0785611000028438,0.2652783000085037,0.3623189000063576,0.0060386483334392,7.540178571428571
test_002_1017,online,4000.0,2,16,0.4125929441544059,0.1037810473026419,0.0094921689606074,0.2993197278911564,0.5264145662116994,0.3516873889875666,0.3268482490272373,0.0991931656383483,2.0,3.0,1.0,4000.0,4000.0,4000.0,4000.0,229.0,0.6700507614213198,60.0,0.1101159114857745,0.0847056999919004,0.1704908999963663,0.2761234999925364,0.0046020583332089,13.524017467248909
test_002_1018,online,4000.0,2,16,0.2996407576747224,0.0738079686479425,0.0209013716525146,0.2049314173742651,0.6171952992156218,0.2475397426192278,0.182548296071196,0.0685826257348138,3.0,3.0,0.0,4000.0,4000.0,4000.0,4000.0,232.0,0.7815533980582524,60.0,0.0736325385694249,0.0878987999749369,0.274859999975888,0.3837433999578934,0.0063957233326315,11.732758620689657
test_002_1019,online,4000.0,2,16,0.5154315605928509,0.0563208369659982,0.0327811682650392,0.4263295553618134,2.716832480496728,0.4995207973931378,0.4376268892397925,0.0451612903225806,5.0,6.0,1.0,4000.0,4000.0,4000.0,4000.0,224.0,0.5265700483091788,60.0,0.0472972972972973,0.1570616000099107,0.1498585999943316,0.323961899994174,0.0053993649999029,12.03125
test_002_1020,online,4000.0,2,16,0.2596322941646682,0.0864908073541167,0.0177458033573141,0.1553956834532374,0.2726514069367534,0.1515676091556068,0.1239721695129664,0.0844124700239808,4.0,11.0,7.0,4000.0,4000.0,4000.0,4000.0,233.0,0.8719211822660099,60.0,0.0921948664222105,0.1870923999813385,0.1748015000193845,0.381145799998194,0.0063524299999699,9.69098712446352
test_002_1021,online,4000.0,2,16,0.2557573791761272,0.1110930911449886,0.0233538760947129,0.1213104119364255,0.2470660920858621,0.1252039151712887,0.1617795753286147,0.1023353876094712,4.0,9.0,5.0,4000.0,4000.0,4000.0,4000.0,225.0,0.9128205128205128,60.0,0.1140018066847335,0.0636548999755177,0.1153952999738976,0.2001458999584429,0.0033357649993073,8.688888888888888
test_002_1022,online,4000.0,2,16,0.3877518130539887,0.1269943593875906,0.0294923448831587,0.2312651087832393,0.6020941698951147,0.2668521292531564,0.2590685700912707,0.1234488315874294,4.0,7.0,3.0,4000.0,4000.0,4000.0,4000.0,224.0,0.7923497267759563,60.0,0.1408347122632837,0.0671765999868512,0.1525811999745201,0.2378519999620039,0.0039641999993667,8.017857142857142
test_002_1023,online,4000.0,2,16,0.3565813681217595,0.0546914199698946,0.0163907007860846,0.2854992473657802,0.9234437209327196,0.2950697674418605,0.2291887312010167,0.0505101187489546,4.0,5.0,1.0,4000.0,4000.0,4000.0,4000.0,230.0,0.7416267942583732,60.0,0.0531971111502554,0.138398099981714,0.1802903999923728,0.3398623999673873,0.0056643733327897,10.369565217391305
test_002_1000,online,8000.0,2,32,0.2763915547024952,0.034025475484208687,0.028616297330308845,0.21374978188797766,0.5635356681492333,0.2592523712107123,0.19559228650137742,0.030884662362589427,5.0,7.0,2.0,8000.0,8000.0,8000.0,8000.0,228.0,0.7695852534562212,60.0,0.03186892329852359,0.08384949999162927,0.15650169999571517,0.25694179997663014,0.004282363332943836,15.578947368421053
test_002_1001,online,8000.0,2,32,0.4168346774193548,0.08299731182795698,0.02805779569892473,0.3057795698924731,0.5440858116792755,0.3810282981267437,0.3139228372873233,0.07846102150537634,4.0,6.0,2.0,8000.0,8000.0,8000.0,8000.0,225.0,0.6615384615384615,60.0,0.08514129443938012,0.07108259998494759,0.3782163000141736,0.4653010999900289,0.007755018333167148,17.351111111111113
test_002_1002,online,8000.0,2,32,0.41898225644459325,0.09842651489789087,0.03163709407432206,0.28891864747238033,0.7812257748501452,0.3673014586709887,0.2923603192702395,0.08687646468028122,5.0,9.0,4.0,8000.0,8000.0,8000.0,8000.0,223.0,0.6855670103092784,60.0,0.09514207149404216,0.5347987999848556,0.14423499998520128,0.6987019999651238,0.011645033332752065,10.246636771300448
test_002_1003,online,8000.0,2,32,0.43060315284441397,0.06237148732008225,0.02193283070596299,0.34629883481836876,0.8453160093240483,0.4134948096885813,0.3730301665916254,0.054318026045236466,5.0,4.0,-1.0,8000.0,8000.0,8000.0,8000.0,224.0,0.6206896551724138,60.0,0.05743794165609712,1.2240646999853197,0.18078009999589995,1.4241726999753155,0.02373621166625526,14.294642857142858
test_002_1004,online,8000.0,2,32,0.5031127129750983,0.12237876802096985,0.023427260812581913,0.35730668414154654,0.911374564383243,0.48087547811304715,0.4511949966495421,0.11451507208387943,5.0,4.0,-1.0,8000.0,8000.0,8000.0,8000.0,220.0,0.5604395604395604,60.0,0.12932469935245144,0.9942161999933887,0.3649610999855213,1.3787703999842051,0.02297950666640342,17.477272727272727
test_002_1005,online,8000.0,2,32,0.3482995476629251,0.09314793097671302,0.027140224493214946,0.22801139219299715,0.3686608114128699,0.23556815880089124,0.14785214785214784,0.08644664097838833,4.0,9.0,5.0,8000.0,8000.0,8000.0,8000.0,223.0,0.8219895287958116,60.0,0.09462681092976344,0.827403500006767,0.20616279999376275,1.0556860999786295,0.01759476833297716,8.044843049327355
test_002_1006,online,8000.0,2,32,0.3653493413373353,0.07637151909287977,0.022678005669501417,0.26629981657495416,0.7893786503543954,0.3162209642787429,0.2707811432475518,0.07286976821744205,4.0,4.0,0.0,8000.0,8000.0,8000.0,8000.0,227.0,0.7286432160804021,60.0,0.07859712230215828,0.6762167999986559,0.18467029999010265,0.8803002999920864,0.014671671666534773,12.26431718061674
test_002_1007,online,8000.0,2,32,0.46122448979591835,0.11657142857142858,0.03493877551020408,0.3097142857142857,0.6713571640044769,0.3597213426219126,0.3011709601873536,0.1133061224489796,4.0,6.0,2.0,8000.0,8000.0,8000.0,8000.0,225.0,0.6756756756756757,60.0,0.1277849383170687,0.4073412999860011,0.20930419999058358,0.6405045999854337,0.010675076666423896,8.648888888888889
test_002_1008,online,8000.0,2,32,0.5946622185154296,0.0707256046705588,0.025688073394495414,0.4982485404503753,1.336903446653895,0.5826801758745938,0.5495049504950495,0.06371976647206005,5.0,4.0,-1.0,8000.0,8000.0,8000.0,8000.0,229.0,0.43842364532019706,60.0,0.06805629787992161,0.8403002000122797,0.1592852000030689,1.0283896000182722,0.017139826666971204,12.912663755458516
test_002_1009,online,8000.0,2,32,0.2963331674133068,0.10121121619379458,0.030363364858138377,0.1647585863613738,0.34810208631248174,0.21894694043504778,0.15466904390461333,0.09191969470715115,3.0,5.0,2.0,8000.0,8000.0,8000.0,8000.0,224.0,0.8214285714285714,60.0,0.10122419148547415,0.05923019998590462,0.10530110000399873,0.1829243999964092,0.003048739999940153,10.973214285714286
test_002_1010,online,8000.0,2,32,0.22810344827586207,0.0703448275862069,0.03155172413793104,0.12620689655172415,0.31058595250141263,0.19017681728880156,0.0993876589731512,0.061206896551724135,2.0,3.0,1.0,8000.0,8000.0,8000.0,8000.0,223.0,0.8606965174129353,60.0,0.06519742883379247,0.048825600009877235,0.11274179999600165,0.1766032000305131,0.0029433866671752184,13.161434977578475
test_002_1011,online,8000.0,2,32,0.4334738109572547,0.15878988561107765,0.01670680313064419,0.2579771222155328,0.9300346597047788,0.3093681917211329,0.33581110625273286,0.1547260686333534,5.0,4.0,-1.0,8000.0,8000.0,8000.0,8000.0,228.0,0.7471264367816092,60.0,0.18269230769230768,0.10629600001266226,0.1722615000035148,0.32122810001601465,0.005353801666933578,14.653508771929825
test_002_1012,online,8000.0,2,32,0.3382615759545085,0.07977254264825345,0.022095857026807473,0.23639317627944761,0.48299692430773017,0.28813233314098863,0.2273015873015873,0.0776604386677498,5.0,9.0,4.0,8000.0,8000.0,8000.0,8000.0,232.0,0.7365853658536585,60.0,0.08419940109212612,0.6109600000199862,0.155501799978083,0.785435800004052,0.0130905966667342,17.698275862068964
test_002_1013,online,8000.0,2,32,0.14366341713699332,0.07302890371130494,0.03078501795792714,0.039849495467761245,0.18395202910494166,0.0873440285204991,0.028398058252427184,0.06824012314007183,2.0,2.0,0.0,8000.0,8000.0,8000.0,8000.0,224.0,0.9547738693467337,60.0,0.07323788546255507,0.054058600013377145,0.10843989998102188,0.1789303999976255,0.0029821733332937583,10.303571428571429
test_002_1014,online,8000.0,2,32,0.4369720059632268,0.07304952791121418,0.02965048865330462,0.33427198939870795,0.7642566148727877,0.3750721292556261,0.32916480571683787,0.06940533377505384,4.0,5.0,1.0,8000.0,8000.0,8000.0,8000.0,231.0,0.6747572815533981,60.0,0.0745817016731933,0.05633510000188835,0.18929499998921528,0.261860299971886,0.004364338332864767,11.818181818181818
test_002_1015,online,8000.0,2,32,0.41823687752355315,0.05938761776581427,0.022543741588156124,0.33630551816958276,0.6012138829690363,0.3922610015174507,0.2842809364548495,0.05652759084791386,5.0,7.0,2.0,8000.0,8000.0,8000.0,8000.0,229.0,0.6407766990291263,60.0,0.05991440798858773,0.2613636000023689,0.14603840000927448,0.4244763000169769,0.0070746050002829484,16.847161572052403
test_002_1016,online,8000.0,2,32,0.16823388613438195,0.073003932296119,0.030432552573089418,0.06479740126517354,0.1982042213839727,0.11152416356877323,0.04909310761789601,0.06308770730039323,2.0,3.0,1.0,8000.0,8000.0,8000.0,8000.0,224.0,0.9441624365482234,60.0,0.06733576642335766,0.07659789998433553,0.08453560000634752,0.1802800000004936,0.0030046666666748933,7.973214285714286
test_002_1017,online,8000.0,2,32,0.5957918050941307,0.10378104730264198,0.009492168960607499,0.48251858883088117,0.700419750423807,0.5474639826327216,0.5179420665801989,0.09919316563834836,2.0,5.0,3.0,8000.0,8000.0,8000.0,8000.0,229.0,0.4517766497461929,60.0,0.1101159114857745,0.04854669998167083,0.19134619997930713,0.25645319995237514,0.004274219999206253,18.362445414847162
test_002_1018,online,8000.0,2,32,0.2996407576747224,0.07380796864794252,0.020901371652514697,0.20493141737426518,0.6171952992156218,0.24753974261922787,0.182548296071196,0.06858262573481384,3.0,3.0,0.0,8000.0,8000.0,8000.0,8000.0,232.0,0.7815533980582524,60.0,0.07363253856942496,0.08146319998195395,0.20259070000611246,0.30014869998558424,0.005002478333093071,16.262931034482758
test_002_1019,online,8000.0,2,32,0.5187445510026155,0.05632083696599826,0.03278116826503923,0.429642545771578,2.5563058914151062,0.5104466168295956,0.4561245206406497,0.04516129032258064,5.0,6.0,1.0,8000.0,8000.0,8000.0,8000.0,224.0,0.5169082125603864,60.0,0.0472972972972973,0.09143249999033287,0.1864998000091873,0.2946976000093855,0.004911626666823091,15.40625
test_002_1020,online,8000.0,2,32,0.25963229416466826,0.08649080735411671,0.017745803357314148,0.1553956834532374,0.27265140693675344,0.15156760915560685,0.12397216951296648,0.08441247002398082,4.0,11.0,7.0,8000.0,8000.0,8000.0,8000.0,233.0,0.8719211822660099,60.0,0.09219486642221059,0.09018319999449886,0.09825859998818487,0.2078491999709513,0.0034641533328491885,10.600858369098713
test_002_1021,online,8000.0,2,32,0.2557573791761272,0.11109309114498865,0.02335387609471294,0.12131041193642556,0.24706609208586217,0.12520391517128873,0.16177957532861476,0.10233538760947129,4.0,9.0,5.0,8000.0,8000.0,8000.0,8000.0,225.0,0.9128205128205128,60.0,0.11400180668473352,0.06439590000081807,0.10570370001369156,0.18690570001490414,0.0031150950002484024,9.862222222222222
test_002_1022,online,8000.0,2,32,0.3877518130539887,0.12699435938759066,0.029492344883158744,0.23126510878323933,0.6020941698951147,0.26685212925315643,0.25906857009127077,0.12344883158742949,4.0,7.0,3.0,8000.0,8000.0,8000.0,8000.0,224.0,0.7923497267759563,60.0,0.1408347122632837,0.0643139999883715,0.09218250002595596,0.1735208000172861,0.002892013333621435,9.339285714285714
test_002_1023,online,8000.0,2,32,0.3495567820705804,0.05469141996989463,0.01639070078608463,0.2784746613146011,0.9242831974287062,0.2844651162790698,0.23342512179622962,0.050510118748954676,4.0,4.0,0.0,8000.0,8000.0,8000.0,8000.0,230.0,0.7511961722488039,60.0,0.05319711115025542,0.047030000016093254,0.12177659998997115,0.18423760001314804,0.003070626666885801,13.156521739130435
