recording,method,latency_budget_ms,variant,seed,oracle_count,oracle_vad,der,miss,false_alarm,confusion,jer,der_no_overlap,der_collar250ms,overlap_miss_floor,n_speakers_true,n_speakers_pred,speaker_count_error,latency_median_ms,latency_p95_ms,latency_max_ms,latency_first_ms,n_decisions,turn_accuracy,duration_s,overlap_fraction,embed_s,cluster_s,total_s,rtf,extra_mean_query_size,extra_k_estimated
test_000_1000,online,500.0,online,0,False,False,0.1458157939046977,0.0756019531907728,0.0227310995117023,0.0474827412022225,0.1742786344154374,0.0839992204248684,0.0582460732984293,0.0680249200202054,3.0,4.0,1.0,500.0,500.0,500.0,500.0,225.0,0.9547738693467336,60.0,0.0729900632339656,0.0878996000101324,0.0556678999855648,0.1717995999788399,0.0028633266663139,2.9066666666666667,
test_000_1001,online,500.0,online,0,False,False,0.1867317425885755,0.064172089660159,0.0448300795372378,0.0777295733911786,0.2198656200792454,0.1335215812827753,0.0249178532311062,0.051879971077368,3.0,5.0,2.0,500.0,500.0,500.0,500.0,217.0,0.9292929292929292,60.0,0.0547187797902764,0.0523994000104721,0.0483615999983157,0.1214982999954372,0.0020249716665906,2.774193548387097,
test_000_1002,online,500.0,online,0,False,False,0.5793983910458202,0.0431969220006995,0.0269324938789786,0.509268975166142,1.0745742108840737,0.573037927149831,0.5159694107062528,0.0342777194823364,3.0,2.0,-1.0,500.0,500.0,500.0,500.0,225.0,0.4666666666666667,60.0,0.0354943860919956,0.0526185999915469,0.0523460999829694,0.1266611999890301,0.0021110199998171,2.902222222222222,
test_000_1003,online,500.0,online,0,False,False,0.266783523225241,0.0255915863277826,0.024715162138475,0.2164767747589833,0.4758615641189287,0.2515145951900128,0.2095595908996034,0.0226117440841367,5.0,5.0,0.0,500.0,500.0,500.0,500.0,228.0,0.776255707762557,60.0,0.0231348637015781,0.0529149000067263,0.0409567999886348,0.106574899982661,0.0017762483330443,2.881578947368421,
test_000_1004,online,500.0,online,0,False,False,0.315989847715736,0.1153236040609137,0.0115799492385786,0.1890862944162436,0.5657703555894351,0.2293279022403258,0.2269412269412269,0.1105647208121827,4.0,5.0,1.0,500.0,500.0,500.0,500.0,226.0,0.7978723404255319,60.0,0.1243088995897984,0.0700284999911673,0.063589099998353,0.1537236000003758,0.0025620600000062,2.911504424778761,
test_000_1005,online,500.0,online,0,False,False,0.1952008168822328,0.0660313138189244,0.0233151803948264,0.1058543226684819,0.2998248368362197,0.1414662084765177,0.0773044850123957,0.05428863172226,5.0,7.0,2.0,500.0,500.0,500.0,500.0,225.0,0.9108910891089108,60.0,0.057405074680583,0.0735578999738209,0.0730181999970227,0.166498499980662,0.0027749749996777,2.8844444444444446,
test_000_1006,online,500.0,online,0,False,False,0.2094967396756395,0.0822604915565958,0.018558769436549,0.1086774786824945,0.3393174373888676,0.1414002745636399,0.0775780510879848,0.0737334893830463,5.0,7.0,2.0,500.0,500.0,500.0,500.0,224.0,0.9123711340206184,60.0,0.0796028880866425,0.180456400004914,0.071637200016994,0.2740839000034611,0.0045680650000576,2.8660714285714284,
test_000_1007,online,500.0,online,0,False,False,0.4367816091954023,0.0718819694630296,0.0283067421513124,0.3365928975810602,0.6919761151119892,0.4273318872017353,0.3651750521678646,0.0650197289414994,2.0,3.0,1.0,500.0,500.0,500.0,500.0,223.0,0.605,60.0,0.0695412844036697,0.0809624000103212,0.0573489000089466,0.1599044000322464,0.0026650733338707,2.8430493273542603,
test_000_1008,online,500.0,online,0,False,False,0.0752464971458225,0.0477426050856253,0.0164331430548348,0.0110707490053623,0.0878218137592083,0.038005644402634,0.0087032201914708,0.0403044455976474,2.0,2.0,0.0,500.0,500.0,500.0,500.0,224.0,0.9952153110047848,60.0,0.0419971160778658,0.0701544999901671,0.0606211000122129,0.1538509000092744,0.0025641816668212,2.9017857142857144,
test_000_1009,online,500.0,online,0,False,False,0.3895058747786898,0.0928697891517785,0.0143248028327699,0.2823112827941413,0.7047826673335313,0.3365702078073412,0.3235743937076688,0.0856269113149847,3.0,3.0,0.0,500.0,500.0,500.0,500.0,229.0,0.689119170984456,60.0,0.0936454849498327,0.1012232000066433,0.055729199986672,0.1785394999897107,0.0029756583331618,2.938864628820961,
test_000_1010,online,500.0,online,0,False,False,0.1740650122334848,0.0527787486892694,0.018350227193289,0.1029360363509262,0.2719651414585246,0.1336633663366336,0.0763903916901103,0.0410695560992659,5.0,6.0,1.0,500.0,500.0,500.0,500.0,221.0,0.9033816425120772,60.0,0.0428285037361035,0.1394456999842077,0.0732915000116918,0.2336545999860391,0.0038942433331006,2.8642533936651584,
test_000_1011,online,500.0,online,0,False,False,0.186897880539499,0.0855812459858702,0.0208734746307,0.0804431599229287,0.4998980062641699,0.0814087759815242,0.1118024889602569,0.0828516377649325,3.0,3.0,0.0,500.0,500.0,500.0,500.0,233.0,0.9362745098039216,60.0,0.0903361344537815,0.0849270999897271,0.0504747999948449,0.154613899969263,0.002576898332821,2.918454935622317,
test_000_1012,online,500.0,online,0,False,False,0.4167812929848693,0.1242549289316827,0.0221610881858474,0.2703652758673391,0.6864952229671331,0.3902439024390244,0.3709002861545234,0.1208925569310713,2.0,2.0,0.0,500.0,500.0,500.0,500.0,235.0,0.6436170212765957,60.0,0.1375173852573018,0.0643423000001348,0.0668925000063609,0.1525373000185936,0.0025422883336432,2.970212765957447,
test_000_1013,online,500.0,online,0,False,False,0.1503290613093176,0.0481468652580533,0.0223415310010391,0.0798406650502251,0.4894487990146808,0.1127619047619047,0.0588235294117647,0.0453758226532732,5.0,4.0,-1.0,500.0,500.0,500.0,500.0,225.0,0.908653846153846,60.0,0.047532656023222,0.0809925999783445,0.0546410999959334,0.1597757999843452,0.002662929999739,2.9066666666666667,
test_000_1014,online,500.0,online,0,False,False,0.2928106649738137,0.0968100301539438,0.0172988414537375,0.1787017933661323,1.0256792443041758,0.1632772780602268,0.1083180987202925,0.094588160609427,5.0,6.0,1.0,500.0,500.0,500.0,500.0,232.0,0.9015544041450776,60.0,0.1035933391761612,0.0669278999848757,0.0611007999978028,0.1504297999781556,0.0025071633329692,2.8663793103448274,
test_000_1015,online,500.0,online,0,False,False,0.1776192902020716,0.0485651214128035,0.0249617931737137,0.1040923756155544,0.1703918624422057,0.1247439955315583,0.061047739754964,0.0439803022584479,3.0,7.0,4.0,500.0,500.0,500.0,500.0,230.0,0.9014084507042254,60.0,0.0460035523978685,0.0635597999789752,0.0564319999830331,0.1418004999577533,0.0023633416659625,2.878260869565217,
test_000_1016,online,500.0,online,0,False,False,0.336892247043364,0.0905059132720105,0.0226675427069645,0.2237187910643889,0.5164360150251935,0.2743519245875884,0.2535274356103023,0.0818002628120893,4.0,6.0,2.0,500.0,500.0,500.0,500.0,227.0,0.7587939698492462,60.0,0.089087656529517,0.0539524999912828,0.0523544999887235,0.1268372999620624,0.0021139549993677,2.845814977973568,
test_000_1017,online,500.0,online,0,False,False,0.3515959197104311,0.0771635406383678,0.02319842053307,0.2512339585389931,0.4098469989238925,0.2891912610195477,0.1879981247069854,0.0707469562356038,4.0,8.0,4.0,500.0,500.0,500.0,500.0,230.0,0.77,60.0,0.0761331444759206,0.0544590999779757,0.0516467000124976,0.1267955999937839,0.0021132599998963,2.8217391304347825,
test_000_1018,online,500.0,online,0,False,False,0.3229310344827586,0.0667241379310344,0.0236206896551724,0.2325862068965517,0.3098455791282113,0.2424420887318414,0.1080878681977034,0.0608620689655172,2.0,4.0,2.0,500.0,500.0,500.0,500.0,222.0,0.8,60.0,0.0648063154029741,0.0490988999954424,0.0398228999983985,0.1039980999776162,0.0017333016662936,2.779279279279279,
test_000_1019,online,500.0,online,0,False,False,0.4573975655751757,0.0560603463055031,0.0204011657809017,0.3809360534887708,0.9124850593926358,0.4035721071632149,0.3937387116195063,0.0488599348534201,4.0,3.0,-1.0,500.0,500.0,500.0,500.0,225.0,0.6238095238095238,60.0,0.0513698630136986,0.0480368999997153,0.0480493000068236,0.1105098999978508,0.0018418316666308,2.893333333333333,
test_000_1020,online,500.0,online,0,False,False,0.4413839435673496,0.0935505542492442,0.0298958683238159,0.3179375209942895,0.7152391377286371,0.4080808080808081,0.3556320708312838,0.0843130668458179,4.0,4.0,0.0,500.0,500.0,500.0,500.0,223.0,0.643979057591623,60.0,0.0920763022743947,0.0492633999965619,0.0537218000099528,0.1174257999809924,0.0019570966663498,2.8520179372197307,
test_000_1021,online,500.0,online,0,False,False,0.2022653721682848,0.1111650485436893,0.0132686084142394,0.0778317152103559,0.2937329713931778,0.1110439338976219,0.0887532284573843,0.0985436893203883,5.0,5.0,0.0,500.0,500.0,500.0,500.0,223.0,0.9297297297297298,60.0,0.1093161012385568,0.0569149999937508,0.0550889000005554,0.1340188999893143,0.0022336483331552,2.896860986547085,
test_000_1022,online,500.0,online,0,False,False,0.6154770075497598,0.0427247769389155,0.0250514756348661,0.547700754975978,0.9510291734327894,0.6186219739292365,0.5739773716275022,0.039293067947838,5.0,3.0,-2.0,500.0,500.0,500.0,500.0,229.0,0.4075829383886256,60.0,0.0409001607429898,0.0570370000205002,0.0438957000151276,0.1227971000480465,0.0020466183341341,2.921397379912664,
test_000_1023,online,500.0,online,0,False,False,0.4885375494071146,0.1141501976284585,0.0232411067193675,0.3511462450592885,0.8315981964318192,0.451968182745258,0.420217803030303,0.1124110671936758,5.0,3.0,-2.0,500.0,500.0,500.0,500.0,230.0,0.5783783783783784,60.0,0.1266476665479159,0.0486037999799009,0.0466606999980285,0.1079529999697115,0.0017992166661618,2.9217391304347826,
test_000_1000,naive_online,500.0,naive_online,0,False,False,0.1384071392490318,0.0756019531907728,0.0227310995117023,0.0400740865465566,0.2023247795760574,0.0814656012473202,0.0414485165794066,0.0680249200202054,3.0,3.0,0.0,0.0,0.0,0.0,0.0,225.0,0.964824120603015,60.0,0.0729900632339656,0.0548058999993372,0.0295471000135876,0.1048912999976892,0.0017481883332948,,
test_000_1001,naive_online,500.0,naive_online,0,False,False,0.291937816341287,0.064172089660159,0.0448300795372378,0.1829356471438901,0.3797188550606048,0.254538120209762,0.1169222343921139,0.051879971077368,3.0,4.0,1.0,0.0,0.0,0.0,0.0,217.0,0.8131313131313131,60.0,0.0547187797902764,0.0515092999849002,0.0270022999902721,0.0972118999925442,0.001620198333209,,
test_000_1002,naive_online,500.0,naive_online,0,False,False,0.2579573277369709,0.0431969220006995,0.0269324938789786,0.1878279118572927,0.5386693841146356,0.240142696207285,0.1578947368421052,0.0342777194823364,3.0,3.0,0.0,0.0,0.0,0.0,0.0,225.0,0.8047619047619048,60.0,0.0354943860919956,0.0495757000171579,0.0308208999922499,0.1021350000228267,0.0017022500003804,,
test_000_1003,naive_online,500.0,naive_online,0,False,False,0.2156003505696757,0.0255915863277826,0.024715162138475,0.165293602103418,0.4283801970187266,0.1931338351386084,0.1218952202045502,0.0226117440841367,5.0,5.0,0.0,0.0,0.0,0.0,0.0,228.0,0.8356164383561644,60.0,0.0231348637015781,0.047562400024617,0.0334023000032175,0.1017815000377595,0.0016963583339626,,
test_000_1004,naive_online,500.0,naive_online,0,False,False,0.2342956852791878,0.1153236040609137,0.0115799492385786,0.1073921319796954,0.3861738324117734,0.1443991853360488,0.1409266409266409,0.1105647208121827,4.0,5.0,1.0,0.0,0.0,0.0,0.0,226.0,0.8776595744680851,60.0,0.1243088995897984,0.0824260000081267,0.035149100003764,0.1376365000323858,0.0022939416672064,,
test_000_1005,naive_online,500.0,naive_online,0,False,False,0.2323008849557522,0.0660313138189244,0.0233151803948264,0.1429543907420013,0.3053967583603606,0.1951126384116074,0.1178724363308541,0.05428863172226,5.0,6.0,1.0,0.0,0.0,0.0,0.0,225.0,0.8514851485148515,60.0,0.057405074680583,0.0593670000089332,0.0293937999813351,0.1093626999936532,0.0018227116665608,,
test_000_1006,naive_online,500.0,naive_online,0,False,False,0.2028088948336398,0.0822604915565958,0.018558769436549,0.1019896338404949,0.3750015884855284,0.146695430476564,0.0681173131504257,0.0737334893830463,5.0,5.0,0.0,0.0,0.0,0.0,0.0,224.0,0.9072164948453608,60.0,0.0796028880866425,0.0507822999788913,0.0283848000108264,0.0988444999966304,0.0016474083332771,,
test_000_1007,naive_online,500.0,naive_online,0,False,False,0.2250814891061931,0.0718819694630296,0.0283067421513124,0.124892777491851,0.3299945474759062,0.1839873792151449,0.120102017157431,0.0650197289414994,2.0,3.0,1.0,0.0,0.0,0.0,0.0,223.0,0.865,60.0,0.0695412844036697,0.0477213000121992,0.0284096999967005,0.0987219000235199,0.0016453650003919,,
test_000_1008,naive_online,500.0,naive_online,0,False,False,0.1210863172461511,0.0477426050856253,0.0164331430548348,0.056910569105691,0.1826752284821384,0.0878645343367827,0.0267624020887728,0.0403044455976474,2.0,2.0,0.0,0.0,0.0,0.0,0.0,224.0,0.9425837320574164,60.0,0.0419971160778658,0.0517585999914445,0.0269945000181905,0.1001882000127807,0.0016698033335463,,
test_000_1009,naive_online,500.0,naive_online,0,False,False,0.4160630935136005,0.0928697891517785,0.0143248028327699,0.308868501529052,0.7509733178192196,0.3969702854923286,0.3334061612409875,0.0856269113149847,3.0,3.0,0.0,0.0,0.0,0.0,0.0,229.0,0.6321243523316062,60.0,0.0936454849498327,0.0500113000161945,0.022234500007471,0.0906797000498045,0.0015113283341634,,
test_000_1010,naive_online,500.0,naive_online,0,False,False,0.1648025166025865,0.0527787486892694,0.018350227193289,0.0936735407200279,0.2366907506244115,0.1348057882711348,0.0737935511793984,0.0410695560992659,5.0,6.0,1.0,0.0,0.0,0.0,0.0,221.0,0.9033816425120772,60.0,0.0428285037361035,0.0553603000007569,0.0178188999998383,0.088980000000447,0.0014830000000074,,
test_000_1011,naive_online,500.0,naive_online,0,False,False,0.2329800899165061,0.0855812459858702,0.0208734746307,0.1265253692999357,0.6464980171299742,0.1412625096227867,0.144118827780008,0.0828516377649325,3.0,3.0,0.0,0.0,0.0,0.0,0.0,233.0,0.8823529411764706,60.0,0.0903361344537815,0.0484696000057738,0.0292648999893572,0.0988199000130407,0.0016469983335506,,
test_000_1012,naive_online,500.0,naive_online,0,False,False,0.2213052116766009,0.1242549289316827,0.0221610881858474,0.0748891945590707,0.2963176902053306,0.1324329772223342,0.099933964340744,0.1208925569310713,2.0,2.0,0.0,0.0,0.0,0.0,0.0,235.0,0.9202127659574468,60.0,0.1375173852573018,0.0550446999841369,0.0206967999984044,0.0924288999813143,0.0015404816663552,,
test_000_1013,naive_online,500.0,naive_online,0,False,False,0.1780394873571181,0.0481468652580533,0.0223415310010391,0.1075510910980256,0.4608970793666091,0.1428571428571428,0.0769896193771626,0.0453758226532732,5.0,4.0,-1.0,0.0,0.0,0.0,0.0,225.0,0.8846153846153846,60.0,0.047532656023222,0.0528889999841339,0.0270312000066041,0.0977680999785661,0.0016294683329761,,
test_000_1014,naive_online,500.0,naive_online,0,False,False,0.255038882717029,0.0968100301539438,0.0172988414537375,0.1409300111093477,0.5412885618925058,0.1640594446617129,0.0991773308957952,0.094588160609427,5.0,4.0,-1.0,0.0,0.0,0.0,0.0,232.0,0.8860103626943006,60.0,0.1035933391761612,0.0505707999982405,0.0249187000154051,0.0949745000107213,0.001582908333512,,
test_000_1015,naive_online,500.0,naive_online,0,False,False,0.1976566479877738,0.0485651214128035,0.0249617931737137,0.1241297334012565,0.2071949018293925,0.1552783466765965,0.0918884664131812,0.0439803022584479,3.0,6.0,3.0,0.0,0.0,0.0,0.0,230.0,0.8779342723004695,60.0,0.0460035523978685,0.0474241000192705,0.0223082000156864,0.0894517000124324,0.0014908616668738,,
test_000_1016,naive_online,500.0,naive_online,0,False,False,0.2316031537450722,0.0905059132720105,0.0226675427069645,0.1184296977660972,0.2760100164812479,0.1622152395915161,0.1097424412094064,0.0818002628120893,4.0,5.0,1.0,0.0,0.0,0.0,0.0,227.0,0.8793969849246231,60.0,0.089087656529517,0.0507186999893747,0.0314430000144057,0.1036987999978009,0.0017283133332966,,
test_000_1017,naive_online,500.0,naive_online,0,False,False,0.3698585060875288,0.0771635406383678,0.02319842053307,0.2694965449160908,0.4726082594287807,0.3221540820237639,0.236755743084857,0.0707469562356038,4.0,6.0,2.0,0.0,0.0,0.0,0.0,230.0,0.73,60.0,0.0761331444759206,0.0504599999985657,0.0190811000065878,0.0819404000067152,0.0013656733334452,,
test_000_1018,naive_online,500.0,naive_online,0,False,False,0.31,0.0667241379310344,0.0236206896551724,0.2196551724137931,0.3182800808205339,0.2718884962701217,0.1490264603095357,0.0608620689655172,2.0,3.0,1.0,0.0,0.0,0.0,0.0,222.0,0.77,60.0,0.0648063154029741,0.0479957000061403,0.0347166999999899,0.1047697000030893,0.0017461616667181,,
test_000_1019,naive_online,500.0,naive_online,0,False,False,0.3135607749014229,0.0560603463055031,0.0204011657809017,0.237099262815018,0.5779901271338352,0.259357780733422,0.2364037728276138,0.0488599348534201,4.0,3.0,-1.0,0.0,0.0,0.0,0.0,225.0,0.7714285714285715,60.0,0.0513698630136986,0.0581457999942358,0.0231111999892164,0.0941894999705255,0.0015698249995087,,
test_000_1020,naive_online,500.0,naive_online,0,False,False,0.4625461874370171,0.0935505542492442,0.0298958683238159,0.339099764863957,0.7762204681064331,0.4337373737373737,0.3541564190850959,0.0843130668458179,4.0,3.0,-1.0,0.0,0.0,0.0,0.0,223.0,0.6230366492146597,60.0,0.0920763022743947,0.0501158999977633,0.0264324999880045,0.0952578999858815,0.0015876316664313,,
test_000_1021,naive_online,500.0,naive_online,0,False,False,0.1854368932038834,0.1111650485436893,0.0132686084142394,0.0610032362459546,0.2508629642049323,0.1021765417170495,0.0718478516083587,0.0985436893203883,5.0,5.0,0.0,0.0,0.0,0.0,0.0,223.0,0.9513513513513514,60.0,0.1093161012385568,0.0507464999973308,0.0309650000126566,0.1026269000140018,0.0017104483335666,,
test_000_1022,naive_online,500.0,naive_online,0,False,False,0.6240562800274537,0.0427247769389155,0.0250514756348661,0.5562800274536719,0.9877726325798644,0.6279329608938548,0.5848563968668408,0.039293067947838,5.0,3.0,-2.0,0.0,0.0,0.0,0.0,229.0,0.3981042654028436,60.0,0.0409001607429898,0.0496318000077735,0.0384692000225186,0.1059251000115182,0.0017654183335253,,
test_000_1023,naive_online,500.0,naive_online,0,False,False,0.3721739130434782,0.1141501976284585,0.0232411067193675,0.2347826086956521,0.6404079233838387,0.308178666122782,0.2450284090909091,0.1124110671936758,5.0,4.0,-1.0,0.0,0.0,0.0,0.0,230.0,0.7297297297297297,60.0,0.1266476665479159,0.0726451000082306,0.024693399987882,0.1135291999962646,0.001892153333271,,
test_000_1000,offline_ahc,500.0,offline_ahc,0,False,False,0.1395857888533423,0.0756019531907728,0.0227310995117023,0.0412527361508671,0.1971831637663988,0.0828298577275385,0.0462478184991274,0.0680249200202054,3.0,3.0,0.0,29500.0,56199.99999999999,59000.0,59000.0,225.0,0.9597989949748744,60.0,0.0729900632339656,0.0516425000096205,0.0313227000006008,0.1030352000088896,0.0017172533334814,,3.0
test_000_1001,offline_ahc,500.0,offline_ahc,0,False,False,0.3185104844540853,0.064172089660159,0.0448300795372378,0.2095083152566883,0.3928273620328381,0.2831787010891488,0.1410186199342825,0.051879971077368,3.0,4.0,1.0,29250.0,56050.0,58750.0,58750.0,217.0,0.7828282828282829,60.0,0.0547187797902764,0.0468213999993167,0.0200112000165972,0.087179800029844,0.001452996667164,,4.0
test_000_1002,offline_ahc,500.0,offline_ahc,0,False,False,0.617873382301504,0.0431969220006995,0.0269324938789786,0.5477439664218258,1.133700409431032,0.6064588809613218,0.565677013045434,0.0342777194823364,3.0,1.0,-2.0,30250.0,55949.99999999999,58750.0,58750.0,225.0,0.4285714285714285,60.0,0.0354943860919956,0.0450867000035941,0.0376899999973829,0.1070919000194408,0.001784865000324,,1.0
test_000_1003,offline_ahc,500.0,offline_ahc,0,False,False,0.2082383873794916,0.0255915863277826,0.024715162138475,0.157931638913234,0.4450760821964719,0.1933174224343675,0.1237737424337299,0.0226117440841367,5.0,4.0,-1.0,29125.0,56162.49999999999,59250.0,59250.0,228.0,0.8310502283105022,60.0,0.0231348637015781,0.0841142000281252,0.0197237000102177,0.1260125000553671,0.0021002083342561,,4.0
test_000_1004,offline_ahc,500.0,offline_ahc,0,False,False,0.3167829949238578,0.1153236040609137,0.0115799492385786,0.1898794416243654,0.554218578772192,0.219959266802444,0.2438867438867439,0.1105647208121827,4.0,3.0,-1.0,28625.0,56187.5,59000.0,59000.0,226.0,0.8031914893617021,60.0,0.1243088995897984,0.0488505999965127,0.0315243999939411,0.0936004999675788,0.0015600083327929,,3.0
test_000_1005,offline_ahc,500.0,offline_ahc,0,False,False,0.3112661674608577,0.0660313138189244,0.0233151803948264,0.2219196732471068,0.6261302558633374,0.2852233676975945,0.2116294793779581,0.05428863172226,5.0,3.0,-2.0,29750.0,56199.99999999999,59500.0,59500.0,225.0,0.7574257425742574,60.0,0.057405074680583,0.0534886999812442,0.0302075000072363,0.105089599994244,0.0017514933332374,,3.0
test_000_1006,offline_ahc,500.0,offline_ahc,0,False,False,0.3450927938471827,0.0822604915565958,0.018558769436549,0.2442735328540377,0.6721483155708226,0.3053539909786232,0.2090823084200567,0.0737334893830463,5.0,3.0,-2.0,29875.0,56212.5,59000.0,59000.0,224.0,0.7371134020618557,60.0,0.0796028880866425,0.0454101999930571,0.0309523000032641,0.0967835999908857,0.001613059999848,,3.0
test_000_1007,offline_ahc,500.0,offline_ahc,0,False,False,0.5151827071538857,0.0718819694630296,0.0283067421513124,0.4149939955395436,0.9343553275409116,0.5174521790573852,0.470670067238581,0.0650197289414994,2.0,2.0,0.0,30000.0,55724.99999999999,59000.0,59000.0,223.0,0.515,60.0,0.0695412844036697,0.0538478000089526,0.0293550999776925,0.1045862999744713,0.0017431049995745,,2.0
test_000_1008,offline_ahc,500.0,offline_ahc,0,False,False,0.1167618059159315,0.0477426050856253,0.0164331430548348,0.0525860577754713,0.1738777378594325,0.0831608654750705,0.0213228894691035,0.0403044455976474,2.0,2.0,0.0,29875.0,56212.5,59000.0,59000.0,224.0,0.9473684210526316,60.0,0.0419971160778658,0.0517030000046361,0.0305160999996587,0.1035158000013325,0.0017252633333555,,2.0
test_000_1009,offline_ahc,500.0,offline_ahc,0,False,False,0.39835828102366,0.0928697891517785,0.0143248028327699,0.2911636890391115,0.7241327426353585,0.3451155564187221,0.3198601704173039,0.0856269113149847,3.0,2.0,-1.0,29750.0,56150.0,59000.0,59000.0,229.0,0.6839378238341969,60.0,0.0936454849498327,0.0450919999857433,0.0321349999867379,0.0949341999657917,0.0015822366660965,,2.0
test_000_1010,offline_ahc,500.0,offline_ahc,0,False,False,0.283117790982174,0.0527787486892694,0.018350227193289,0.2119888150996155,0.4662239264447379,0.2608530083777609,0.2057996104739234,0.0410695560992659,5.0,4.0,-1.0,30000.0,56250.0,59000.0,59000.0,221.0,0.7729468599033816,60.0,0.0428285037361035,0.0504246999917086,0.0308501000108663,0.1016513000067789,0.0016941883334463,,4.0
test_000_1011,offline_ahc,500.0,offline_ahc,0,False,False,0.2286448298008991,0.0855812459858702,0.0208734746307,0.1221901091843288,0.6153561486178635,0.1408775981524249,0.1374949819349658,0.0828516377649325,3.0,3.0,0.0,29500.0,56349.99999999999,59250.0,59250.0,233.0,0.8823529411764706,60.0,0.0903361344537815,0.055004399997415,0.0375604000000748,0.1147457000042777,0.0019124283334046,,3.0
test_000_1012,offline_ahc,500.0,offline_ahc,0,False,False,0.5121503897294819,0.1242549289316827,0.0221610881858474,0.3657343726119517,0.8785996869817094,0.5160249949606934,0.4836011446180938,0.1208925569310713,2.0,2.0,0.0,29500.0,55824.99999999999,59000.0,59000.0,235.0,0.526595744680851,60.0,0.1375173852573018,0.0494976000045426,0.0304649999889079,0.1016030000173486,0.0016933833336224,,2.0
test_000_1013,offline_ahc,500.0,offline_ahc,0,False,False,0.1927606511950121,0.0481468652580533,0.0223415310010391,0.1222722549359196,0.6032472288305956,0.1449523809523809,0.083477508650519,0.0453758226532732,5.0,3.0,-2.0,29500.0,55949.99999999999,58750.0,58750.0,225.0,0.8894230769230769,60.0,0.047532656023222,0.0498443999968003,0.0285803999868221,0.1000485999684315,0.0016674766661405,,3.0
test_000_1014,offline_ahc,500.0,offline_ahc,0,False,False,0.2334550071417235,0.0968100301539438,0.0172988414537375,0.1193461355340422,0.482030110789128,0.1505670707860774,0.0875228519195612,0.094588160609427,5.0,4.0,-1.0,30625.0,56612.5,59500.0,59500.0,232.0,0.8963730569948186,60.0,0.1035933391761612,0.0488038000185042,0.0314470999874174,0.1015539000218268,0.0016925650003637,,4.0
test_000_1015,offline_ahc,500.0,offline_ahc,0,False,False,0.1891662421463746,0.0485651214128035,0.0249617931737137,0.1156393275598573,0.2051267807314652,0.1515546453174455,0.0830164765525982,0.0439803022584479,3.0,5.0,2.0,29125.0,56637.49999999999,59500.0,59500.0,230.0,0.8826291079812206,60.0,0.0460035523978685,0.0513654999958816,0.0276152000005822,0.0912174000113736,0.0015202900001895,,5.0
test_000_1016,offline_ahc,500.0,offline_ahc,0,False,False,0.3648160315374507,0.0905059132720105,0.0226675427069645,0.2516425755584757,0.5994689381570043,0.3152003142183818,0.2620380739081747,0.0818002628120893,4.0,5.0,1.0,29250.0,56425.0,59250.0,59250.0,227.0,0.7286432160804021,60.0,0.089087656529517,0.0485931000148411,0.0333138999994844,0.1038149000378325,0.0017302483339638,,5.0
test_000_1017,offline_ahc,500.0,offline_ahc,0,False,False,0.2903915761763738,0.0771635406383678,0.02319842053307,0.1900296150049358,0.3268954777827323,0.2408968953622077,0.1500234411626816,0.0707469562356038,4.0,6.0,2.0,29875.0,56637.49999999999,59500.0,59500.0,230.0,0.815,60.0,0.0761331444759206,0.0530487000069115,0.0370516000257339,0.1077510000322945,0.0017958500005382,,6.0
test_000_1018,offline_ahc,500.0,offline_ahc,0,False,False,0.3039655172413793,0.0667241379310344,0.0236206896551724,0.2136206896551724,0.3106648668496924,0.2638398115429917,0.1422865701447828,0.0608620689655172,2.0,3.0,1.0,30625.0,56487.5,59250.0,59250.0,222.0,0.775,60.0,0.0648063154029741,0.1138590000045951,0.0384260000137146,0.1749122000182978,0.0029152033336382,,3.0
test_000_1019,offline_ahc,500.0,offline_ahc,0,False,False,0.404937424995714,0.0560603463055031,0.0204011657809017,0.3284759129093091,0.8290894800574622,0.3946418392551776,0.3622315873971503,0.0488599348534201,4.0,2.0,-2.0,29250.0,56199.99999999999,59000.0,59000.0,225.0,0.6285714285714286,60.0,0.0513698630136986,0.0489167000050656,0.0236823000013828,0.094555699994089,0.0015759283332348,,2.0
test_000_1020,offline_ahc,500.0,offline_ahc,0,False,False,0.4595230097413503,0.0935505542492442,0.0298958683238159,0.3360765871682902,0.7641008079604571,0.4301010101010101,0.3575996064928677,0.0843130668458179,4.0,3.0,-1.0,29500.0,55974.99999999999,58750.0,58750.0,223.0,0.6282722513089005,60.0,0.0920763022743947,0.0524524000065866,0.0257915999973192,0.1000157000089529,0.0016669283334825,,3.0
test_000_1021,offline_ahc,500.0,offline_ahc,0,False,False,0.4027508090614887,0.1111650485436893,0.0132686084142394,0.2783171521035599,0.6129624640556305,0.3734381297863764,0.3275416764498708,0.0985436893203883,5.0,3.0,-2.0,28750.0,55474.99999999999,58750.0,58750.0,223.0,0.6594594594594595,60.0,0.1093161012385568,0.057539799978258,0.029040299996268,0.1068420999799855,0.001780701666333,,3.0
test_000_1022,offline_ahc,500.0,offline_ahc,0,False,False,0.6240562800274537,0.0427247769389155,0.0250514756348661,0.5562800274536719,0.9756687943890696,0.6279329608938548,0.5828981723237598,0.039293067947838,5.0,3.0,-2.0,29500.0,55900.0,59000.0,59000.0,229.0,0.3981042654028436,60.0,0.0409001607429898,0.0534051000140607,0.0303057999990414,0.1015686000173445,0.001692810000289,,3.0
test_000_1023,offline_ahc,500.0,offline_ahc,0,False,False,0.4671936758893281,0.1141501976284585,0.0232411067193675,0.329802371541502,0.7774934932501771,0.4244340199877626,0.3776041666666667,0.1124110671936758,5.0,3.0,-2.0,29625.0,56387.49999999999,59250.0,59250.0,230.0,0.6108108108108108,60.0,0.1266476665479159,0.0548701000225264,0.0336281999771017,0.1106549999967683,0.0018442499999461,,3.0
test_000_1000,offline_spectral,500.0,offline_spectral,0,False,False,0.1417747095470617,0.0756019531907728,0.0227310995117023,0.0434416568445866,0.2040561074772926,0.0853634769050867,0.0434118673647469,0.0680249200202054,3.0,3.0,0.0,29500.0,56199.99999999999,59000.0,59000.0,225.0,0.9597989949748744,60.0,0.0729900632339656,0.0598646000144071,0.0323003999947104,0.1131111999857239,0.0018851866664287,,3.0
test_000_1001,offline_spectral,500.0,offline_spectral,0,False,False,0.2174620390455531,0.064172089660159,0.0448300795372378,0.1084598698481561,0.3320201957033807,0.1847519160951996,0.0460021905805038,0.051879971077368,3.0,3.0,0.0,29250.0,56050.0,58750.0,58750.0,217.0,0.8838383838383839,60.0,0.0547187797902764,0.0496697000053245,0.0306018000119365,0.1005188999988604,0.001675314999981,,3.0
test_000_1002,offline_spectral,500.0,offline_spectral,0,False,False,0.2602308499475341,0.0431969220006995,0.0269324938789786,0.1901014340678559,0.5458701915784684,0.2423957942170484,0.1599190283400809,0.0342777194823364,3.0,2.0,-1.0,30250.0,55949.99999999999,58750.0,58750.0,225.0,0.8047619047619048,60.0,0.0354943860919956,0.0495673999830614,0.0370448000030592,0.1101208999752998,0.0018353483329216,,2.0
test_000_1003,offline_spectral,500.0,offline_spectral,0,False,False,0.2499561787905346,0.0255915863277826,0.024715162138475,0.1996494303242769,0.524057679462882,0.2346245639801725,0.176789814235024,0.0226117440841367,5.0,4.0,-1.0,29125.0,56162.49999999999,59250.0,59250.0,228.0,0.7899543378995434,60.0,0.0231348637015781,0.0550477000069804,0.0394978999975137,0.1155910000088624,0.0019265166668143,,4.0
test_000_1004,offline_spectral,500.0,offline_spectral,0,False,False,0.2983819796954314,0.1153236040609137,0.0115799492385786,0.171478426395939,0.6272766491719062,0.2073319755600814,0.1829686829686829,0.1105647208121827,4.0,3.0,-1.0,28625.0,56187.5,59000.0,59000.0,226.0,0.8297872340425532,60.0,0.1243088995897984,0.0605917999928351,0.0255952000152319,0.1015367000072728,0.0016922783334545,,3.0
test_000_1005,offline_spectral,500.0,offline_spectral,0,False,False,0.3621511232130701,0.0660313138189244,0.0233151803948264,0.2728046289993193,0.7948366241710907,0.3423062237495227,0.2767635789948163,0.05428863172226,5.0,2.0,-3.0,29750.0,56199.99999999999,59500.0,59500.0,225.0,0.698019801980198,60.0,0.057405074680583,0.0467465999827254,0.0296354999882169,0.0972532999585382,0.0016208883326423,,2.0
test_000_1006,offline_spectral,500.0,offline_spectral,0,False,False,0.2526333389065374,0.0822604915565958,0.018558769436549,0.1518140779133924,0.5490251945480752,0.2000392233771327,0.1064333017975402,0.0737334893830463,5.0,4.0,-1.0,29875.0,56212.5,59000.0,59000.0,224.0,0.8556701030927835,60.0,0.0796028880866425,0.0508885000017471,0.032896900025662,0.1047013000061269,0.0017450216667687,,4.0
test_000_1007,offline_spectral,500.0,offline_spectral,0,False,False,0.3302453250986447,0.0718819694630296,0.0283067421513124,0.2300566134843026,0.3475968177086652,0.303490435811477,0.216090888012984,0.0650197289414994,2.0,3.0,1.0,30000.0,55724.99999999999,59000.0,59000.0,223.0,0.73,60.0,0.0695412844036697,0.0537022000062279,0.0342126000032294,0.1082514000299852,0.0018041900004997,,3.0
test_000_1008,offline_spectral,500.0,offline_spectral,0,False,False,0.1167618059159315,0.0477426050856253,0.0164331430548348,0.0525860577754713,0.1738777378594325,0.0831608654750705,0.0213228894691035,0.0403044455976474,2.0,2.0,0.0,29875.0,56212.5,59000.0,59000.0,224.0,0.9473684210526316,60.0,0.0419971160778658,0.2579277000040747,0.0333790000004228,0.3136130000057164,0.0052268833334286,,2.0
test_000_1009,offline_spectral,500.0,offline_spectral,0,False,False,0.1992596169322388,0.0928697891517785,0.0143248028327699,0.0920650249476903,0.2924815832157426,0.1371140027189745,0.0974437404413371,0.0856269113149847,3.0,3.0,0.0,29750.0,56150.0,59000.0,59000.0,229.0,0.9015544041450776,60.0,0.0936454849498327,0.0803719999967143,0.0368013999832328,0.1405780999630224,0.002342968332717,,3.0
test_000_1010,offline_spectral,500.0,offline_spectral,0,False,False,0.229465221950367,0.0527787486892694,0.018350227193289,0.1583362460678084,0.505074104378622,0.2052551408987052,0.1553776238909327,0.0410695560992659,5.0,4.0,-1.0,30000.0,56250.0,59000.0,59000.0,221.0,0.8309178743961353,60.0,0.0428285037361035,0.1793639000097755,0.0355205000087153,0.2362626000249292,0.0039377100004154,,4.0
test_000_1011,offline_spectral,500.0,offline_spectral,0,False,False,0.2546563904945408,0.0855812459858702,0.0208734746307,0.1482016698779704,0.7699627473201379,0.1605080831408776,0.1706142111601766,0.0828516377649325,3.0,3.0,0.0,29500.0,56349.99999999999,59250.0,59250.0,233.0,0.8627450980392157,60.0,0.0903361344537815,0.0632891000132076,0.0355489999928977,0.1196122000110335,0.0019935366668505,,3.0
test_000_1012,offline_spectral,500.0,offline_spectral,0,False,False,0.2190126853125477,0.1242549289316827,0.0221610881858474,0.0725966681950175,0.2914290920133616,0.1294093932674864,0.099933964340744,0.1208925569310713,2.0,2.0,0.0,29500.0,55824.99999999999,59000.0,59000.0,235.0,0.925531914893617,60.0,0.1375173852573018,0.0836505000188481,0.0339527000032831,0.1372811000037472,0.0022880183333957,,2.0
test_000_1013,offline_spectral,500.0,offline_spectral,0,False,False,0.1841011430550744,0.0481468652580533,0.0223415310010391,0.1136127467959819,0.5819170774533233,0.1443809523809524,0.078719723183391,0.0453758226532732,5.0,3.0,-2.0,29500.0,55949.99999999999,58750.0,58750.0,225.0,0.8894230769230769,60.0,0.047532656023222,0.0594458999985363,0.0326897999912034,0.1132866000116337,0.0018881100001938,,3.0
test_000_1014,offline_spectral,500.0,offline_spectral,0,False,False,0.2590065069036661,0.0968100301539438,0.0172988414537375,0.1448976352959847,0.5756280652112524,0.1728588189284317,0.1124314442413162,0.094588160609427,5.0,4.0,-1.0,30625.0,56612.5,59500.0,59500.0,232.0,0.8756476683937824,60.0,0.1035933391761612,0.0559909000003244,0.0380130000121425,0.1160456000070553,0.0019340933334509,,4.0
test_000_1015,offline_spectral,500.0,offline_spectral,0,False,False,0.1166581762608252,0.0485651214128035,0.0249617931737137,0.043131261674308,0.1674495692513645,0.0796872090858313,0.0261934938741022,0.0439803022584479,3.0,3.0,0.0,29125.0,56637.49999999999,59500.0,59500.0,230.0,0.9530516431924884,60.0,0.0460035523978685,0.0583861999912187,0.0327228000096511,0.112125499988906,0.0018687583331484,,3.0
test_000_1016,offline_spectral,500.0,offline_spectral,0,False,False,0.3319645203679369,0.0905059132720105,0.0226675427069645,0.2187910643889619,0.6013549155769213,0.2949725058915947,0.2414333706606942,0.0818002628120893,4.0,3.0,-1.0,29250.0,56425.0,59250.0,59250.0,227.0,0.7537688442211056,60.0,0.089087656529517,0.0523124000173993,0.0329823999782092,0.1051330000045709,0.0017522166667428,,3.0
test_000_1017,offline_spectral,500.0,offline_spectral,0,False,False,0.248930569266206,0.0771635406383678,0.02319842053307,0.148568608094768,0.4935648410433241,0.2004599463395937,0.1136896390060947,0.0707469562356038,4.0,4.0,0.0,29875.0,56637.49999999999,59500.0,59500.0,230.0,0.855,60.0,0.0761331444759206,0.0750190999824553,0.0406833000015467,0.1380718000000342,0.0023011966666672,,4.0
test_000_1018,offline_spectral,500.0,offline_spectral,0,False,False,0.35,0.0667241379310344,0.0236206896551724,0.2596551724137931,0.3467603770102871,0.2970160973694543,0.1799800299550674,0.0608620689655172,2.0,3.0,1.0,30625.0,56487.5,59250.0,59250.0,222.0,0.745,60.0,0.0648063154029741,0.0587277000013273,0.0355402000132016,0.1163741000054869,0.0019395683334247,,3.0
test_000_1019,offline_spectral,500.0,offline_spectral,0,False,False,0.222698439910852,0.0560603463055031,0.0204011657809017,0.1462369278244471,0.4711213023759561,0.1710051301539046,0.1607465382299819,0.0488599348534201,4.0,3.0,-1.0,29250.0,56199.99999999999,59000.0,59000.0,225.0,0.8571428571428571,60.0,0.0513698630136986,0.0629764999903272,0.0320474999898579,0.1150955999910365,0.0019182599998506,,3.0
test_000_1020,offline_spectral,500.0,offline_spectral,0,False,False,0.2766207591535102,0.0935505542492442,0.0298958683238159,0.1531743365804501,0.4738633286607456,0.2313131313131313,0.1123954746679783,0.0843130668458179,4.0,4.0,0.0,29500.0,55974.99999999999,58750.0,58750.0,223.0,0.8167539267015707,60.0,0.0920763022743947,0.0812829000060446,0.0327428999880794,0.1332544999895617,0.0022209083331593,,4.0
test_000_1021,offline_spectral,500.0,offline_spectral,0,False,False,0.2309061488673139,0.1111650485436893,0.0132686084142394,0.1064724919093851,0.32688671540557,0.1467150342603788,0.1063629960084526,0.0985436893203883,5.0,5.0,0.0,28750.0,55474.99999999999,58750.0,58750.0,223.0,0.9027027027027028,60.0,0.1093161012385568,0.0595016000152099,0.0444299000082537,0.1236652000225149,0.0020610866670419,,5.0
test_000_1022,offline_spectral,500.0,offline_spectral,0,False,False,0.3299588194921071,0.0427247769389155,0.0250514756348661,0.2621825669183253,0.7246347976365184,0.3154562383612663,0.2482593559617058,0.039293067947838,5.0,3.0,-2.0,29500.0,55900.0,59000.0,59000.0,229.0,0.7156398104265402,60.0,0.0409001607429898,0.0567777999967802,0.0347389999951701,0.1094594999740365,0.0018243249995672,,3.0
test_000_1023,offline_spectral,500.0,offline_spectral,0,False,False,0.3331225296442687,0.1141501976284585,0.0232411067193675,0.1957312252964426,0.5894856402187256,0.2761574546196206,0.2045454545454545,0.1124110671936758,5.0,4.0,-1.0,29625.0,56387.49999999999,59250.0,59250.0,230.0,0.7675675675675676,60.0,0.1266476665479159,0.1052874999877531,0.0394556000246666,0.1675328999990597,0.0027922149999843,,4.0
test_000_1000,online,500.0,online_oracle_count,0,True,False,0.1203906381545714,0.0756019531907728,0.0227310995117023,0.0220575854520963,0.1565909232608218,0.0606119664782693,0.0455933682373473,0.0680249200202054,3.0,3.0,0.0,500.0,500.0,500.0,500.0,225.0,0.9798994974874372,60.0,0.0729900632339656,0.0646986999781802,0.0556333000131417,0.1411685000057332,0.0023528083334288,2.9066666666666667,
test_000_1001,online,500.0,online_oracle_count,0,True,False,0.163232104121475,0.064172089660159,0.0448300795372378,0.054229934924078,0.221525840028027,0.1141589350544574,0.0216319824753559,0.051879971077368,3.0,3.0,0.0,500.0,500.0,500.0,500.0,217.0,0.9494949494949496,60.0,0.0547187797902764,0.0533388000039849,0.048053800011985,0.1216954000119585,0.0020282566668659,2.774193548387097,
test_000_1002,online,500.0,online_oracle_count,0,True,False,0.5793983910458202,0.0431969220006995,0.0269324938789786,0.509268975166142,1.0745742108840737,0.573037927149831,0.5159694107062528,0.0342777194823364,3.0,2.0,-1.0,500.0,500.0,500.0,500.0,225.0,0.4666666666666667,60.0,0.0354943860919956,0.0605875000183004,0.0498578999831806,0.1303010999981779,0.0021716849999696,2.902222222222222,
test_000_1003,online,500.0,online_oracle_count,0,True,False,0.266783523225241,0.0255915863277826,0.024715162138475,0.2164767747589833,0.4758615641189287,0.2515145951900128,0.2095595908996034,0.0226117440841367,5.0,5.0,0.0,500.0,500.0,500.0,500.0,228.0,0.776255707762557,60.0,0.0231348637015781,0.0518710000033024,0.0539247000124305,0.1280026000167708,0.0021333766669461,2.881578947368421,
test_000_1004,online,500.0,online_oracle_count,0,True,False,0.4295685279187817,0.1153236040609137,0.0115799492385786,0.3026649746192893,0.7037896206860393,0.3780040733197556,0.3616473616473616,0.1105647208121827,4.0,4.0,0.0,500.0,500.0,500.0,500.0,226.0,0.648936170212766,60.0,0.1243088995897984,0.0584063999995123,0.0545394000073429,0.1337563999986741,0.0022292733333112,2.911504424778761,
test_000_1005,online,500.0,online_oracle_count,0,True,False,0.2629339686861811,0.0660313138189244,0.0233151803948264,0.1735874744724302,0.4319161932509032,0.231004200076365,0.1739914356547216,0.05428863172226,5.0,5.0,0.0,500.0,500.0,500.0,500.0,225.0,0.8118811881188119,60.0,0.057405074680583,0.0773142999969422,0.0663788999954704,0.1660284999816212,0.0027671416663603,2.8844444444444446,
test_000_1006,online,500.0,online_oracle_count,0,True,False,0.1742183581340912,0.0822604915565958,0.018558769436549,0.0733990971409463,0.3001921520125384,0.1147283781133555,0.0607852412488174,0.0737334893830463,5.0,5.0,0.0,500.0,500.0,500.0,500.0,224.0,0.9381443298969072,60.0,0.0796028880866425,0.0749682999739889,0.0481817999971099,0.141996799968183,0.002366613332803,2.8660714285714284,
test_000_1007,online,500.0,online_oracle_count,0,True,False,0.4041859667181334,0.0718819694630296,0.0283067421513124,0.3039972551037914,0.7133698369199613,0.3898639321632814,0.3436123348017621,0.0650197289414994,2.0,2.0,0.0,500.0,500.0,500.0,500.0,223.0,0.655,60.0,0.0695412844036697,0.0904296000080648,0.056000699987635,0.1666999000008218,0.0027783316666803,2.8430493273542603,
test_000_1008,online,500.0,online_oracle_count,0,True,False,0.0752464971458225,0.0477426050856253,0.0164331430548348,0.0110707490053623,0.0878218137592083,0.038005644402634,0.0087032201914708,0.0403044455976474,2.0,2.0,0.0,500.0,500.0,500.0,500.0,224.0,0.9952153110047848,60.0,0.0419971160778658,0.0587580999999772,0.0560088999918662,0.1364646999863907,0.0022744116664398,2.9017857142857144,
test_000_1009,online,500.0,online_oracle_count,0,True,False,0.3895058747786898,0.0928697891517785,0.0143248028327699,0.2823112827941413,0.7047826673335313,0.3365702078073412,0.3235743937076688,0.0856269113149847,3.0,3.0,0.0,500.0,500.0,500.0,500.0,229.0,0.689119170984456,60.0,0.0936454849498327,0.0537363999756053,0.0588640999922063,0.1330290999612771,0.0022171516660212,2.938864628820961,
test_000_1010,online,500.0,online_oracle_count,0,True,False,0.1696959105207969,0.0527787486892694,0.018350227193289,0.0985669346382383,0.2617610598258715,0.1289032749428789,0.0709803072927937,0.0410695560992659,5.0,5.0,0.0,500.0,500.0,500.0,500.0,221.0,0.9082125603864736,60.0,0.0428285037361035,0.058245899999747,0.0456055999966338,0.1227989999752026,0.0020466499995867,2.8642533936651584,
test_000_1011,online,500.0,online_oracle_count,0,True,False,0.186897880539499,0.0855812459858702,0.0208734746307,0.0804431599229287,0.4998980062641699,0.0814087759815242,0.1118024889602569,0.0828516377649325,3.0,3.0,0.0,500.0,500.0,500.0,500.0,233.0,0.9362745098039216,60.0,0.0903361344537815,0.0556627000041771,0.0650180999946314,0.1431180000072345,0.0023853000001205,2.918454935622317,
test_000_1012,online,500.0,online_oracle_count,0,True,False,0.4167812929848693,0.1242549289316827,0.0221610881858474,0.2703652758673391,0.6864952229671331,0.3902439024390244,0.3709002861545234,0.1208925569310713,2.0,2.0,0.0,500.0,500.0,500.0,500.0,235.0,0.6436170212765957,60.0,0.1375173852573018,0.0630107000179123,0.0574026999820489,0.1417664000182412,0.0023627733336373,2.970212765957447,
test_000_1013,online,500.0,online_oracle_count,0,True,False,0.1503290613093176,0.0481468652580533,0.0223415310010391,0.0798406650502251,0.4894487990146808,0.1127619047619047,0.0588235294117647,0.0453758226532732,5.0,4.0,-1.0,500.0,500.0,500.0,500.0,225.0,0.908653846153846,60.0,0.047532656023222,0.0619145999953616,0.0539078000001609,0.1350251999974716,0.0022504199999578,2.9066666666666667,
test_000_1014,online,500.0,online_oracle_count,0,True,False,0.2567846373591493,0.0968100301539438,0.0172988414537375,0.142675765751468,1.0229341412759727,0.1409855299178725,0.0859232175502742,0.094588160609427,5.0,5.0,0.0,500.0,500.0,500.0,500.0,232.0,0.917098445595855,60.0,0.1035933391761612,0.0560046999889891,0.0542313000187277,0.1323842999991029,0.002206404999985,2.8663793103448274,
test_000_1015,online,500.0,online_oracle_count,0,True,False,0.2176940057734759,0.0485651214128035,0.0249617931737137,0.1441670911869587,0.3964501258085706,0.1873021783652951,0.1561047739754964,0.0439803022584479,3.0,3.0,0.0,500.0,500.0,500.0,500.0,230.0,0.8450704225352113,60.0,0.0460035523978685,0.0513941000099293,0.0519328000082168,0.1231890000053681,0.0020531500000894,2.878260869565217,
test_000_1016,online,500.0,online_oracle_count,0,True,False,0.3137319316688567,0.0905059132720105,0.0226675427069645,0.2005584756898817,0.5773947998970219,0.27356637863315,0.2356103023516237,0.0818002628120893,4.0,4.0,0.0,500.0,500.0,500.0,500.0,227.0,0.7638190954773869,60.0,0.089087656529517,0.0630163000023458,0.0515253999910783,0.1353429000009782,0.0022557150000163,2.845814977973568,
test_000_1017,online,500.0,online_oracle_count,0,True,False,0.3649226719315564,0.0771635406383678,0.02319842053307,0.2645607107601184,0.6119794136143526,0.3422767343809889,0.2899671823722456,0.0707469562356038,4.0,4.0,0.0,500.0,500.0,500.0,500.0,230.0,0.7,60.0,0.0761331444759206,0.0573269999877084,0.0542740999953821,0.1316097999806516,0.0021934966663441,2.8217391304347825,
test_000_1018,online,500.0,online_oracle_count,0,True,False,0.1320689655172413,0.0667241379310344,0.0236206896551724,0.0417241379310344,0.1737907836433546,0.0810757754220651,0.0179730404393409,0.0608620689655172,2.0,2.0,0.0,500.0,500.0,500.0,500.0,222.0,0.96,60.0,0.0648063154029741,0.0607700000109616,0.0472292999911587,0.1274527000205125,0.0021242116670085,2.779279279279279,
test_000_1019,online,500.0,online_oracle_count,0,True,False,0.4573975655751757,0.0560603463055031,0.0204011657809017,0.3809360534887708,0.9124850593926358,0.4035721071632149,0.3937387116195063,0.0488599348534201,4.0,3.0,-1.0,500.0,500.0,500.0,500.0,225.0,0.6238095238095238,60.0,0.0513698630136986,0.059261599992169,0.0557046000030823,0.1370763999875635,0.0022846066664593,2.893333333333333,
test_000_1020,online,500.0,online_oracle_count,0,True,False,0.4413839435673496,0.0935505542492442,0.0298958683238159,0.3179375209942895,0.7152391377286371,0.4080808080808081,0.3556320708312838,0.0843130668458179,4.0,4.0,0.0,500.0,500.0,500.0,500.0,223.0,0.643979057591623,60.0,0.0920763022743947,0.0656857999856583,0.0544465999992098,0.142298299993854,0.0023716383332309,2.8520179372197307,
test_000_1021,online,500.0,online_oracle_count,0,True,False,0.2022653721682848,0.1111650485436893,0.0132686084142394,0.0778317152103559,0.2937329713931778,0.1110439338976219,0.0887532284573843,0.0985436893203883,5.0,5.0,0.0,500.0,500.0,500.0,500.0,223.0,0.9297297297297298,60.0,0.1093161012385568,0.0590506000153254,0.050527699990198,0.1301272000127937,0.0021687866668798,2.896860986547085,
test_000_1022,online,500.0,online_oracle_count,0,True,False,0.6154770075497598,0.0427247769389155,0.0250514756348661,0.547700754975978,0.9510291734327894,0.6186219739292365,0.5739773716275022,0.039293067947838,5.0,3.0,-2.0,500.0,500.0,500.0,500.0,229.0,0.4075829383886256,60.0,0.0409001607429898,0.0599913999903947,0.0771481999836396,0.1600285999884363,0.0026671433331406,2.921397379912664,
test_000_1023,online,500.0,online_oracle_count,0,True,False,0.4885375494071146,0.1141501976284585,0.0232411067193675,0.3511462450592885,0.8315981964318192,0.451968182745258,0.420217803030303,0.1124110671936758,5.0,3.0,-2.0,500.0,500.0,500.0,500.0,230.0,0.5783783783783784,60.0,0.1266476665479159,0.077214199991431,0.0558932999847456,0.1552735999866854,0.0025878933331114,2.9217391304347826,
test_000_1000,offline_ahc,500.0,offline_ahc_oracle_count,0,True,False,0.1395857888533423,0.0756019531907728,0.0227310995117023,0.0412527361508671,0.1971831637663988,0.0828298577275385,0.0462478184991274,0.0680249200202054,3.0,3.0,0.0,29500.0,56199.99999999999,59000.0,59000.0,225.0,0.9597989949748744,60.0,0.0729900632339656,0.0597692000155802,0.0337397999828681,0.1165247000171803,0.0019420783336196,,3.0
test_000_1001,offline_ahc,500.0,offline_ahc_oracle_count,0,True,False,0.2640997830802603,0.064172089660159,0.0448300795372378,0.1550976138828633,0.4245733937788699,0.2367890278338039,0.108433734939759,0.051879971077368,3.0,3.0,0.0,29250.0,56050.0,58750.0,58750.0,217.0,0.8282828282828283,60.0,0.0547187797902764,0.05957519999356,0.0332770000095479,0.1148184000048786,0.0019136400000813,,3.0
test_000_1002,offline_ahc,500.0,offline_ahc_oracle_count,0,True,False,0.617873382301504,0.0431969220006995,0.0269324938789786,0.5477439664218258,1.133700409431032,0.6064588809613218,0.565677013045434,0.0342777194823364,3.0,1.0,-2.0,30250.0,55949.99999999999,58750.0,58750.0,225.0,0.4285714285714285,60.0,0.0354943860919956,0.0598109999846201,0.0323429999989457,0.1147143999696709,0.0019119066661611,,1.0
test_000_1003,offline_ahc,500.0,offline_ahc_oracle_count,0,True,False,0.2082383873794916,0.0255915863277826,0.024715162138475,0.157931638913234,0.4450760821964719,0.1933174224343675,0.1237737424337299,0.0226117440841367,5.0,4.0,-1.0,29125.0,56162.49999999999,59250.0,59250.0,228.0,0.8310502283105022,60.0,0.0231348637015781,0.0549577000201679,0.04196459997911,0.1268300000228919,0.0021138333337148,,4.0
test_000_1004,offline_ahc,500.0,offline_ahc_oracle_count,0,True,False,0.3167829949238578,0.1153236040609137,0.0115799492385786,0.1898794416243654,0.554218578772192,0.219959266802444,0.2438867438867439,0.1105647208121827,4.0,3.0,-1.0,28625.0,56187.5,59000.0,59000.0,226.0,0.8031914893617021,60.0,0.1243088995897984,0.0665541999915149,0.0373593000113032,0.1338782999955583,0.0022313049999259,,3.0
test_000_1005,offline_ahc,500.0,offline_ahc_oracle_count,0,True,False,0.3112661674608577,0.0660313138189244,0.0233151803948264,0.2219196732471068,0.6261302558633374,0.2852233676975945,0.2116294793779581,0.05428863172226,5.0,3.0,-2.0,29750.0,56199.99999999999,59500.0,59500.0,225.0,0.7574257425742574,60.0,0.057405074680583,0.0555269999895244,0.0351781999925151,0.1150976999779231,0.001918294999632,,3.0
test_000_1006,offline_ahc,500.0,offline_ahc_oracle_count,0,True,False,0.3450927938471827,0.0822604915565958,0.018558769436549,0.2442735328540377,0.6721483155708226,0.3053539909786232,0.2090823084200567,0.0737334893830463,5.0,3.0,-2.0,29875.0,56212.5,59000.0,59000.0,224.0,0.7371134020618557,60.0,0.0796028880866425,0.0631219999922905,0.0418761000037193,0.12748759999522,0.0021247933332536,,3.0
test_000_1007,offline_ahc,500.0,offline_ahc_oracle_count,0,True,False,0.5151827071538857,0.0718819694630296,0.0283067421513124,0.4149939955395436,0.9343553275409116,0.5174521790573852,0.470670067238581,0.0650197289414994,2.0,2.0,0.0,30000.0,55724.99999999999,59000.0,59000.0,223.0,0.515,60.0,0.0695412844036697,0.0690916000166907,0.0379802999959792,0.1299643999955151,0.0021660733332585,,2.0
test_000_1008,offline_ahc,500.0,offline_ahc_oracle_count,0,True,False,0.1167618059159315,0.0477426050856253,0.0164331430548348,0.0525860577754713,0.1738777378594325,0.0831608654750705,0.0213228894691035,0.0403044455976474,2.0,2.0,0.0,29875.0,56212.5,59000.0,59000.0,224.0,0.9473684210526316,60.0,0.0419971160778658,0.059233400010271,0.0365317000250797,0.1178890000155661,0.0019648166669261,,2.0
test_000_1009,offline_ahc,500.0,offline_ahc_oracle_count,0,True,False,0.39835828102366,0.0928697891517785,0.0143248028327699,0.2911636890391115,0.7241327426353585,0.3451155564187221,0.3198601704173039,0.0856269113149847,3.0,2.0,-1.0,29750.0,56150.0,59000.0,59000.0,229.0,0.6839378238341969,60.0,0.0936454849498327,0.0891388999880291,0.0475815999961923,0.1618107999966014,0.00269684666661,,2.0
test_000_1010,offline_ahc,500.0,offline_ahc_oracle_count,0,True,False,0.283117790982174,0.0527787486892694,0.018350227193289,0.2119888150996155,0.4662239264447379,0.2608530083777609,0.2057996104739234,0.0410695560992659,5.0,4.0,-1.0,30000.0,56250.0,59000.0,59000.0,221.0,0.7729468599033816,60.0,0.0428285037361035,0.0626855999871622,0.0347944000095594,0.1211948999844025,0.00201991499974,,4.0
test_000_1011,offline_ahc,500.0,offline_ahc_oracle_count,0,True,False,0.2286448298008991,0.0855812459858702,0.0208734746307,0.1221901091843288,0.6153561486178635,0.1408775981524249,0.1374949819349658,0.0828516377649325,3.0,3.0,0.0,29500.0,56349.99999999999,59250.0,59250.0,233.0,0.8823529411764706,60.0,0.0903361344537815,0.0619001999730244,0.0449124000151641,0.1280491999932564,0.0021341533332209,,3.0
test_000_1012,offline_ahc,500.0,offline_ahc_oracle_count,0,True,False,0.5121503897294819,0.1242549289316827,0.0221610881858474,0.3657343726119517,0.8785996869817094,0.5160249949606934,0.4836011446180938,0.1208925569310713,2.0,2.0,0.0,29500.0,55824.99999999999,59000.0,59000.0,235.0,0.526595744680851,60.0,0.1375173852573018,0.1308707999996841,0.0487135000003036,0.2045000999933108,0.0034083349998885,,2.0
test_000_1013,offline_ahc,500.0,offline_ahc_oracle_count,0,True,False,0.1927606511950121,0.0481468652580533,0.0223415310010391,0.1222722549359196,0.6032472288305956,0.1449523809523809,0.083477508650519,0.0453758226532732,5.0,3.0,-2.0,29500.0,55949.99999999999,58750.0,58750.0,225.0,0.8894230769230769,60.0,0.047532656023222,0.077538400015328,0.0376668999961111,0.1372162000334356,0.0022869366672239,,3.0
test_000_1014,offline_ahc,500.0,offline_ahc_oracle_count,0,True,False,0.2334550071417235,0.0968100301539438,0.0172988414537375,0.1193461355340422,0.482030110789128,0.1505670707860774,0.0875228519195612,0.094588160609427,5.0,4.0,-1.0,30625.0,56612.5,59500.0,59500.0,232.0,0.8963730569948186,60.0,0.1035933391761612,0.4528616000025067,0.0387321000162046,0.5140269000257831,0.0085671150004297,,4.0
test_000_1015,offline_ahc,500.0,offline_ahc_oracle_count,0,True,False,0.1209033791815248,0.0485651214128035,0.0249617931737137,0.0473764645950076,0.177228251007166,0.08434183578477,0.0321081537811575,0.0439803022584479,3.0,3.0,0.0,29125.0,56637.49999999999,59500.0,59500.0,230.0,0.9483568075117372,60.0,0.0460035523978685,0.1748782999929972,0.0445612999901641,0.2410844999831169,0.0040180749997186,,3.0
test_000_1016,offline_ahc,500.0,offline_ahc_oracle_count,0,True,False,0.3590670170827858,0.0905059132720105,0.0226675427069645,0.2458935611038107,0.6668087521001633,0.3138256087981146,0.2577827547592385,0.0818002628120893,4.0,4.0,0.0,29250.0,56425.0,59250.0,59250.0,227.0,0.7286432160804021,60.0,0.089087656529517,0.1078225999954156,0.0454360000148881,0.1778824999928474,0.0029647083332141,,4.0
test_000_1017,offline_ahc,500.0,offline_ahc_oracle_count,0,True,False,0.4086870681145113,0.0771635406383678,0.02319842053307,0.3083251069430733,0.6892374860340594,0.3784975086239939,0.3145804031879981,0.0707469562356038,4.0,4.0,0.0,29875.0,56637.49999999999,59500.0,59500.0,230.0,0.675,60.0,0.0761331444759206,0.1068464000127278,0.0373727999976836,0.1661656000069342,0.0027694266667822,,4.0
test_000_1018,offline_ahc,500.0,offline_ahc_oracle_count,0,True,False,0.2008620689655172,0.0667241379310344,0.0236206896551724,0.1105172413793103,0.3113583481256979,0.1594032194738908,0.0793809286070893,0.0608620689655172,2.0,2.0,0.0,30625.0,56487.5,59250.0,59250.0,222.0,0.88,60.0,0.0648063154029741,0.1027063999790698,0.0415519000089261,0.1726795999857131,0.0028779933330952,,2.0
test_000_1019,offline_ahc,500.0,offline_ahc_oracle_count,0,True,False,0.404937424995714,0.0560603463055031,0.0204011657809017,0.3284759129093091,0.8290894800574622,0.3946418392551776,0.3622315873971503,0.0488599348534201,4.0,2.0,-2.0,29250.0,56199.99999999999,59000.0,59000.0,225.0,0.6285714285714286,60.0,0.0513698630136986,0.0749074000050313,0.0401970999955665,0.1445371000154409,0.002408951666924,,2.0
test_000_1020,offline_ahc,500.0,offline_ahc_oracle_count,0,True,False,0.4595230097413503,0.0935505542492442,0.0298958683238159,0.3360765871682902,0.7641008079604571,0.4301010101010101,0.3575996064928677,0.0843130668458179,4.0,3.0,-1.0,29500.0,55974.99999999999,58750.0,58750.0,223.0,0.6282722513089005,60.0,0.0920763022743947,0.0657681000011507,0.0346456000115722,0.1276656000118237,0.002127760000197,,3.0
test_000_1021,offline_ahc,500.0,offline_ahc_oracle_count,0,True,False,0.4027508090614887,0.1111650485436893,0.0132686084142394,0.2783171521035599,0.6129624640556305,0.3734381297863764,0.3275416764498708,0.0985436893203883,5.0,3.0,-2.0,28750.0,55474.99999999999,58750.0,58750.0,223.0,0.6594594594594595,60.0,0.1093161012385568,0.0716545000032056,0.0372797999880276,0.1327272999915294,0.0022121216665254,,3.0
test_000_1022,offline_ahc,500.0,offline_ahc_oracle_count,0,True,False,0.6240562800274537,0.0427247769389155,0.0250514756348661,0.5562800274536719,0.9756687943890696,0.6279329608938548,0.5828981723237598,0.039293067947838,5.0,3.0,-2.0,29500.0,55900.0,59000.0,59000.0,229.0,0.3981042654028436,60.0,0.0409001607429898,0.0651050000160466,0.0414061000046785,0.1319697000144515,0.0021994950002408,,3.0
test_000_1023,offline_ahc,500.0,offline_ahc_oracle_count,0,True,False,0.4671936758893281,0.1141501976284585,0.0232411067193675,0.329802371541502,0.7774934932501771,0.4244340199877626,0.3776041666666667,0.1124110671936758,5.0,3.0,-2.0,29625.0,56387.49999999999,59250.0,59250.0,230.0,0.6108108108108108,60.0,0.1266476665479159,0.0913118000025861,0.0436242000141646,0.155560700019123,0.002592678333652,,3.0
test_000_1000,online,500.0,online_oracle_vad,0,False,True,0.1336925408317898,0.0826738508166358,0.0087556827748779,0.0422630072402761,0.1525084429813737,0.0699668680569089,0.0527923211169284,0.0680249200202054,3.0,4.0,1.0,500.0,500.0,500.0,500.0,220.0,0.953846153846154,60.0,0.0729900632339656,0.115488000010373,0.0669178999960422,0.1897160000225994,0.0031619333337099,2.8772727272727274,
test_000_1001,online,500.0,online_oracle_vad,0,False,True,0.2133044107013738,0.061822125813449,0.0379609544468546,0.1135213304410701,0.2455306461720296,0.1597418313836224,0.0416210295728368,0.051879971077368,3.0,4.0,1.0,500.0,500.0,500.0,500.0,216.0,0.8883248730964467,60.0,0.0547187797902764,0.1071485000138636,0.0697807999968063,0.1878969000244978,0.0031316150004082,2.763888888888889,
test_000_1002,online,500.0,online_oracle_vad,0,False,True,0.5692549842602308,0.0491430570129415,0.0110178384050367,0.5090940888422525,1.0678872651882334,0.5621479534359745,0.528115159694107,0.0342777194823364,3.0,2.0,-1.0,500.0,500.0,500.0,500.0,220.0,0.4611650485436893,60.0,0.0354943860919956,0.0665512999985367,0.0689801999833434,0.1451093999785371,0.0024184899996422,2.868181818181818,
test_000_1003,online,500.0,online_oracle_vad,0,False,True,0.2583698510078878,0.0310254163014899,0.0126205083260297,0.2147239263803681,0.4673081614645595,0.2427024049935744,0.2095595908996034,0.0226117440841367,5.0,5.0,0.0,500.0,500.0,500.0,500.0,224.0,0.7777777777777778,60.0,0.0231348637015781,0.0694524999998975,0.0666779000021051,0.1453069999988656,0.0024217833333144,2.861607142857143,
test_000_1004,online,500.0,online_oracle_vad,0,False,True,0.3718274111675126,0.1161167512690355,0.0084073604060913,0.2473032994923857,0.6010799608403348,0.3010183299389002,0.2927927927927928,0.1105647208121827,4.0,5.0,1.0,500.0,500.0,500.0,500.0,225.0,0.7165775401069518,60.0,0.1243088995897984,0.0631054999830666,0.0635613999911584,0.133701699989615,0.0022283616664935,2.911111111111111,
test_000_1005,online,500.0,online_oracle_vad,0,False,True,0.1849897889720898,0.070285908781484,0.0105513955071477,0.1041524846834581,0.2893947001548337,0.1300114547537228,0.0773044850123957,0.05428863172226,5.0,7.0,2.0,500.0,500.0,500.0,500.0,221.0,0.914572864321608,60.0,0.057405074680583,0.0633926999871619,0.0701845999865327,0.1412416999810375,0.0023540283330172,2.8597285067873304,
test_000_1006,online,500.0,online_oracle_vad,0,False,True,0.2028088948336398,0.0886139441564955,0.0081926099314495,0.1060023407456947,0.3333191110388981,0.1335555991370857,0.0775780510879848,0.0737334893830463,5.0,7.0,2.0,500.0,500.0,500.0,500.0,220.0,0.9162303664921466,60.0,0.0796028880866425,0.0562294999836012,0.0668487999937497,0.1317457999684848,0.002195763332808,2.85,
test_000_1007,online,500.0,online_oracle_vad,0,False,True,0.424601132269686,0.0780579859324069,0.0130382569909075,0.3335048893463715,0.6856035660923814,0.4133307040031552,0.3651750521678646,0.0650197289414994,2.0,3.0,1.0,500.0,500.0,500.0,500.0,218.0,0.6102564102564103,60.0,0.0695412844036697,0.0674175999884028,0.0644514000159688,0.1460360999917611,0.0024339349998626,2.825688073394496,
test_000_1008,online,500.0,online_oracle_vad,0,False,True,0.0653866113129216,0.0479155855388341,0.0079571008476042,0.0095139249264833,0.0750205442178527,0.0272812793979303,0.0087032201914708,0.0403044455976474,2.0,2.0,0.0,500.0,500.0,500.0,500.0,222.0,1.0,60.0,0.0419971160778658,0.0611528999870643,0.0673664000059943,0.1383689999929629,0.0023061499998827,2.8828828828828827,
test_000_1009,online,500.0,online_oracle_vad,0,False,True,0.384516336713343,0.095766940286496,0.0091743119266055,0.2795750845002414,0.6980712579375582,0.3305496212856865,0.3235743937076688,0.0856269113149847,3.0,3.0,0.0,500.0,500.0,500.0,500.0,227.0,0.689119170984456,60.0,0.0936454849498327,0.0560878999822307,0.0465934000094421,0.1093459999829065,0.0018224333330484,2.911894273127753,
test_000_1010,online,500.0,online_oracle_vad,0,False,True,0.1665501572876616,0.0485844110450891,0.0185249912617965,0.0994407549807759,0.2553965730271035,0.1254760091393754,0.0601601384981605,0.0410695560992659,5.0,6.0,1.0,500.0,500.0,500.0,500.0,222.0,0.8990384615384616,60.0,0.0428285037361035,0.0505834000068716,0.0620656999817583,0.1195028999936766,0.0019917149998946,2.869369369369369,
test_000_1011,online,500.0,online_oracle_vad,0,False,True,0.1780667951188182,0.0912010276172125,0.01043673731535,0.0764290301862556,0.4672190054176439,0.075635103926097,0.1099959855479727,0.0828516377649325,3.0,3.0,0.0,500.0,500.0,500.0,500.0,229.0,0.945,60.0,0.0903361344537815,0.0634824000007938,0.0575817999779246,0.1280528999923262,0.0021342149998721,2.890829694323144,
test_000_1012,online,500.0,online_oracle_vad,0,False,True,0.3996637627999388,0.1267002903866727,0.0055020632737276,0.2674614091395384,0.6664820014482936,0.3676678089094941,0.3709002861545234,0.1208925569310713,2.0,2.0,0.0,500.0,500.0,500.0,500.0,230.0,0.6486486486486487,60.0,0.1375173852573018,0.0569038999965414,0.0629184000135865,0.1263714999950025,0.0021061916665833,2.930434782608696,
test_000_1013,online,500.0,online_oracle_vad,0,False,True,0.1425355039833737,0.0516106685140284,0.0128160720471077,0.0781087634222376,0.4835124795327597,0.1041904761904762,0.0588235294117647,0.0453758226532732,5.0,4.0,-1.0,500.0,500.0,500.0,500.0,222.0,0.9121951219512195,60.0,0.047532656023222,0.0523028000025078,0.0604932999995071,0.1202764999761711,0.0020046083329361,2.8873873873873874,
test_000_1014,online,500.0,online_oracle_vad,0,False,True,0.2848754166005396,0.1017298841453737,0.0063481986986192,0.1767973337565465,1.021039570252737,0.1535001955416503,0.1083180987202925,0.094588160609427,5.0,6.0,1.0,500.0,500.0,500.0,500.0,228.0,0.9,60.0,0.1035933391761612,0.1276614000089466,0.0705999000056181,0.2088038999936543,0.0034800649998942,2.8464912280701755,
test_000_1015,online,500.0,online_oracle_vad,0,False,True,0.1713363898794362,0.0506028188147393,0.010018678892851,0.1107148921718458,0.1757260247925391,0.117855148017129,0.0671736375158428,0.0439803022584479,3.0,7.0,4.0,500.0,500.0,500.0,500.0,226.0,0.9043062200956936,60.0,0.0460035523978685,0.145613200002117,0.0653814999968744,0.217878199997358,0.0036313033332893,2.84070796460177,
test_000_1016,online,500.0,online_oracle_vad,0,False,True,0.334592641261498,0.0916557161629434,0.0114980289093298,0.2314388961892247,0.5226943080151207,0.2666928515318146,0.257110862262038,0.0818002628120893,4.0,6.0,2.0,500.0,500.0,500.0,500.0,224.0,0.7551020408163265,60.0,0.089087656529517,0.0701235999877099,0.0675298999994993,0.146873499994399,0.0024478916665733,2.825892857142857,
test_000_1017,online,500.0,online_oracle_vad,0,False,True,0.3400789733464955,0.0832510694307337,0.0087199736755511,0.2481079302402106,0.3985791489296867,0.2757761594480644,0.1879981247069854,0.0707469562356038,4.0,8.0,4.0,500.0,500.0,500.0,500.0,225.0,0.7743589743589744,60.0,0.0761331444759206,0.1565007999888621,0.1000509000150486,0.2676576999947428,0.004460961666579,2.795555555555556,
test_000_1018,online,500.0,online_oracle_vad,0,False,True,0.3182758620689655,0.0706896551724138,0.0189655172413793,0.2286206896551724,0.3098455791282113,0.2371417353749509,0.1080878681977034,0.0608620689655172,2.0,4.0,2.0,500.0,500.0,500.0,500.0,220.0,0.8040201005025126,60.0,0.0648063154029741,0.3089430999825708,0.0646609000104945,0.3808760999818332,0.0063479349996972,2.768181818181818,
test_000_1019,online,500.0,online_oracle_vad,0,False,True,0.4512257843305332,0.0577747299845705,0.0135436310646322,0.3799074232813303,0.905458351509636,0.3967319019570587,0.3937387116195063,0.0488599348534201,4.0,3.0,-1.0,500.0,500.0,500.0,500.0,223.0,0.625,60.0,0.0513698630136986,0.081534199998714,0.0849257999798283,0.1734276999777648,0.002890461666296,2.883408071748879,
test_000_1020,online,500.0,online_oracle_vad,0,False,True,0.4356734968088679,0.0965737319449109,0.0161236143768894,0.3229761504870675,0.7157308182463192,0.401010101010101,0.3556320708312838,0.0843130668458179,4.0,4.0,0.0,500.0,500.0,500.0,500.0,219.0,0.6363636363636364,60.0,0.0920763022743947,0.0920260000275448,0.0664471999916713,0.1663680000347085,0.0027728000005784,2.8401826484018264,
test_000_1021,online,500.0,online_oracle_vad,0,False,True,0.1995145631067961,0.1118122977346278,0.0098705501618122,0.0778317152103559,0.2902370788727382,0.1076178960096735,0.0887532284573843,0.0985436893203883,5.0,5.0,0.0,500.0,500.0,500.0,500.0,222.0,0.9293478260869564,60.0,0.1093161012385568,0.0604432999971322,0.0664453000063076,0.1347661000036168,0.0022461016667269,2.8963963963963963,
test_000_1022,online,500.0,online_oracle_vad,0,False,True,0.6032944406314344,0.0489018531228551,0.009780370624571,0.5446122168840082,0.9401038668553088,0.6054003724394786,0.5739773716275022,0.039293067947838,5.0,3.0,-2.0,500.0,500.0,500.0,500.0,224.0,0.4077669902912621,60.0,0.0409001607429898,0.1629811000020709,0.0629494999884627,0.2330973999924026,0.00388495666654,2.9017857142857144,
test_000_1023,online,500.0,online_oracle_vad,0,False,True,0.4863241106719367,0.1177865612648221,0.0150197628458498,0.3535177865612648,0.8343351589938741,0.4491127880889251,0.4230587121212121,0.1124110671936758,5.0,3.0,-2.0,500.0,500.0,500.0,500.0,227.0,0.5737704918032787,60.0,0.1266476665479159,0.0715803999919444,0.0631423000013455,0.141950999997789,0.0023658499999631,2.898678414096916,
test_000_1000,offline_ahc,500.0,offline_ahc_oracle_vad,0,False,True,0.1581074254925071,0.0826738508166358,0.0087556827748779,0.0666778919009934,0.2383587375268979,0.1042681738452543,0.0730802792321116,0.0680249200202054,3.0,3.0,0.0,28625.0,56012.49999999999,59250.0,59250.0,220.0,0.9282051282051282,60.0,0.0729900632339656,0.0725373000022955,0.0380970000114757,0.1167989000095985,0.0019466483334933,,3.0
test_000_1001,offline_ahc,500.0,offline_ahc_oracle_vad,0,False,True,0.3206796818510484,0.061822125813449,0.0379609544468546,0.2208966015907447,0.384328086703844,0.2833803953206938,0.1478641840087623,0.051879971077368,3.0,4.0,1.0,29125.0,56062.5,58750.0,58750.0,216.0,0.766497461928934,60.0,0.0547187797902764,0.0702524000080302,0.0345620999869424,0.1135199999844189,0.0018919999997403,,4.0
test_000_1002,offline_ahc,500.0,offline_ahc_oracle_vad,0,False,True,0.2504372158097236,0.0491430570129415,0.0110178384050367,0.1902763203917453,0.5377571257166402,0.2318813368381524,0.1599190283400809,0.0342777194823364,3.0,2.0,-1.0,30125.0,56012.49999999999,58750.0,58750.0,220.0,0.8009708737864077,60.0,0.0354943860919956,0.063466799998423,0.0418939999944996,0.1135108000016771,0.0018918466666946,,2.0
test_000_1003,offline_ahc,500.0,offline_ahc_oracle_vad,0,False,True,0.1977212971078001,0.0310254163014899,0.0126205083260297,0.1540753724802804,0.4291992064000608,0.1823021846888195,0.1237737424337299,0.0226117440841367,5.0,4.0,-1.0,29125.0,55962.5,59250.0,59250.0,224.0,0.8379629629629629,60.0,0.0231348637015781,0.1166286000225227,0.0373755999899003,0.1627995000162627,0.002713325000271,,4.0
test_000_1004,offline_ahc,500.0,offline_ahc_oracle_vad,0,False,True,0.3147208121827411,0.1161167512690355,0.0084073604060913,0.1901967005076142,0.5676239332792414,0.2173116089613034,0.2438867438867439,0.1105647208121827,4.0,4.0,0.0,28750.0,56199.99999999999,59000.0,59000.0,225.0,0.8021390374331551,60.0,0.1243088995897984,0.062737800006289,0.0406451000017114,0.110688199987635,0.0018448033331272,,4.0
test_000_1005,offline_ahc,500.0,offline_ahc_oracle_vad,0,False,True,0.2959496255956433,0.070285908781484,0.0105513955071477,0.2151123213070115,0.6114217241574487,0.268041237113402,0.2116294793779581,0.05428863172226,5.0,3.0,-2.0,29500.0,56250.0,59500.0,59500.0,221.0,0.7688442211055276,60.0,0.057405074680583,0.0664276000170502,0.0351787000254262,0.1089377000462263,0.0018156283341037,,3.0
test_000_1006,offline_ahc,500.0,offline_ahc_oracle_vad,0,False,True,0.3071392743688346,0.0886139441564955,0.0081926099314495,0.2103327202808894,0.6221131617810716,0.2639733281035497,0.1783349101229896,0.0737334893830463,5.0,3.0,-2.0,29875.0,56262.49999999999,59000.0,59000.0,220.0,0.774869109947644,60.0,0.0796028880866425,0.0564123999793082,0.0351217999996151,0.0993624999828171,0.0016560416663802,,3.0
test_000_1007,offline_ahc,500.0,offline_ahc_oracle_vad,0,False,True,0.5030022302281695,0.0780579859324069,0.0130382569909075,0.411905987304855,0.9198128438807808,0.5034509958588049,0.470670067238581,0.0650197289414994,2.0,2.0,0.0,29625.0,55537.49999999999,59000.0,59000.0,218.0,0.517948717948718,60.0,0.0695412844036697,0.0556044999975711,0.0372698999999556,0.1007660999894142,0.0016794349998235,,2.0
test_000_1008,offline_ahc,500.0,offline_ahc_oracle_vad,0,False,True,0.0985988583290088,0.0479155855388341,0.0079571008476042,0.0427261719425704,0.1429509897138905,0.0634054562558795,0.0187119234116623,0.0403044455976474,2.0,2.0,0.0,29875.0,56237.5,59000.0,59000.0,222.0,0.9565217391304348,60.0,0.0419971160778658,0.0712057000200729,0.0348441000096499,0.1133997000288218,0.0018899950004803,,2.0
test_000_1009,offline_ahc,500.0,offline_ahc_oracle_vad,0,False,True,0.3914373088685015,0.095766940286496,0.0091743119266055,0.2864960566553999,0.7123780878061382,0.3367644202757817,0.3198601704173039,0.0856269113149847,3.0,2.0,-1.0,29750.0,56175.0,59000.0,59000.0,227.0,0.689119170984456,60.0,0.0936454849498327,0.0617333000118378,0.0378069999860599,0.107963100017514,0.0017993850002919,,2.0
test_000_1010,offline_ahc,500.0,offline_ahc_oracle_vad,0,False,True,0.2874868926948619,0.0485844110450891,0.0185249912617965,0.2203774903879762,0.4747148888599161,0.2656130997715156,0.2057996104739234,0.0410695560992659,5.0,4.0,-1.0,29625.0,56237.5,59000.0,59000.0,222.0,0.7596153846153846,60.0,0.0428285037361035,0.0587735000008251,0.0376484000007621,0.1039012000255752,0.0017316866670929,,4.0
test_000_1011,offline_ahc,500.0,offline_ahc_oracle_vad,0,False,True,0.2198137443802183,0.0912010276172125,0.01043673731535,0.1181759794476557,0.5826771477713374,0.1302925327174749,0.1374949819349658,0.0828516377649325,3.0,3.0,0.0,29500.0,56400.0,59250.0,59250.0,229.0,0.895,60.0,0.0903361344537815,0.0577496000041719,0.0418530000024475,0.1072480000148061,0.0017874666669134,,3.0
test_000_1012,offline_ahc,500.0,offline_ahc_oracle_vad,0,False,True,0.5000764175454684,0.1267002903866727,0.0055020632737276,0.367874063885068,0.8687624097736457,0.5001007861318283,0.4891041162227603,0.1208925569310713,2.0,2.0,0.0,29625.0,55887.49999999999,59000.0,59000.0,230.0,0.518918918918919,60.0,0.1375173852573018,0.0580142999824602,0.0393750000221189,0.1045657999929972,0.0017427633332166,,2.0
test_000_1013,offline_ahc,500.0,offline_ahc_oracle_vad,0,False,True,0.1866989954970557,0.0516106685140284,0.0128160720471077,0.1222722549359196,0.5995948145044359,0.1382857142857143,0.083477508650519,0.0453758226532732,5.0,3.0,-2.0,29875.0,55987.5,58750.0,58750.0,222.0,0.8878048780487805,60.0,0.047532656023222,0.0617778000014368,0.0363346000085584,0.1043779000174254,0.001739631666957,,3.0
test_000_1014,offline_ahc,500.0,offline_ahc_oracle_vad,0,False,True,0.2291699730201555,0.1017298841453737,0.0063481986986192,0.1210918901761625,0.4810094920153027,0.1452874462260461,0.0879798903107861,0.094588160609427,5.0,4.0,-1.0,30625.0,56662.49999999999,59500.0,59500.0,228.0,0.8947368421052632,60.0,0.1035933391761612,0.056986700015841,0.0365682000119704,0.1000888000417035,0.0016681466673617,,4.0
test_000_1015,offline_ahc,500.0,offline_ahc_oracle_vad,0,False,True,0.1592800135846493,0.0506028188147393,0.010018678892851,0.0986585158770589,0.1817887531262813,0.1238130701917706,0.0741444866920152,0.0439803022584479,3.0,4.0,1.0,29125.0,56687.5,59500.0,59500.0,226.0,0.8947368421052632,60.0,0.0460035523978685,0.0556469000002834,0.0376316000183578,0.101379200030351,0.0016896533338391,,4.0
test_000_1016,offline_ahc,500.0,offline_ahc_oracle_vad,0,False,True,0.354796320630749,0.0916557161629434,0.0114980289093298,0.2516425755584757,0.5923715669291982,0.3032207384131972,0.2620380739081747,0.0818002628120893,4.0,5.0,1.0,29375.0,56212.5,59250.0,59250.0,224.0,0.7244897959183674,60.0,0.089087656529517,0.071108300006017,0.0322421999881044,0.1108281000051647,0.001847135000086,,5.0
test_000_1017,offline_ahc,500.0,offline_ahc_oracle_vad,0,False,True,0.2283645936163211,0.0832510694307337,0.0087199736755511,0.1363935505100361,0.3315831884761205,0.1763127635109237,0.0930614158462259,0.0707469562356038,4.0,6.0,2.0,29750.0,56649.99999999999,59500.0,59500.0,225.0,0.8717948717948718,60.0,0.0761331444759206,0.0568438000045716,0.0409685999911744,0.1058373999840114,0.0017639566664001,,6.0
test_000_1018,offline_ahc,500.0,offline_ahc_oracle_vad,0,False,True,0.3193103448275862,0.0706896551724138,0.0189655172413793,0.2296551724137931,0.3204385294011327,0.2813113466823714,0.1672491263105342,0.0608620689655172,2.0,3.0,1.0,30500.0,56512.49999999999,59250.0,59250.0,220.0,0.7537688442211056,60.0,0.0648063154029741,0.0752867999835871,0.0495600000140257,0.1316997999965679,0.0021949966666094,,3.0
test_000_1019,offline_ahc,500.0,offline_ahc_oracle_vad,0,False,True,0.4011657809017658,0.0577747299845705,0.0135436310646322,0.329847419852563,0.8274172602169623,0.3904617138514155,0.3622315873971503,0.0488599348534201,4.0,2.0,-2.0,29250.0,56224.99999999999,59000.0,59000.0,223.0,0.625,60.0,0.0513698630136986,0.161932400020305,0.0386042000027373,0.2081653000495862,0.0034694216674931,,2.0
test_000_1020,offline_ahc,500.0,offline_ahc_oracle_vad,0,False,True,0.4519650655021834,0.0965737319449109,0.0161236143768894,0.3392677191803829,0.7592400092400093,0.421010101010101,0.3575996064928677,0.0843130668458179,4.0,3.0,-1.0,29750.0,56275.0,59000.0,59000.0,219.0,0.6149732620320856,60.0,0.0920763022743947,0.0822409999964293,0.0389837999828159,0.1273303999914787,0.0021221733331913,,3.0
test_000_1021,offline_ahc,500.0,offline_ahc_oracle_vad,0,False,True,0.3998381877022653,0.1118122977346278,0.0098705501618122,0.2781553398058252,0.6089719433381844,0.367795243853285,0.3275416764498708,0.0985436893203883,5.0,3.0,-2.0,28875.0,55487.5,58750.0,58750.0,222.0,0.6630434782608695,60.0,0.1093161012385568,0.0812521000043489,0.0330410999886225,0.1205771999957505,0.0020096199999291,,3.0
test_000_1022,offline_ahc,500.0,offline_ahc_oracle_vad,0,False,True,0.6118737131091283,0.0489018531228551,0.009780370624571,0.5531914893617021,0.9647434878115893,0.6147113594040968,0.5828981723237598,0.039293067947838,5.0,3.0,-2.0,29625.0,55712.5,59000.0,59000.0,224.0,0.3980582524271844,60.0,0.0409001607429898,0.0590171000221744,0.0318454999942332,0.0968243000388611,0.001613738333981,,3.0
test_000_1023,offline_ahc,500.0,offline_ahc_oracle_vad,0,False,True,0.4610276679841897,0.1177865612648221,0.0150197628458498,0.3282213438735178,0.770745031119408,0.4164797063022639,0.3776041666666667,0.1124110671936758,5.0,3.0,-2.0,29500.0,56425.0,59250.0,59250.0,227.0,0.6120218579234973,60.0,0.1266476665479159,0.0844019000069238,0.0448574999754782,0.1364103999803774,0.0022735066663396,,3.0
test_001_1000,online,500.0,online,1,False,False,0.0950543668888109,0.0445457734128376,0.0310417397404419,0.0194668537355313,0.115954903185509,0.0573236196319018,0.0229073003639477,0.0426166257453525,2.0,2.0,0.0,500.0,500.0,500.0,500.0,225.0,0.976525821596244,60.0,0.0445136471881296,0.1500960999983362,0.0815205999824684,0.2581045999831985,0.0043017433330533,2.897777777777778,
test_001_1001,online,500.0,online,1,False,False,0.2252396166134185,0.0532481363152289,0.0383386581469648,0.1336528221512247,0.5168646847877282,0.194021101992966,0.1328474018339995,0.0457933972310969,4.0,4.0,0.0,500.0,500.0,500.0,500.0,222.0,0.8480392156862745,60.0,0.0479910714285714,0.1193375999864656,0.0603865000011865,0.2042427999840583,0.0034040466664009,2.833333333333333,
test_001_1002,online,500.0,online,1,False,False,0.26123046875,0.0812174479166666,0.01708984375,0.1629231770833333,0.2614548708973362,0.1522324865280985,0.0599810336652441,0.0771484375,2.0,3.0,1.0,500.0,500.0,500.0,500.0,230.0,0.8984771573604061,60.0,0.0835978835978836,0.069585699995514,0.0597847999888472,0.1528944999736268,0.0025482416662271,2.8521739130434782,
test_001_1003,online,500.0,online,1,False,False,0.5214618169281159,0.1063609722461644,0.0329253576969488,0.3821754869850026,0.913561634253804,0.5265855221012171,0.4676315789473684,0.0963626960868815,2.0,2.0,0.0,500.0,500.0,500.0,500.0,215.0,0.5274725274725275,60.0,0.1066386875238458,0.0570730000035837,0.0632664000149816,0.1422479000175371,0.0023707983336256,2.823255813953488,
test_001_1004,online,500.0,online,1,False,False,0.2894598846355532,0.0499912602691837,0.0288411116937598,0.2106275126726096,0.5063566221654456,0.2289387833429284,0.2162045060658579,0.0445726271630833,4.0,5.0,1.0,500.0,500.0,500.0,500.0,224.0,0.8125,60.0,0.0466520307354555,0.0656335999956354,0.0643260999931953,0.1527165999868884,0.0025452766664481,2.821428571428572,
test_001_1005,online,500.0,online,1,False,False,0.1076263924592973,0.0363324764353042,0.0260497000856898,0.0452442159383033,0.1509401139980753,0.0793679955906669,0.0044444444444444,0.0335904027420736,2.0,2.0,0.0,500.0,500.0,500.0,500.0,231.0,0.9626168224299064,60.0,0.0347579358042206,0.072660400008317,0.0623866000096313,0.1598962000280153,0.0026649366671335,2.9177489177489178,
test_001_1006,online,500.0,online,1,False,False,0.3457735247208931,0.1097288676236044,0.0267942583732057,0.2092503987240829,0.6983531277691648,0.278838342810723,0.2430776214253291,0.1076555023923445,5.0,6.0,1.0,500.0,500.0,500.0,500.0,230.0,0.7512953367875648,60.0,0.1199285075960679,0.0660812999994959,0.0631117000011727,0.1576251999940723,0.0026270866665678,2.891304347826087,
test_001_1007,online,500.0,online,1,False,False,0.3175593690414283,0.0598023920956838,0.0261743803085456,0.2315825966371988,0.5325432404820645,0.2862410246458374,0.2283737024221453,0.0533888022187554,5.0,6.0,1.0,500.0,500.0,500.0,500.0,223.0,0.7524752475247525,60.0,0.0563999267533418,0.064530100004049,0.0624441000109072,0.1512386000249534,0.0025206433337492,2.878923766816144,
test_001_1008,online,500.0,online,1,False,False,0.3115810341979184,0.0847513629605154,0.0264331736329093,0.2003964976044936,0.4301945993737032,0.2058302146937167,0.1613909942041908,0.0806211795803733,5.0,10.0,5.0,500.0,500.0,500.0,500.0,228.0,0.8258706467661692,60.0,0.0876909254267744,0.0611671000078786,0.0665551999991294,0.1542252000072039,0.00257042000012,2.837719298245614,
test_001_1009,online,500.0,online,1,False,False,0.3919835884487928,0.0875808742307085,0.0146757140602808,0.2897270001578034,0.5928530090949073,0.3598014888337469,0.3633754305396096,0.0866340539687549,3.0,3.0,0.0,500.0,500.0,500.0,500.0,235.0,0.6600985221674877,60.0,0.094851416724257,0.0737917000078596,0.0716558000131044,0.1705297000007704,0.0028421616666795,2.9574468085106385,
test_001_1010,online,500.0,online,1,False,False,0.4971221838513402,0.0935701364907087,0.0226936359151455,0.3808584114454859,0.8337223553250214,0.4463681592039801,0.4035250463821892,0.0868278243709916,5.0,3.0,-2.0,500.0,500.0,500.0,500.0,226.0,0.6010362694300518,60.0,0.095083738519719,0.0618453999923076,0.0546909999975468,0.14289329998428,0.002381554999738,2.871681415929204,
test_001_1011,online,500.0,online,1,False,False,0.1303559657218193,0.0980553724456163,0.025049439683586,0.007251153592617,0.1412314055651842,0.0490550864495375,0.0597345132743362,0.0901450230718523,2.0,2.0,0.0,500.0,500.0,500.0,500.0,225.0,0.9948453608247424,60.0,0.0990762543017569,0.0658496999822091,0.058994499995606,0.1474311999918427,0.0024571866665307,2.88,
test_001_1012,online,500.0,online,1,False,False,0.2816879231617068,0.1143127066603684,0.0236183278223901,0.1437568886789482,0.4313697493702088,0.1561543172075933,0.1147826086956521,0.1143127066603684,5.0,8.0,3.0,500.0,500.0,500.0,500.0,231.0,0.8776595744680851,60.0,0.1290666666666666,0.171414399985224,0.0786648000066634,0.2777136999939102,0.0046285616665651,2.9047619047619047,
test_001_1013,online,500.0,online,1,False,False,0.0887125856473133,0.0358817165524702,0.0320952037504507,0.0207356653443923,0.1148944952918523,0.0666793313069908,0.0179521276595744,0.0254237288135593,2.0,2.0,0.0,500.0,500.0,500.0,500.0,221.0,0.9764150943396226,60.0,0.0260869565217391,0.2342910000006668,0.0620209000189788,0.3201307000126689,0.0053355116668778,2.8642533936651584,
test_001_1014,online,500.0,online,1,False,False,0.1728732490604714,0.0702084045097369,0.0310898530919029,0.0715749914588315,0.1646263793376561,0.1073512252042007,0.044812362030905,0.0608131192347113,2.0,3.0,1.0,500.0,500.0,500.0,500.0,225.0,0.927536231884058,60.0,0.064750818479447,0.2342381000053137,0.0681401000183541,0.3272983000206295,0.0054549716670104,2.848888888888889,
test_001_1015,online,500.0,online,1,False,False,0.1678856382978723,0.0779587765957446,0.0254321808510638,0.0644946808510638,0.1700493661460392,0.1012461059190031,0.0690962713292605,0.0731382978723404,2.0,3.0,1.0,500.0,500.0,500.0,500.0,228.0,0.9306930693069309,60.0,0.078909612625538,0.2860915999917779,0.0588023999880533,0.3667875999817624,0.0061131266663627,2.921052631578948,
test_001_1016,online,500.0,online,1,False,False,0.3792991563919533,0.1132381570408825,0.0176833225178455,0.2483776768332251,0.7216162033168699,0.2548613984278031,0.2624788494077834,0.1078844905905256,3.0,4.0,1.0,500.0,500.0,500.0,500.0,223.0,0.7777777777777778,60.0,0.1209310783778868,0.0654944999841973,0.0573222999810241,0.1448015999631025,0.002413359999385,2.8295964125560538,
test_001_1017,online,500.0,online,1,False,False,0.5125292348813899,0.0751754092883394,0.0190444370197126,0.4183093885733377,0.8691959327065474,0.4557453416149068,0.4266375545851528,0.0696625459405279,5.0,5.0,0.0,500.0,500.0,500.0,500.0,226.0,0.5693069306930693,60.0,0.0748787933201652,0.0570000000006984,0.0594879000273067,0.1419214000343345,0.0023653566672389,2.902654867256637,
test_001_1018,online,500.0,online,1,False,False,0.3816349031343519,0.1015908017010552,0.015120491415971,0.2649236100173255,0.6891530506807813,0.3103110937194286,0.2436596349845935,0.0974956686092298,5.0,4.0,-1.0,500.0,500.0,500.0,500.0,232.0,0.7277486910994765,60.0,0.1080279232111692,0.0619997000030707,0.0637887000048067,0.1581897000141907,0.0026364950002365,2.875,
test_001_1019,online,500.0,online,1,False,False,0.3564890487087283,0.1015037593984962,0.0127492644655116,0.2422360248447205,0.5580152541067035,0.2951082598235766,0.2548837209302325,0.092350441320693,5.0,7.0,2.0,500.0,500.0,500.0,500.0,223.0,0.7395833333333334,60.0,0.1017468035296236,0.0648975999793037,0.0651479000225663,0.1541999000182841,0.002569998333638,2.874439461883408,
test_001_1020,online,500.0,online,1,False,False,0.2499568742452993,0.0886665516646541,0.0331205796101431,0.128169742970502,0.5060619392968819,0.1865841073271414,0.1376497578383889,0.0821114369501466,5.0,4.0,-1.0,500.0,500.0,500.0,500.0,219.0,0.8638743455497382,60.0,0.0894568690095846,0.0608445000252686,0.0613783999870065,0.1459022000199183,0.0024317033336653,2.863013698630137,
test_001_1021,online,500.0,online,1,False,False,0.3547075383171723,0.1207381920550516,0.0200187675946199,0.2139505786675007,0.6397208005142695,0.233428222854819,0.2856542743121193,0.1154207069127306,4.0,3.0,-1.0,500.0,500.0,500.0,500.0,230.0,0.8052631578947368,60.0,0.1304809052333805,0.0690281999995932,0.0677664999966509,0.1638164999894797,0.0027302749998246,2.930434782608696,
test_001_1022,online,500.0,online,1,False,False,0.1231713072203869,0.1000471920717319,0.0124272455560799,0.0106968695925751,0.132234243752521,0.0351251698039976,0.0535532478110364,0.0946987572754444,2.0,2.0,0.0,500.0,500.0,500.0,500.0,232.0,0.9948979591836736,60.0,0.1046046915725456,0.0666001999925356,0.0697643999883439,0.1629274999722838,0.0027154583328713,2.939655172413793,
test_001_1023,online,500.0,online,1,False,False,0.1748041993001166,0.071154807532078,0.0168305282452924,0.0868188635227462,0.1777510461517896,0.0994062440145566,0.0288350634371395,0.0649891684719213,2.0,3.0,1.0,500.0,500.0,500.0,500.0,227.0,0.9447236180904522,60.0,0.0695063268579575,0.068738600006327,0.0671261999814305,0.1604407000122591,0.0026740116668709,2.9030837004405288,
test_001_1000,naive_online,500.0,naive_online,1,False,False,0.1378463696948439,0.0445457734128376,0.0310417397404419,0.0622588565415643,0.2037768894440974,0.1041027607361963,0.0520231213872832,0.0426166257453525,2.0,2.0,0.0,0.0,0.0,0.0,0.0,225.0,0.9295774647887324,60.0,0.0445136471881296,0.0684719999844674,0.0395079999871086,0.1340569999883882,0.0022342833331398,,
test_001_1001,naive_online,500.0,naive_online,1,False,False,0.2623358182463614,0.0532481363152289,0.0383386581469648,0.1707490237841675,0.6228985388680559,0.2256740914419695,0.1210909945920526,0.0457933972310969,4.0,4.0,0.0,0.0,0.0,0.0,0.0,222.0,0.8186274509803921,60.0,0.0479910714285714,0.0575482999847736,0.0323434000019915,0.1133413999923504,0.0018890233332058,,
test_001_1002,naive_online,500.0,naive_online,1,False,False,0.23876953125,0.0812174479166666,0.01708984375,0.1404622395833333,0.281464631290804,0.1687836797536566,0.0791844476055002,0.0771484375,2.0,3.0,1.0,0.0,0.0,0.0,0.0,230.0,0.8730964467005076,60.0,0.0835978835978836,0.0631195000023581,0.0421001999930013,0.1304141999862622,0.002173569999771,,
test_001_1003,naive_online,500.0,naive_online,1,False,False,0.2018617479744871,0.1063609722461644,0.0329253576969488,0.0625754180313739,0.2669120708391185,0.1306854580397181,0.06,0.0963626960868815,2.0,2.0,0.0,0.0,0.0,0.0,0.0,215.0,0.9395604395604396,60.0,0.1066386875238458,0.2262500000069849,0.0364127999928314,0.2870330000005197,0.0047838833333419,,
test_001_1004,naive_online,500.0,naive_online,1,False,False,0.2981996154518441,0.0499912602691837,0.0288411116937598,0.2193672434889005,0.64898079260291,0.2471694492419881,0.2194540727902946,0.0445726271630833,4.0,4.0,0.0,0.0,0.0,0.0,0.0,224.0,0.7932692307692307,60.0,0.0466520307354555,0.0621897999953944,0.037360999995144,0.1239504999830387,0.0020658416663839,,
test_001_1005,naive_online,500.0,naive_online,1,False,False,0.1561268209083119,0.0363324764353042,0.0260497000856898,0.0937446443873179,0.2550854985565178,0.1313613815910343,0.0408888888888888,0.0335904027420736,2.0,2.0,0.0,0.0,0.0,0.0,0.0,231.0,0.9158878504672896,60.0,0.0347579358042206,0.0678298999846447,0.0419021999987307,0.1376841999881435,0.002294736666469,,
test_001_1006,naive_online,500.0,naive_online,1,False,False,0.3290271132376395,0.1097288676236044,0.0267942583732057,0.1925039872408293,0.6703885850610478,0.2696994313566206,0.2317294598275079,0.1076555023923445,5.0,5.0,0.0,0.0,0.0,0.0,0.0,230.0,0.7772020725388601,60.0,0.1199285075960679,0.0649804999993648,0.0426941000041551,0.1313359000196214,0.0021889316669936,,
test_001_1007,naive_online,500.0,naive_online,1,False,False,0.3738949557982319,0.0598023920956838,0.0261743803085456,0.2879181833940024,0.6076671716814601,0.3454298466912478,0.2786620530565167,0.0533888022187554,5.0,7.0,2.0,0.0,0.0,0.0,0.0,223.0,0.698019801980198,60.0,0.0563999267533418,0.0630122000002302,0.0405481999914627,0.126335500011919,0.0021055916668653,,
test_001_1008,naive_online,500.0,naive_online,1,False,False,0.2894432512803568,0.0847513629605154,0.0264331736329093,0.1782587146869321,0.4322656897714619,0.2328146543234193,0.166740971912617,0.0806211795803733,5.0,8.0,3.0,0.0,0.0,0.0,0.0,228.0,0.8059701492537313,60.0,0.0876909254267744,0.0613863000180572,0.0370996000128798,0.1235312000499107,0.0020588533341651,,
test_001_1009,naive_online,500.0,naive_online,1,False,False,0.4581032034085529,0.0875808742307085,0.0146757140602808,0.3558466151175635,0.7174401645523564,0.4401603359419737,0.4269039418293149,0.0866340539687549,3.0,3.0,0.0,0.0,0.0,0.0,0.0,235.0,0.5763546798029556,60.0,0.094851416724257,0.0632334999972954,0.0380362000141758,0.1261954999936279,0.0021032583332271,,
test_001_1010,naive_online,500.0,naive_online,1,False,False,0.5397138628515047,0.0935701364907087,0.0226936359151455,0.4234500904456504,0.9173076427121256,0.4953233830845771,0.4459647495361781,0.0868278243709916,5.0,3.0,-2.0,0.0,0.0,0.0,0.0,226.0,0.5544041450777202,60.0,0.095083738519719,0.0692593999847304,0.0324898999824654,0.1265515999693889,0.0021091933328231,,
test_001_1011,naive_online,500.0,naive_online,1,False,False,0.1794660514172709,0.0980553724456163,0.025049439683586,0.0563612392880685,0.2426397241520871,0.1089666264575794,0.0838495575221238,0.0901450230718523,2.0,2.0,0.0,0.0,0.0,0.0,0.0,225.0,0.9432989690721648,60.0,0.0990762543017569,0.0647573999885935,0.0370795000053476,0.1286400999815669,0.0021440016663594,,
test_001_1012,naive_online,500.0,naive_online,1,False,False,0.27885372382302,0.1143127066603684,0.0236183278223901,0.1409226893402613,0.583316641074856,0.1920800163298632,0.1373913043478261,0.1143127066603684,5.0,6.0,1.0,0.0,0.0,0.0,0.0,231.0,0.851063829787234,60.0,0.1290666666666666,0.0652021999994758,0.0397802999941632,0.1315418999874964,0.0021923649997916,,
test_001_1013,naive_online,500.0,naive_online,1,False,False,0.1471330688784709,0.0358817165524702,0.0320952037504507,0.0791561485755499,0.2048339619655527,0.1282294832826747,0.0500886524822695,0.0254237288135593,2.0,3.0,1.0,0.0,0.0,0.0,0.0,221.0,0.9198113207547168,60.0,0.0260869565217391,0.0655492999940179,0.0311312999983783,0.1204288000008091,0.0020071466666801,,
test_001_1014,naive_online,500.0,naive_online,1,False,False,0.1704817218995558,0.0702084045097369,0.0310898530919029,0.0691834642979159,0.2098459945161513,0.1229093737845196,0.0607064017660044,0.0608131192347113,2.0,3.0,1.0,0.0,0.0,0.0,0.0,225.0,0.9178743961352656,60.0,0.064750818479447,0.1067341000016313,0.0348806999973021,0.1653172000078484,0.0027552866667974,,
test_001_1015,naive_online,500.0,naive_online,1,False,False,0.2754321808510638,0.0779587765957446,0.0254321808510638,0.1720412234042553,0.2901568777061749,0.1826323987538941,0.1634716663155677,0.0731382978723404,2.0,3.0,1.0,0.0,0.0,0.0,0.0,228.0,0.8613861386138614,60.0,0.078909612625538,0.0611720000160858,0.0342082999995909,0.1198683000111486,0.0019978050001858,,
test_001_1016,naive_online,500.0,naive_online,1,False,False,0.3426346528228423,0.1132381570408825,0.0176833225178455,0.2117131732641142,0.5638941570292808,0.2174182871328092,0.2290609137055837,0.1078844905905256,3.0,5.0,2.0,0.0,0.0,0.0,0.0,223.0,0.8201058201058201,60.0,0.1209310783778868,0.0578569999779574,0.0291488000075332,0.1095745000056922,0.0018262416667615,,
test_001_1017,naive_online,500.0,naive_online,1,False,False,0.4562312061476779,0.0751754092883394,0.0190444370197126,0.3620113598396258,0.7514220639103382,0.3994565217391304,0.3471615720524017,0.0696625459405279,5.0,6.0,1.0,0.0,0.0,0.0,0.0,226.0,0.6287128712871287,60.0,0.0748787933201652,0.0683558999735396,0.0336878000234719,0.1273733999987598,0.0021228899999793,,
test_001_1018,naive_online,500.0,naive_online,1,False,False,0.429201449047094,0.1015908017010552,0.015120491415971,0.3124901559300677,0.7506571545905028,0.3809430639796517,0.3076558426167338,0.0974956686092298,5.0,6.0,1.0,0.0,0.0,0.0,0.0,232.0,0.6230366492146597,60.0,0.1080279232111692,0.0674549000104889,0.0334581999923102,0.1227891000162344,0.0020464850002705,,
test_001_1019,naive_online,500.0,naive_online,1,False,False,0.2471395881006865,0.1015037593984962,0.0127492644655116,0.1328865642366786,0.317247920188824,0.1842421812349639,0.1267441860465116,0.092350441320693,5.0,7.0,2.0,0.0,0.0,0.0,0.0,223.0,0.859375,60.0,0.1017468035296236,0.0577394000138156,0.0376837000076193,0.1190759000310208,0.0019845983338503,,
test_001_1020,naive_online,500.0,naive_online,1,False,False,0.2675521821631879,0.0886665516646541,0.0331205796101431,0.1457650508883905,0.521405078737435,0.2218782249742002,0.1526892684170278,0.0821114369501466,5.0,4.0,-1.0,0.0,0.0,0.0,0.0,219.0,0.8272251308900523,60.0,0.0894568690095846,0.0601665000140201,0.0351179999997839,0.1204889999935403,0.0020081499998923,,
test_001_1021,naive_online,500.0,naive_online,1,False,False,0.3820769471379418,0.1207381920550516,0.0200187675946199,0.2413199874882702,0.6961551735349822,0.2771451809678731,0.2858643142197017,0.1154207069127306,4.0,3.0,-1.0,0.0,0.0,0.0,0.0,230.0,0.7684210526315789,60.0,0.1304809052333805,0.072832500009099,0.0463648000149987,0.1434468000079505,0.0023907800001325,,
test_001_1022,naive_online,500.0,naive_online,1,False,False,0.1492842535787321,0.1000471920717319,0.0124272455560799,0.0368098159509202,0.1862773591872397,0.0673394139336309,0.0696395846059865,0.0946987572754444,2.0,2.0,0.0,0.0,0.0,0.0,0.0,232.0,0.9642857142857144,60.0,0.1046046915725456,0.063219100004062,0.0362095999880693,0.1211074000166263,0.0020184566669437,,
test_001_1023,naive_online,500.0,naive_online,1,False,False,0.1444759206798866,0.071154807532078,0.0168305282452924,0.0564905849025162,0.201188984197714,0.0913618080827427,0.0269896193771626,0.0649891684719213,2.0,2.0,0.0,0.0,0.0,0.0,0.0,227.0,0.9547738693467336,60.0,0.0695063268579575,0.0736573000031057,0.035245200007921,0.1320673000009264,0.0022011216666821,,
test_001_1000,offline_ahc,500.0,offline_ahc,1,False,False,0.1511750263065591,0.0445457734128376,0.0310417397404419,0.0755875131532795,0.2329930043722673,0.1186733128834355,0.0734318133162063,0.0426166257453525,2.0,2.0,0.0,29000.0,56449.99999999999,59250.0,59250.0,225.0,0.9154929577464788,60.0,0.0445136471881296,0.0995244999940041,0.0375267000054009,0.1612205000128597,0.0026870083335476,,2.0
test_001_1001,offline_ahc,500.0,offline_ahc,1,False,False,0.283635072772453,0.0532481363152289,0.0383386581469648,0.1920482783102591,0.6723010486336183,0.2602579132473622,0.1671761109804843,0.0457933972310969,4.0,4.0,0.0,27875.0,55237.5,59000.0,59000.0,222.0,0.7892156862745098,60.0,0.0479910714285714,0.0604345000174362,0.0393583999830298,0.1229486000083852,0.002049143333473,,4.0
test_001_1002,offline_ahc,500.0,offline_ahc,1,False,False,0.1785481770833333,0.0812174479166666,0.01708984375,0.0802408854166666,0.2589518227614283,0.1198999230177059,0.052868658131816,0.0771484375,2.0,2.0,0.0,30125.0,56137.49999999999,59000.0,59000.0,230.0,0.9289340101522844,60.0,0.0835978835978836,0.0659555000020191,0.0432824000017717,0.1332098000275436,0.0022201633337923,,2.0
test_001_1003,offline_ahc,500.0,offline_ahc,1,False,False,0.5042234097569385,0.1063609722461644,0.0329253576969488,0.3649370798138252,0.8771049222797928,0.5052316890881914,0.4476315789473684,0.0963626960868815,2.0,1.0,-1.0,28750.0,56324.99999999999,59000.0,59000.0,215.0,0.5384615384615384,60.0,0.1066386875238458,0.0656740999838803,0.0447562999906949,0.1356523999711498,0.0022608733328524,,1.0
test_001_1004,offline_ahc,500.0,offline_ahc,1,False,False,0.3018703023946862,0.0499912602691837,0.0288411116937598,0.2230379304317427,0.6588031996673955,0.2464018422567645,0.2175043327556325,0.0445726271630833,4.0,4.0,0.0,29375.0,56212.5,59250.0,59250.0,224.0,0.7932692307692307,60.0,0.0466520307354555,0.0850295000127516,0.0361120000015944,0.1435092000174336,0.0023918200002905,,4.0
test_001_1005,offline_ahc,500.0,offline_ahc,1,False,False,0.1581833761782348,0.0363324764353042,0.0260497000856898,0.0958011996572408,0.2603486564512547,0.1335660481352195,0.0473333333333333,0.0335904027420736,2.0,2.0,0.0,30250.0,56625.0,59500.0,59500.0,231.0,0.911214953271028,60.0,0.0347579358042206,0.0580133000039495,0.035750300012296,0.1176942000165581,0.0019615700002759,,2.0
test_001_1006,offline_ahc,500.0,offline_ahc,1,False,False,0.396969696969697,0.1097288676236044,0.0267942583732057,0.2604465709728867,0.7391210079632519,0.3153939886271324,0.283250113481616,0.1076555023923445,5.0,3.0,-2.0,29625.0,56387.49999999999,59250.0,59250.0,230.0,0.7357512953367875,60.0,0.1199285075960679,0.0768251000263262,0.0390783000038936,0.1393876000365708,0.0023231266672761,,3.0
test_001_1007,offline_ahc,500.0,offline_ahc,1,False,False,0.3203328133125325,0.0598023920956838,0.0261743803085456,0.234356040908303,0.5455358666363885,0.2907044440131962,0.2281430219146482,0.0533888022187554,5.0,4.0,-1.0,29750.0,55974.99999999999,58750.0,58750.0,223.0,0.7475247524752475,60.0,0.0563999267533418,0.0691927000007126,0.0340368000033777,0.1244933000125456,0.0020748883335424,,4.0
test_001_1008,offline_ahc,500.0,offline_ahc,1,False,False,0.2820089211961011,0.0847513629605154,0.0264331736329093,0.1708243846026763,0.4640653603942111,0.2213905849911365,0.1622826571555951,0.0806211795803733,5.0,6.0,1.0,30375.0,56662.49999999999,59500.0,59500.0,228.0,0.8258706467661692,60.0,0.0876909254267744,0.0620485999970696,0.0369709000224247,0.1221867000276688,0.0020364450004611,,6.0
test_001_1009,offline_ahc,500.0,offline_ahc,1,False,False,0.2599021619062648,0.0875808742307085,0.0146757140602808,0.1576455736152753,0.5479467219095825,0.1464019851116625,0.1875239188672024,0.0866340539687549,3.0,2.0,-1.0,30250.0,56574.99999999999,59500.0,59500.0,235.0,0.8916256157635468,60.0,0.094851416724257,0.0680608000257052,0.0383215000038035,0.1288532000326085,0.0021475533338768,,2.0
test_001_1010,offline_ahc,500.0,offline_ahc,1,False,False,0.5245847722414076,0.0935701364907087,0.0226936359151455,0.4083209998355533,0.8778461744040158,0.4786069651741294,0.4308905380333951,0.0868278243709916,5.0,3.0,-2.0,29125.0,56187.5,59000.0,59000.0,226.0,0.5699481865284974,60.0,0.095083738519719,0.478140200022608,0.0406700999883469,0.5397258000157308,0.0089954300002621,,3.0
test_001_1011,offline_ahc,500.0,offline_ahc,1,False,False,0.1684245220830586,0.0980553724456163,0.025049439683586,0.0453197099538562,0.218826377266936,0.0954965822275834,0.0721238938053097,0.0901450230718523,2.0,2.0,0.0,29750.0,55949.99999999999,59250.0,59250.0,225.0,0.9484536082474226,60.0,0.0990762543017569,0.1317003000003751,0.0377840000146534,0.193794600025285,0.0032299100004214,,2.0
test_001_1012,offline_ahc,500.0,offline_ahc,1,False,False,0.2945992757046135,0.1143127066603684,0.0236183278223901,0.1566682412218548,0.6156071249153365,0.2153500714431516,0.1500621118012422,0.1143127066603684,5.0,5.0,0.0,29500.0,56125.0,59000.0,59000.0,231.0,0.8191489361702128,60.0,0.1290666666666666,0.0602865999971982,0.0403083999990485,0.1236047999991569,0.0020600799999859,,5.0
test_001_1013,offline_ahc,500.0,offline_ahc,1,False,False,0.1660656328885683,0.0358817165524702,0.0320952037504507,0.0980887125856473,0.2726878643209453,0.148176291793313,0.0822251773049645,0.0254237288135593,2.0,2.0,0.0,29750.0,56250.0,59000.0,59000.0,221.0,0.8962264150943396,60.0,0.0260869565217391,0.0601896000152919,0.036619199992856,0.1181479000078979,0.0019691316667983,,2.0
test_001_1014,offline_ahc,500.0,offline_ahc,1,False,False,0.1487871540826785,0.0702084045097369,0.0310898530919029,0.0474888964810386,0.1979279839923698,0.1001555814858031,0.0408388520971302,0.0608131192347113,2.0,2.0,0.0,29500.0,55699.99999999999,59000.0,59000.0,225.0,0.9420289855072465,60.0,0.064750818479447,0.0649094999826047,0.0393047000106889,0.1276493000041227,0.002127488333402,,2.0
test_001_1015,offline_ahc,500.0,offline_ahc,1,False,False,0.1622340425531915,0.0779587765957446,0.0254321808510638,0.0588430851063829,0.2287794519162706,0.1043613707165109,0.0693069306930693,0.0731382978723404,2.0,2.0,0.0,29375.0,55912.49999999999,58750.0,58750.0,228.0,0.9356435643564356,60.0,0.078909612625538,0.0663928000140003,0.0359810999943874,0.1257365999917965,0.0020956099998632,,2.0
test_001_1016,offline_ahc,500.0,offline_ahc,1,False,False,0.2983452303698897,0.1132381570408825,0.0176833225178455,0.1674237508111616,0.3632049503407011,0.160943318163012,0.1844331641285956,0.1078844905905256,3.0,4.0,1.0,30000.0,56224.99999999999,59000.0,59000.0,223.0,0.8783068783068783,60.0,0.1209310783778868,0.067301100003533,0.0400561999995261,0.1292264999938197,0.0021537749998969,,4.0
test_001_1017,offline_ahc,500.0,offline_ahc,1,False,False,0.5126962913464751,0.0751754092883394,0.0190444370197126,0.4184764450384229,0.8504149201949446,0.467973602484472,0.4275109170305677,0.0696625459405279,5.0,4.0,-1.0,29875.0,56187.5,59000.0,59000.0,226.0,0.5594059405940595,60.0,0.0748787933201652,0.0608002000080887,0.0383685000124387,0.1237334000179544,0.0020622233336325,,4.0
test_001_1018,offline_ahc,500.0,offline_ahc,1,False,False,0.4285714285714285,0.1015908017010552,0.015120491415971,0.3118601354544023,0.768670444475673,0.3727254940324789,0.2981749229675278,0.0974956686092298,5.0,4.0,-1.0,29125.0,56362.5,59250.0,59250.0,232.0,0.675392670157068,60.0,0.1080279232111692,0.06315979998908,0.0367135999840684,0.1243352999736089,0.0020722549995601,,4.0
test_001_1019,offline_ahc,500.0,offline_ahc,1,False,False,0.2880026152337365,0.1015037593984962,0.0127492644655116,0.1737495913697286,0.4957463062079849,0.2285485164394547,0.1890697674418604,0.092350441320693,5.0,5.0,0.0,30250.0,56224.99999999999,59000.0,59000.0,223.0,0.8072916666666666,60.0,0.1017468035296236,0.0666180000116583,0.0381365999928675,0.1300168000161647,0.002166946666936,,5.0
test_001_1020,offline_ahc,500.0,offline_ahc,1,False,False,0.4993962394341901,0.0886665516646541,0.0331205796101431,0.3776091081593928,0.9058366808872832,0.4592363261093911,0.3775172062197298,0.0821114369501466,5.0,2.0,-3.0,28000.0,55275.0,58750.0,58750.0,219.0,0.581151832460733,60.0,0.0894568690095846,0.0566424000135157,0.0335135999775957,0.1129915999772492,0.0018831933329541,,2.0
test_001_1021,offline_ahc,500.0,offline_ahc,1,False,False,0.4912417891773538,0.1207381920550516,0.0200187675946199,0.3504848295276822,0.8456569594308877,0.4721431476209841,0.4345725687880697,0.1154207069127306,4.0,2.0,-2.0,29875.0,55887.49999999999,59250.0,59250.0,230.0,0.5631578947368421,60.0,0.1304809052333805,0.0618499999982304,0.0390583999978844,0.1258276999869849,0.0020971283331164,,2.0
test_001_1022,offline_ahc,500.0,offline_ahc,1,False,False,0.1400031461381154,0.1000471920717319,0.0124272455560799,0.0275287085103036,0.1645127837672173,0.0558897729477974,0.0580329871716554,0.0946987572754444,2.0,2.0,0.0,29625.0,56612.5,59500.0,59500.0,232.0,0.979591836734694,60.0,0.1046046915725456,0.059372899995651,0.0413842000125441,0.1250294999917969,0.0020838249998632,,2.0
test_001_1023,offline_ahc,500.0,offline_ahc,1,False,False,0.1361439760039993,0.071154807532078,0.0168305282452924,0.0481586402266288,0.1843652172079802,0.0817850986401072,0.0166089965397923,0.0649891684719213,2.0,2.0,0.0,30000.0,56425.0,59250.0,59250.0,227.0,0.964824120603015,60.0,0.0695063268579575,0.3715059999958612,0.051776999986032,0.4512958999839611,0.007521598333066,,2.0
test_001_1000,offline_spectral,500.0,offline_spectral,1,False,False,0.1271483689933356,0.0445457734128376,0.0310417397404419,0.0515608558400561,0.1806923173016864,0.0924079754601227,0.0325412117319631,0.0426166257453525,2.0,2.0,0.0,29000.0,56449.99999999999,59250.0,59250.0,225.0,0.9389671361502347,60.0,0.0445136471881296,0.564790800010087,0.0418540999817196,0.6288491999730468,0.0104808199995507,,2.0
test_001_1001,offline_spectral,500.0,offline_spectral,1,False,False,0.249378771742989,0.0532481363152289,0.0383386581469648,0.1577919772807951,0.591537877616489,0.2166862055490425,0.1147425346814013,0.0457933972310969,4.0,4.0,0.0,27875.0,55237.5,59000.0,59000.0,222.0,0.8333333333333334,60.0,0.0479910714285714,0.5619115000008605,0.0470941000094171,0.6329383000265807,0.0105489716671096,,4.0
test_001_1002,offline_spectral,500.0,offline_spectral,1,False,False,0.3346354166666667,0.0812174479166666,0.01708984375,0.236328125,0.3349786113853241,0.2538491147036181,0.1702228544333807,0.0771484375,2.0,3.0,1.0,30125.0,56137.49999999999,59000.0,59000.0,230.0,0.7817258883248731,60.0,0.0835978835978836,0.0698875999951269,0.0410571999964304,0.1378046000027097,0.0022967433333784,,3.0
test_001_1003,offline_spectral,500.0,offline_spectral,1,False,False,0.2273745905878297,0.1063609722461644,0.0329253576969488,0.0880882606447164,0.3178385493755837,0.1622891308989963,0.0992105263157894,0.0963626960868815,2.0,2.0,0.0,28750.0,56324.99999999999,59000.0,59000.0,215.0,0.912087912087912,60.0,0.1066386875238458,0.0708009000227321,0.0301135999907273,0.1234311000152956,0.0020571850002549,,2.0
test_001_1004,offline_spectral,500.0,offline_spectral,1,False,False,0.248557944415312,0.0499912602691837,0.0288411116937598,0.1697255724523684,0.4821900049548532,0.2239493379389752,0.1687608318890814,0.0445726271630833,4.0,3.0,-1.0,29375.0,56212.5,59250.0,59250.0,224.0,0.8125,60.0,0.0466520307354555,0.0625066000211518,0.0365157999913208,0.1236426000250503,0.0020607100004175,,3.0
test_001_1005,offline_spectral,500.0,offline_spectral,1,False,False,0.1491002570694087,0.0363324764353042,0.0260497000856898,0.0867180805484147,0.2415075135095121,0.1238287708984016,0.032,0.0335904027420736,2.0,2.0,0.0,30250.0,56625.0,59500.0,59500.0,231.0,0.9252336448598132,60.0,0.0347579358042206,0.056023000011919,0.0372580999974161,0.1153950000298209,0.001923250000497,,2.0
test_001_1006,offline_spectral,500.0,offline_spectral,1,False,False,0.4094098883572568,0.1097288676236044,0.0267942583732057,0.2728867623604465,1.54737714459689,0.3186433793663688,0.3061733999092147,0.1076555023923445,5.0,5.0,0.0,29625.0,56387.49999999999,59250.0,59250.0,230.0,0.7305699481865285,60.0,0.1199285075960679,0.0579392999934498,0.0447562000190373,0.1266809999942779,0.0021113499999046,,5.0
test_001_1007,offline_spectral,500.0,offline_spectral,1,False,False,0.4352574102964118,0.0598023920956838,0.0261743803085456,0.3492806378921823,0.8240030648168319,0.4218901610712206,0.3610149942329873,0.0533888022187554,5.0,3.0,-2.0,29750.0,55974.99999999999,58750.0,58750.0,223.0,0.6089108910891089,60.0,0.0563999267533418,0.0613306000013835,0.0351527000020723,0.1208525999973062,0.0020142099999551,,3.0
test_001_1008,offline_spectral,500.0,offline_spectral,1,False,False,0.2469849661324963,0.0847513629605154,0.0264331736329093,0.1358004295390715,0.4446228796305808,0.1879062438447902,0.1319661168078466,0.0806211795803733,5.0,4.0,-1.0,30375.0,56662.49999999999,59500.0,59500.0,228.0,0.8507462686567164,60.0,0.0876909254267744,0.0601207999861799,0.0376419000094756,0.121151400002418,0.0020191900000403,,4.0
test_001_1009,offline_spectral,500.0,offline_spectral,1,False,False,0.5022881489663878,0.0875808742307085,0.0146757140602808,0.4000315606753984,0.4964799807415206,0.4710822676083222,0.4374282433983926,0.0866340539687549,3.0,5.0,2.0,30250.0,56574.99999999999,59500.0,59500.0,235.0,0.5467980295566502,60.0,0.094851416724257,0.0628656999906525,0.0546938000188674,0.1477616000047419,0.0024626933334123,,5.0
test_001_1010,offline_spectral,500.0,offline_spectral,1,False,False,0.3014306857424765,0.0935701364907087,0.0226936359151455,0.1851669133366222,0.7051086605657849,0.253134328358209,0.1755565862708719,0.0868278243709916,5.0,3.0,-2.0,29125.0,56187.5,59000.0,59000.0,226.0,0.7823834196891192,60.0,0.095083738519719,0.1801278000057209,0.0340180000057444,0.2391600999981165,0.0039860016666352,,3.0
test_001_1011,offline_spectral,500.0,offline_spectral,1,False,False,0.3775543836519446,0.0980553724456163,0.025049439683586,0.2544495715227423,0.3791023907150184,0.2569360675512666,0.2444690265486725,0.0901450230718523,2.0,3.0,1.0,29750.0,55949.99999999999,59250.0,59250.0,225.0,0.7989690721649485,60.0,0.0990762543017569,0.0727627000014763,0.0350781000161077,0.1311341000255197,0.0021855683337586,,3.0
test_001_1012,offline_spectral,500.0,offline_spectral,1,False,False,0.305148795465281,0.1143127066603684,0.0236183278223901,0.1672177609825224,0.6819248578782965,0.2275974688711982,0.1537888198757764,0.1143127066603684,5.0,4.0,-1.0,29500.0,56125.0,59000.0,59000.0,231.0,0.8138297872340425,60.0,0.1290666666666666,0.0538305999943986,0.0375869999988935,0.1129538999812211,0.001882564999687,,4.0
test_001_1013,offline_spectral,500.0,offline_spectral,1,False,False,0.1291020555355211,0.0358817165524702,0.0320952037504507,0.0611251352326,0.1967694458365204,0.1092325227963525,0.0339095744680851,0.0254237288135593,2.0,2.0,0.0,29750.0,56250.0,59000.0,59000.0,221.0,0.9386792452830188,60.0,0.0260869565217391,0.1025560999987647,0.0351239000156056,0.1610699000302702,0.0026844983338378,,2.0
test_001_1014,offline_spectral,500.0,offline_spectral,1,False,False,0.1470789203963102,0.0702084045097369,0.0310898530919029,0.0457806627946703,0.1973436336096918,0.0982108129132633,0.0443708609271523,0.0608131192347113,2.0,2.0,0.0,29500.0,55699.99999999999,59000.0,59000.0,225.0,0.9468599033816424,60.0,0.064750818479447,0.0543132000020705,0.0293280000041704,0.1068661000172142,0.0017811016669535,,2.0
test_001_1015,offline_spectral,500.0,offline_spectral,1,False,False,0.1648936170212765,0.0779587765957446,0.0254321808510638,0.061502659574468,0.2404586363176716,0.1074766355140186,0.0693069306930693,0.0731382978723404,2.0,2.0,0.0,29375.0,55912.49999999999,58750.0,58750.0,228.0,0.9306930693069309,60.0,0.078909612625538,0.0554073000093922,0.0319220999954268,0.1118205000238958,0.0018636750003982,,2.0
test_001_1016,offline_spectral,500.0,offline_spectral,1,False,False,0.3160285528877352,0.1132381570408825,0.0176833225178455,0.1851070733290071,0.6921547502252303,0.1961108812577575,0.2142554991539763,0.1078844905905256,3.0,3.0,0.0,30000.0,56224.99999999999,59000.0,59000.0,223.0,0.8412698412698413,60.0,0.1209310783778868,0.0650007000076584,0.0338238999829627,0.1224463999678846,0.002040773332798,,3.0
test_001_1017,offline_spectral,500.0,offline_spectral,1,False,False,0.2958569996658871,0.0751754092883394,0.0190444370197126,0.2016371533578349,0.685127561982321,0.2158385093167701,0.1635371179039301,0.0696625459405279,5.0,3.0,-2.0,29875.0,56187.5,59000.0,59000.0,226.0,0.8267326732673267,60.0,0.0748787933201652,0.05684299999848,0.0337731000036001,0.1149412000086158,0.0019156866668102,,3.0
test_001_1018,offline_spectral,500.0,offline_spectral,1,False,False,0.2625610332335801,0.1015908017010552,0.015120491415971,0.1458497401165538,0.5488799772335471,0.1700254353355507,0.069921782412894,0.0974956686092298,5.0,4.0,-1.0,29125.0,56362.5,59250.0,59250.0,232.0,0.8848167539267016,60.0,0.1080279232111692,0.0638703000149689,0.036112800007686,0.1218532000493723,0.0020308866674895,,4.0
test_001_1019,offline_spectral,500.0,offline_spectral,1,False,False,0.2316116377901275,0.1015037593984962,0.0127492644655116,0.1173586139261196,0.3480477348575976,0.1674017642341619,0.1258139534883721,0.092350441320693,5.0,5.0,0.0,30250.0,56224.99999999999,59000.0,59000.0,223.0,0.875,60.0,0.1017468035296236,0.0612926000030711,0.0386553999851457,0.1240818999940529,0.0020680316665675,,5.0
test_001_1020,offline_spectral,500.0,offline_spectral,1,False,False,0.2751423149905123,0.0886665516646541,0.0331205796101431,0.153355183715715,0.5925455811386234,0.2237358101135191,0.1289829212337497,0.0821114369501466,5.0,4.0,-1.0,28000.0,55275.0,58750.0,58750.0,219.0,0.8167539267015707,60.0,0.0894568690095846,0.0757546999957412,0.0340890999941621,0.1323565999919083,0.0022059433331984,,4.0
test_001_1021,offline_spectral,500.0,offline_spectral,1,False,False,0.3573662808883328,0.1207381920550516,0.0200187675946199,0.2166093212386612,0.6458634266772048,0.2669784465229768,0.2612896450325562,0.1154207069127306,4.0,3.0,-1.0,29875.0,55887.49999999999,59250.0,59250.0,230.0,0.7789473684210526,60.0,0.1304809052333805,0.0652568000077735,0.0353046000236645,0.1237615000281948,0.0020626916671365,,3.0
test_001_1022,offline_spectral,500.0,offline_spectral,1,False,False,0.1418908290073934,0.1000471920717319,0.0124272455560799,0.0294163913795815,0.1677187790560935,0.0582185134872889,0.0580329871716554,0.0946987572754444,2.0,2.0,0.0,29625.0,56612.5,59500.0,59500.0,232.0,0.979591836734694,60.0,0.1046046915725456,0.0551555000129155,0.0342435000056866,0.1135354000143706,0.0018922566669061,,2.0
test_001_1023,offline_spectral,500.0,offline_spectral,1,False,False,0.6155640726545576,0.071154807532078,0.0168305282452924,0.5275787368771871,0.600187396747319,0.5650258571154951,0.5121107266435986,0.0649891684719213,2.0,5.0,3.0,30000.0,56425.0,59250.0,59250.0,227.0,0.4623115577889447,60.0,0.0695063268579575,0.058413200022187,0.0529164000181481,0.1367865000502206,0.002279775000837,,5.0
test_001_1000,online,500.0,online_oracle_count,1,True,False,0.0950543668888109,0.0445457734128376,0.0310417397404419,0.0194668537355313,0.115954903185509,0.0573236196319018,0.0229073003639477,0.0426166257453525,2.0,2.0,0.0,500.0,500.0,500.0,500.0,225.0,0.976525821596244,60.0,0.0445136471881296,0.0608878000057302,0.0563716999895405,0.1393006999860517,0.0023216783331008,2.897777777777778,
test_001_1001,online,500.0,online_oracle_count,1,True,False,0.2252396166134185,0.0532481363152289,0.0383386581469648,0.1336528221512247,0.5168646847877282,0.194021101992966,0.1328474018339995,0.0457933972310969,4.0,4.0,0.0,500.0,500.0,500.0,500.0,222.0,0.8480392156862745,60.0,0.0479910714285714,0.0552083000075072,0.054784899984952,0.1332932999939657,0.0022215549998994,2.833333333333333,
test_001_1002,online,500.0,online_oracle_count,1,True,False,0.1355794270833333,0.0812174479166666,0.01708984375,0.0372721354166666,0.1728575220999788,0.0690916089299461,0.0187292555713608,0.0771484375,2.0,2.0,0.0,500.0,500.0,500.0,500.0,230.0,0.9695431472081218,60.0,0.0835978835978836,0.0682296000013593,0.0638801000022795,0.1580179999873507,0.0026336333331225,2.8521739130434782,
test_001_1003,online,500.0,online_oracle_count,1,True,False,0.5214618169281159,0.1063609722461644,0.0329253576969488,0.3821754869850026,0.913561634253804,0.5265855221012171,0.4676315789473684,0.0963626960868815,2.0,2.0,0.0,500.0,500.0,500.0,500.0,215.0,0.5274725274725275,60.0,0.1066386875238458,0.0670903999998699,0.0569979000138118,0.1467992000107187,0.0024466533335119,2.823255813953488,
test_001_1004,online,500.0,online_oracle_count,1,True,False,0.2747771368641846,0.0499912602691837,0.0288411116937598,0.195944764901241,0.5965549061148667,0.2128190366532335,0.2058058925476603,0.0445726271630833,4.0,4.0,0.0,500.0,500.0,500.0,500.0,224.0,0.8269230769230769,60.0,0.0466520307354555,0.0649384999996982,0.0598631000029854,0.1504225999815389,0.0025070433330256,2.821428571428572,
test_001_1005,online,500.0,online_oracle_count,1,True,False,0.1076263924592973,0.0363324764353042,0.0260497000856898,0.0452442159383033,0.1509401139980753,0.0793679955906669,0.0044444444444444,0.0335904027420736,2.0,2.0,0.0,500.0,500.0,500.0,500.0,231.0,0.9626168224299064,60.0,0.0347579358042206,0.0598020000034011,0.0662014999834355,0.1488146999618038,0.0024802449993633,2.9177489177489178,
test_001_1006,online,500.0,online_oracle_count,1,True,False,0.4465709728867623,0.1097288676236044,0.0267942583732057,0.3100478468899521,1.0398420309583911,0.3939886271324126,0.3710848842487517,0.1076555023923445,5.0,5.0,0.0,500.0,500.0,500.0,500.0,230.0,0.6424870466321243,60.0,0.1199285075960679,0.0624205000058282,0.0630361999792512,0.1487099999794736,0.0024784999996578,2.891304347826087,
test_001_1007,online,500.0,online_oracle_count,1,True,False,0.4193101057375628,0.0598023920956838,0.0261743803085456,0.3333333333333333,0.7878867776109855,0.4001552493692994,0.3480968858131488,0.0533888022187554,5.0,5.0,0.0,500.0,500.0,500.0,500.0,223.0,0.6336633663366337,60.0,0.0563999267533418,0.0600129999802447,0.0647298000112641,0.1474003999901469,0.0024566733331691,2.878923766816144,
test_001_1008,online,500.0,online_oracle_count,1,True,False,0.2727573104245828,0.0847513629605154,0.0264331736329093,0.1615727738311581,0.4880583786610929,0.178451841638763,0.1395452518947837,0.0806211795803733,5.0,5.0,0.0,500.0,500.0,500.0,500.0,228.0,0.8706467661691543,60.0,0.0876909254267744,0.0664410000026691,0.1105954000086058,0.199720000004163,0.003328666666736,2.837719298245614,
test_001_1009,online,500.0,online_oracle_count,1,True,False,0.3919835884487928,0.0875808742307085,0.0146757140602808,0.2897270001578034,0.5928530090949073,0.3598014888337469,0.3633754305396096,0.0866340539687549,3.0,3.0,0.0,500.0,500.0,500.0,500.0,235.0,0.6600985221674877,60.0,0.094851416724257,0.2400232999934815,0.1359133000078145,0.3957737000018824,0.0065962283333647,2.9574468085106385,
test_001_1010,online,500.0,online_oracle_count,1,True,False,0.4971221838513402,0.0935701364907087,0.0226936359151455,0.3808584114454859,0.8337223553250214,0.4463681592039801,0.4035250463821892,0.0868278243709916,5.0,3.0,-2.0,500.0,500.0,500.0,500.0,226.0,0.6010362694300518,60.0,0.095083738519719,0.3004882999812253,0.0643912000232376,0.3872274000023026,0.0064537900000383,2.871681415929204,
test_001_1011,online,500.0,online_oracle_count,1,True,False,0.1303559657218193,0.0980553724456163,0.025049439683586,0.007251153592617,0.1412314055651842,0.0490550864495375,0.0597345132743362,0.0901450230718523,2.0,2.0,0.0,500.0,500.0,500.0,500.0,225.0,0.9948453608247424,60.0,0.0990762543017569,0.1207871000224258,0.0669625999871641,0.2070331000140868,0.0034505516669014,2.88,
test_001_1012,online,500.0,online_oracle_count,1,True,False,0.2979058415997481,0.1143127066603684,0.0236183278223901,0.1599748071169894,0.5905661467106711,0.2108593590528679,0.1654658385093167,0.1143127066603684,5.0,5.0,0.0,500.0,500.0,500.0,500.0,231.0,0.824468085106383,60.0,0.1290666666666666,0.1136999000154901,0.0652458000113256,0.202304600039497,0.0033717433339916,2.9047619047619047,
test_001_1013,online,500.0,online_oracle_count,1,True,False,0.0887125856473133,0.0358817165524702,0.0320952037504507,0.0207356653443923,0.1148944952918523,0.0666793313069908,0.0179521276595744,0.0254237288135593,2.0,2.0,0.0,500.0,500.0,500.0,500.0,221.0,0.9764150943396226,60.0,0.0260869565217391,0.1128995000035502,0.0684049999981653,0.2003665999800432,0.0033394433330007,2.8642533936651584,
test_001_1014,online,500.0,online_oracle_count,1,True,False,0.1175264776221387,0.0702084045097369,0.0310898530919029,0.0162282200204988,0.1324406339880318,0.0645663166083236,0.0306843267108167,0.0608131192347113,2.0,2.0,0.0,500.0,500.0,500.0,500.0,225.0,0.9806763285024156,60.0,0.064750818479447,0.141403799992986,0.0697037999925669,0.2311250999919138,0.0038520849998652,2.848888888888889,
test_001_1015,online,500.0,online_oracle_count,1,True,False,0.1336436170212765,0.0779587765957446,0.0254321808510638,0.030252659574468,0.1718268231919764,0.0708722741433021,0.0554034126816937,0.0731382978723404,2.0,2.0,0.0,500.0,500.0,500.0,500.0,228.0,0.9702970297029704,60.0,0.078909612625538,0.132089899998391,0.1710995000030379,0.3244278999918606,0.005407131666531,2.921052631578948,
test_001_1016,online,500.0,online_oracle_count,1,True,False,0.3596690460739779,0.1132381570408825,0.0176833225178455,0.2287475665152498,0.8456248192330335,0.2434836574265618,0.2603637901861252,0.1078844905905256,3.0,3.0,0.0,500.0,500.0,500.0,500.0,223.0,0.783068783068783,60.0,0.1209310783778868,0.5474019999965094,0.0839964000042527,0.6537951000209432,0.010896585000349,2.8295964125560538,
test_001_1017,online,500.0,online_oracle_count,1,True,False,0.5125292348813899,0.0751754092883394,0.0190444370197126,0.4183093885733377,0.8691959327065474,0.4557453416149068,0.4266375545851528,0.0696625459405279,5.0,5.0,0.0,500.0,500.0,500.0,500.0,226.0,0.5693069306930693,60.0,0.0748787933201652,0.1638500999833922,0.0681980999943334,0.256709499983117,0.0042784916663852,2.902654867256637,
test_001_1018,online,500.0,online_oracle_count,1,True,False,0.3816349031343519,0.1015908017010552,0.015120491415971,0.2649236100173255,0.6891530506807813,0.3103110937194286,0.2436596349845935,0.0974956686092298,5.0,4.0,-1.0,500.0,500.0,500.0,500.0,232.0,0.7277486910994765,60.0,0.1080279232111692,0.1441502000088803,0.0823729000112507,0.2491772000212222,0.004152953333687,2.875,
test_001_1019,online,500.0,online_oracle_count,1,True,False,0.4481856815952926,0.1015037593984962,0.0127492644655116,0.3339326577312847,0.8229379041669784,0.4073777064955894,0.3613953488372093,0.092350441320693,5.0,5.0,0.0,500.0,500.0,500.0,500.0,223.0,0.6145833333333334,60.0,0.1017468035296236,0.2431797999888658,0.0620226000028196,0.3282253999786917,0.0054704233329781,2.874439461883408,
test_001_1020,online,500.0,online_oracle_count,1,True,False,0.2499568742452993,0.0886665516646541,0.0331205796101431,0.128169742970502,0.5060619392968819,0.1865841073271414,0.1376497578383889,0.0821114369501466,5.0,4.0,-1.0,500.0,500.0,500.0,500.0,219.0,0.8638743455497382,60.0,0.0894568690095846,0.0619504999776836,0.0588622999785002,0.1465673999628052,0.00244278999938,2.863013698630137,
test_001_1021,online,500.0,online_oracle_count,1,True,False,0.3547075383171723,0.1207381920550516,0.0200187675946199,0.2139505786675007,0.6397208005142695,0.233428222854819,0.2856542743121193,0.1154207069127306,4.0,3.0,-1.0,500.0,500.0,500.0,500.0,230.0,0.8052631578947368,60.0,0.1304809052333805,0.0789298000163398,0.0684972999733872,0.1691052999813109,0.0028184216663551,2.930434782608696,
test_001_1022,online,500.0,online_oracle_count,1,True,False,0.1231713072203869,0.1000471920717319,0.0124272455560799,0.0106968695925751,0.132234243752521,0.0351251698039976,0.0535532478110364,0.0946987572754444,2.0,2.0,0.0,500.0,500.0,500.0,500.0,232.0,0.9948979591836736,60.0,0.1046046915725456,0.0578456000075675,0.0691255000128876,0.1502993000030983,0.0025049883333849,2.939655172413793,
test_001_1023,online,500.0,online_oracle_count,1,True,False,0.1154807532077987,0.071154807532078,0.0168305282452924,0.0274954174304282,0.1414614434360339,0.0580348592223711,0.0115340253748558,0.0649891684719213,2.0,2.0,0.0,500.0,500.0,500.0,500.0,227.0,0.9748743718592964,60.0,0.0695063268579575,0.1006902000226546,0.0666219999839086,0.1974211000197101,0.0032903516669951,2.9030837004405288,
test_001_1000,offline_ahc,500.0,offline_ahc_oracle_count,1,True,False,0.1511750263065591,0.0445457734128376,0.0310417397404419,0.0755875131532795,0.2329930043722673,0.1186733128834355,0.0734318133162063,0.0426166257453525,2.0,2.0,0.0,29000.0,56449.99999999999,59250.0,59250.0,225.0,0.9154929577464788,60.0,0.0445136471881296,0.0852743000141345,0.037573199981125,0.1475581999693531,0.0024593033328225,,2.0
test_001_1001,offline_ahc,500.0,offline_ahc_oracle_count,1,True,False,0.283635072772453,0.0532481363152289,0.0383386581469648,0.1920482783102591,0.6723010486336183,0.2602579132473622,0.1671761109804843,0.0457933972310969,4.0,4.0,0.0,27875.0,55237.5,59000.0,59000.0,222.0,0.7892156862745098,60.0,0.0479910714285714,0.0628377999819349,0.0323949999874457,0.1204289999732282,0.0020071499995538,,4.0
test_001_1002,offline_ahc,500.0,offline_ahc_oracle_count,1,True,False,0.1785481770833333,0.0812174479166666,0.01708984375,0.0802408854166666,0.2589518227614283,0.1198999230177059,0.052868658131816,0.0771484375,2.0,2.0,0.0,30125.0,56137.49999999999,59000.0,59000.0,230.0,0.9289340101522844,60.0,0.0835978835978836,0.0634456000116188,0.0453776000067591,0.1342224000254646,0.0022370400004244,,2.0
test_001_1003,offline_ahc,500.0,offline_ahc_oracle_count,1,True,False,0.5042234097569385,0.1063609722461644,0.0329253576969488,0.3649370798138252,0.8771049222797928,0.5052316890881914,0.4476315789473684,0.0963626960868815,2.0,1.0,-1.0,28750.0,56324.99999999999,59000.0,59000.0,215.0,0.5384615384615384,60.0,0.1066386875238458,0.1030318999837618,0.0310913000139407,0.1554102000081911,0.0025901700001365,,1.0
test_001_1004,offline_ahc,500.0,offline_ahc_oracle_count,1,True,False,0.3018703023946862,0.0499912602691837,0.0288411116937598,0.2230379304317427,0.6588031996673955,0.2464018422567645,0.2175043327556325,0.0445726271630833,4.0,4.0,0.0,29375.0,56212.5,59250.0,59250.0,224.0,0.7932692307692307,60.0,0.0466520307354555,0.064295399992261,0.030995500012068,0.1163936000084504,0.0019398933334741,,4.0
test_001_1005,offline_ahc,500.0,offline_ahc_oracle_count,1,True,False,0.1581833761782348,0.0363324764353042,0.0260497000856898,0.0958011996572408,0.2603486564512547,0.1335660481352195,0.0473333333333333,0.0335904027420736,2.0,2.0,0.0,30250.0,56625.0,59500.0,59500.0,231.0,0.911214953271028,60.0,0.0347579358042206,0.0557803999981842,0.0369944999983999,0.1175300999893806,0.001958834999823,,2.0
test_001_1006,offline_ahc,500.0,offline_ahc_oracle_count,1,True,False,0.396969696969697,0.1097288676236044,0.0267942583732057,0.2604465709728867,0.7391210079632519,0.3153939886271324,0.283250113481616,0.1076555023923445,5.0,3.0,-2.0,29625.0,56387.49999999999,59250.0,59250.0,230.0,0.7357512953367875,60.0,0.1199285075960679,0.0558749999909196,0.035690099990461,0.1177484999643638,0.001962474999406,,3.0
test_001_1007,offline_ahc,500.0,offline_ahc_oracle_count,1,True,False,0.3203328133125325,0.0598023920956838,0.0261743803085456,0.234356040908303,0.5455358666363885,0.2907044440131962,0.2281430219146482,0.0533888022187554,5.0,4.0,-1.0,29750.0,55974.99999999999,58750.0,58750.0,223.0,0.7475247524752475,60.0,0.0563999267533418,0.072780699993018,0.0332043999806046,0.1294637999963015,0.0021577299999383,,4.0
test_001_1008,offline_ahc,500.0,offline_ahc_oracle_count,1,True,False,0.2489674541549645,0.0847513629605154,0.0264331736329093,0.1377829175615397,0.4352112796027848,0.1819972424660232,0.1185911725367811,0.0806211795803733,5.0,5.0,0.0,30375.0,56662.49999999999,59500.0,59500.0,228.0,0.8656716417910447,60.0,0.0876909254267744,0.0670686999801546,0.0377608999842777,0.1287689999735448,0.002146149999559,,5.0
test_001_1009,offline_ahc,500.0,offline_ahc_oracle_count,1,True,False,0.2599021619062648,0.0875808742307085,0.0146757140602808,0.1576455736152753,0.5479467219095825,0.1464019851116625,0.1875239188672024,0.0866340539687549,3.0,2.0,-1.0,30250.0,56574.99999999999,59500.0,59500.0,235.0,0.8916256157635468,60.0,0.094851416724257,0.0647839999874122,0.0384321000019554,0.1279144999862183,0.0021319083331036,,2.0
test_001_1010,offline_ahc,500.0,offline_ahc_oracle_count,1,True,False,0.5245847722414076,0.0935701364907087,0.0226936359151455,0.4083209998355533,0.8778461744040158,0.4786069651741294,0.4308905380333951,0.0868278243709916,5.0,3.0,-2.0,29125.0,56187.5,59000.0,59000.0,226.0,0.5699481865284974,60.0,0.095083738519719,0.0792082999832928,0.0381292999954894,0.1407857999729458,0.002346429999549,,3.0
test_001_1011,offline_ahc,500.0,offline_ahc_oracle_count,1,True,False,0.1684245220830586,0.0980553724456163,0.025049439683586,0.0453197099538562,0.218826377266936,0.0954965822275834,0.0721238938053097,0.0901450230718523,2.0,2.0,0.0,29750.0,55949.99999999999,59250.0,59250.0,225.0,0.9484536082474226,60.0,0.0990762543017569,0.064224000001559,0.0356537000043317,0.1226236000075005,0.0020437266667916,,2.0
test_001_1012,offline_ahc,500.0,offline_ahc_oracle_count,1,True,False,0.2945992757046135,0.1143127066603684,0.0236183278223901,0.1566682412218548,0.6156071249153365,0.2153500714431516,0.1500621118012422,0.1143127066603684,5.0,5.0,0.0,29500.0,56125.0,59000.0,59000.0,231.0,0.8191489361702128,60.0,0.1290666666666666,0.068050999980187,0.0410843999998178,0.132388699974399,0.0022064783329066,,5.0
test_001_1013,offline_ahc,500.0,offline_ahc_oracle_count,1,True,False,0.1660656328885683,0.0358817165524702,0.0320952037504507,0.0980887125856473,0.2726878643209453,0.148176291793313,0.0822251773049645,0.0254237288135593,2.0,2.0,0.0,29750.0,56250.0,59000.0,59000.0,221.0,0.8962264150943396,60.0,0.0260869565217391,0.0579550999973434,0.0361640999908559,0.1189817999838851,0.0019830299997314,,2.0
test_001_1014,offline_ahc,500.0,offline_ahc_oracle_count,1,True,False,0.1487871540826785,0.0702084045097369,0.0310898530919029,0.0474888964810386,0.1979279839923698,0.1001555814858031,0.0408388520971302,0.0608131192347113,2.0,2.0,0.0,29500.0,55699.99999999999,59000.0,59000.0,225.0,0.9420289855072465,60.0,0.064750818479447,0.0762350999866612,0.0392835999955423,0.1383565999858547,0.0023059433330975,,2.0
test_001_1015,offline_ahc,500.0,offline_ahc_oracle_count,1,True,False,0.1622340425531915,0.0779587765957446,0.0254321808510638,0.0588430851063829,0.2287794519162706,0.1043613707165109,0.0693069306930693,0.0731382978723404,2.0,2.0,0.0,29375.0,55912.49999999999,58750.0,58750.0,228.0,0.9356435643564356,60.0,0.078909612625538,0.0566693999862764,0.0390092000016011,0.1170793999917805,0.0019513233331963,,2.0
test_001_1016,offline_ahc,500.0,offline_ahc_oracle_count,1,True,False,0.3643737832576249,0.1132381570408825,0.0176833225178455,0.2334523036988968,0.8614458520975501,0.2618949110467521,0.2677664974619289,0.1078844905905256,3.0,3.0,0.0,30000.0,56224.99999999999,59000.0,59000.0,223.0,0.7671957671957672,60.0,0.1209310783778868,0.0626842000056058,0.0356815999839454,0.128883900004439,0.0021480650000739,,3.0
test_001_1017,offline_ahc,500.0,offline_ahc_oracle_count,1,True,False,0.5126962913464751,0.0751754092883394,0.0190444370197126,0.4184764450384229,0.8504149201949446,0.467973602484472,0.4275109170305677,0.0696625459405279,5.0,4.0,-1.0,29875.0,56187.5,59000.0,59000.0,226.0,0.5594059405940595,60.0,0.0748787933201652,0.0682742999924812,0.0412639999995008,0.1332711999712046,0.0022211866661867,,4.0
test_001_1018,offline_ahc,500.0,offline_ahc_oracle_count,1,True,False,0.4285714285714285,0.1015908017010552,0.015120491415971,0.3118601354544023,0.768670444475673,0.3727254940324789,0.2981749229675278,0.0974956686092298,5.0,4.0,-1.0,29125.0,56362.5,59250.0,59250.0,232.0,0.675392670157068,60.0,0.1080279232111692,0.2814431000151671,0.0399143999966327,0.3424985000165179,0.0057083083336086,,4.0
test_001_1019,offline_ahc,500.0,offline_ahc_oracle_count,1,True,False,0.2880026152337365,0.1015037593984962,0.0127492644655116,0.1737495913697286,0.4957463062079849,0.2285485164394547,0.1890697674418604,0.092350441320693,5.0,5.0,0.0,30250.0,56224.99999999999,59000.0,59000.0,223.0,0.8072916666666666,60.0,0.1017468035296236,0.1737457000126596,0.0686841999995522,0.2696595000161323,0.0044943250002688,,5.0
test_001_1020,offline_ahc,500.0,offline_ahc_oracle_count,1,True,False,0.4993962394341901,0.0886665516646541,0.0331205796101431,0.3776091081593928,0.9058366808872832,0.4592363261093911,0.3775172062197298,0.0821114369501466,5.0,2.0,-3.0,28000.0,55275.0,58750.0,58750.0,219.0,0.581151832460733,60.0,0.0894568690095846,0.0682416000054217,0.0330753999878652,0.1260342999885324,0.0021005716664755,,2.0
test_001_1021,offline_ahc,500.0,offline_ahc_oracle_count,1,True,False,0.4912417891773538,0.1207381920550516,0.0200187675946199,0.3504848295276822,0.8456569594308877,0.4721431476209841,0.4345725687880697,0.1154207069127306,4.0,2.0,-2.0,29875.0,55887.49999999999,59250.0,59250.0,230.0,0.5631578947368421,60.0,0.1304809052333805,0.0610512999992352,0.0390456999884918,0.1238616000046022,0.0020643600000767,,2.0
test_001_1022,offline_ahc,500.0,offline_ahc_oracle_count,1,True,False,0.1400031461381154,0.1000471920717319,0.0124272455560799,0.0275287085103036,0.1645127837672173,0.0558897729477974,0.0580329871716554,0.0946987572754444,2.0,2.0,0.0,29625.0,56612.5,59500.0,59500.0,232.0,0.979591836734694,60.0,0.1046046915725456,0.0908238000120036,0.0365143999806605,0.1518337999877985,0.0025305633331299,,2.0
test_001_1023,offline_ahc,500.0,offline_ahc_oracle_count,1,True,False,0.1361439760039993,0.071154807532078,0.0168305282452924,0.0481586402266288,0.1843652172079802,0.0817850986401072,0.0166089965397923,0.0649891684719213,2.0,2.0,0.0,30000.0,56425.0,59250.0,59250.0,227.0,0.964824120603015,60.0,0.0695063268579575,0.0620728000067174,0.0401049999927636,0.126930899976287,0.0021155149996047,,2.0
test_001_1000,online,500.0,online_oracle_vad,1,False,True,0.0880392844615924,0.0585759382672746,0.0099964924587863,0.0194668537355313,0.109314178638351,0.0496549079754601,0.0229073003639477,0.0426166257453525,2.0,2.0,0.0,500.0,500.0,500.0,500.0,217.0,0.975609756097561,60.0,0.0445136471881296,0.0685337000177241,0.0594070999941322,0.1351185000094119,0.0022519750001568,2.8525345622119818,
test_001_1001,online,500.0,online_oracle_vad,1,False,True,0.2115725949591764,0.0576854810081647,0.0205892793752218,0.1332978345757898,0.4978890859102468,0.1789761625635013,0.1328474018339995,0.0457933972310969,4.0,4.0,0.0,500.0,500.0,500.0,500.0,217.0,0.8542713567839196,60.0,0.0479910714285714,0.0641833000117912,0.0660906999837607,0.1382120999915059,0.0023035349998584,2.80184331797235,
test_001_1002,online,500.0,online_oracle_vad,1,False,True,0.2550455729166667,0.0828450520833333,0.0105794270833333,0.16162109375,0.2579997869881556,0.144919168591224,0.0599810336652441,0.0771484375,2.0,3.0,1.0,500.0,500.0,500.0,500.0,228.0,0.9076923076923076,60.0,0.0835978835978836,0.3287020999996457,0.0711694000056013,0.4086213999835308,0.0068103566663921,2.837719298245614,
test_001_1003,online,500.0,online_oracle_vad,1,False,True,0.5011204964661266,0.1117048784692294,0.016721254956042,0.372694363040855,0.8842966555196721,0.5013879991458466,0.4578947368421052,0.0963626960868815,2.0,2.0,0.0,500.0,500.0,500.0,500.0,210.0,0.5310734463276836,60.0,0.1066386875238458,0.0595734999806154,0.0625762999989092,0.1317648999975063,0.0021960816666251,2.8142857142857145,
test_001_1004,online,500.0,online_oracle_vad,1,False,True,0.2742527530152071,0.0499912602691837,0.0157315154693235,0.2085299772766999,0.4958092552824215,0.2122433314143158,0.2151213171577123,0.0445726271630833,4.0,5.0,1.0,500.0,500.0,500.0,500.0,221.0,0.8203883495145631,60.0,0.0466520307354555,0.0602137999958358,0.0626022999931592,0.1286841999972239,0.0021447366666203,2.809954751131221,
test_001_1005,online,500.0,online_oracle_vad,1,False,True,0.0922022279348757,0.0413024850042844,0.0095972579263067,0.0413024850042844,0.132372862536087,0.0628329965092779,0.0066666666666666,0.0335904027420736,2.0,2.0,0.0,500.0,500.0,500.0,500.0,226.0,0.9665071770334928,60.0,0.0347579358042206,0.0627983000013046,0.071819000004325,0.1414370000129565,0.0023572833335492,2.8893805309734515,
test_001_1006,online,500.0,online_oracle_vad,1,False,True,0.3405103668261563,0.1130781499202551,0.014194577352472,0.213237639553429,0.6746714462260076,0.2721364744110479,0.2487517022242396,0.1076555023923445,5.0,6.0,1.0,500.0,500.0,500.0,500.0,226.0,0.7513227513227513,60.0,0.1199285075960679,0.0816457000037189,0.0675697000115178,0.1555355000309646,0.0025922583338494,2.8628318584070795,
test_001_1007,online,500.0,online_oracle_vad,1,False,True,0.3102790778297798,0.0656959611717802,0.0147339226902409,0.2298491939677587,0.5248038943347385,0.2780904327576169,0.2283737024221453,0.0533888022187554,5.0,6.0,1.0,500.0,500.0,500.0,500.0,219.0,0.7487437185929648,60.0,0.0563999267533418,0.0633253999985754,0.068762599985348,0.1392818999884184,0.0023213649998069,2.863013698630137,
test_001_1008,online,500.0,online_oracle_vad,1,False,True,0.3024946307616058,0.0910292416983314,0.0120601354700148,0.1994052535932595,0.4248509055159503,0.1949970454993106,0.1613909942041908,0.0806211795803733,5.0,10.0,5.0,500.0,500.0,500.0,500.0,223.0,0.826530612244898,60.0,0.0876909254267744,0.074734099995112,0.0589417000010144,0.1434291999903507,0.0023904866665058,2.811659192825112,
test_001_1009,online,500.0,online_oracle_vad,1,False,True,0.3913523749408237,0.0913681552785229,0.0066277418336752,0.2933564778286255,0.5910770746409885,0.359037984348158,0.3649062380405664,0.0866340539687549,3.0,3.0,0.0,500.0,500.0,500.0,500.0,232.0,0.6517412935323383,60.0,0.094851416724257,0.0772294000198599,0.0625324999855365,0.1463541000266559,0.0024392350004442,2.939655172413793,
test_001_1010,online,500.0,online_oracle_vad,1,False,True,0.4958066107548101,0.0976813024173655,0.0103601381351751,0.3877651702022693,0.8274584308084872,0.444776119402985,0.411873840445269,0.0868278243709916,5.0,3.0,-2.0,500.0,500.0,500.0,500.0,222.0,0.5873015873015873,60.0,0.095083738519719,0.0576990999979898,0.0699989999993704,0.1341651999973692,0.0022360866666228,2.8423423423423424,
test_001_1011,online,500.0,online_oracle_vad,1,False,True,0.1166776532630191,0.1043177323665128,0.00659195781147,0.0057679630850362,0.1249512360791766,0.032368315239244,0.0597345132743362,0.0901450230718523,2.0,2.0,0.0,500.0,500.0,500.0,500.0,219.0,1.0,60.0,0.0990762543017569,0.0889476999873295,0.0619989999977406,0.1597099999780766,0.0026618333329679,2.8447488584474887,
test_001_1012,online,500.0,online_oracle_vad,1,False,True,0.2750747913714376,0.117619272555503,0.0151157298063297,0.1423397890096047,0.4312762477339303,0.1475811390079608,0.1147826086956521,0.1143127066603684,5.0,8.0,3.0,500.0,500.0,500.0,500.0,228.0,0.8817204301075269,60.0,0.1290666666666666,0.0736946999968495,0.0941418999864254,0.1782572999945841,0.0029709549999097,2.8771929824561404,
test_001_1013,online,500.0,online_oracle_vad,1,False,True,0.0787955283086909,0.0387666786873422,0.0169491525423728,0.0230796970789758,0.1067403001608946,0.0562310030395136,0.0179521276595744,0.0254237288135593,2.0,2.0,0.0,500.0,500.0,500.0,500.0,217.0,0.9807692307692308,60.0,0.0260869565217391,0.1215354000160005,0.0609719999774824,0.1903534999873954,0.0031725583331232,2.834101382488479,
test_001_1014,online,500.0,online_oracle_vad,1,False,True,0.1569866757772463,0.079091219678852,0.0100785787495729,0.0678168773488213,0.1585774602847036,0.0892648774795799,0.0492273730684326,0.0608131192347113,2.0,3.0,1.0,500.0,500.0,500.0,500.0,218.0,0.94,60.0,0.064750818479447,0.0615065000019967,0.0604074999864678,0.1295145000040065,0.0021585750000667,2.8073394495412844,
test_001_1015,online,500.0,online_oracle_vad,1,False,True,0.1532579787234042,0.0841090425531914,0.0066489361702127,0.0625,0.1607323104643359,0.0841121495327102,0.0690962713292605,0.0731382978723404,2.0,3.0,1.0,500.0,500.0,500.0,500.0,222.0,0.9387755102040816,60.0,0.078909612625538,0.057846600015182,0.0589066999964416,0.1243945000169333,0.0020732416669488,2.891891891891892,
test_001_1016,online,500.0,online_oracle_vad,1,False,True,0.377190136275146,0.1142115509409474,0.0146009085009733,0.2483776768332251,0.720373492294979,0.252172114191146,0.2624788494077834,0.1078844905905256,3.0,4.0,1.0,500.0,500.0,500.0,500.0,222.0,0.776595744680851,60.0,0.1209310783778868,0.0720153999864123,0.0598100000061094,0.1393962999864015,0.00232327166644,2.828828828828829,
test_001_1017,online,500.0,online_oracle_vad,1,False,True,0.2611092549281657,0.0786835950551286,0.0100233879051119,0.1724022719679251,0.5069202901650715,0.1731366459627329,0.1248908296943231,0.0696625459405279,5.0,6.0,1.0,500.0,500.0,500.0,500.0,223.0,0.855,60.0,0.0748787933201652,0.245098900020821,0.0618757999909576,0.3157045000116341,0.0052617416668605,2.883408071748879,
test_001_1018,online,500.0,online_oracle_vad,1,False,True,0.3731296267128681,0.1069459757442116,0.0047251535674909,0.2614584974011655,0.6730300406030392,0.2997456466444922,0.2436596349845935,0.0974956686092298,5.0,4.0,-1.0,500.0,500.0,500.0,500.0,228.0,0.7301587301587301,60.0,0.1080279232111692,0.1258147000044118,0.0678847999952267,0.2018015999929048,0.0033633599998817,2.8552631578947367,
test_001_1019,online,500.0,online_oracle_vad,1,False,True,0.3507682249101013,0.0992154298790454,0.0104609349460608,0.241091860084995,0.5547963799465243,0.2880914194065758,0.2548837209302325,0.092350441320693,5.0,7.0,2.0,500.0,500.0,500.0,500.0,223.0,0.7447916666666666,60.0,0.1017468035296236,0.109146500006318,0.0771231999970041,0.1926705999940168,0.0032111766665669,2.874439461883408,
test_001_1020,online,500.0,online_oracle_vad,1,False,True,0.2489218561324823,0.093841642228739,0.0210453682939451,0.1340348456097981,0.5043179307637239,0.1853457172342621,0.1412184552638287,0.0821114369501466,5.0,4.0,-1.0,500.0,500.0,500.0,500.0,215.0,0.8556149732620321,60.0,0.0894568690095846,0.0649981000169646,0.0642879000224638,0.1369907000625971,0.0022831783343766,2.827906976744186,
test_001_1021,online,500.0,online_oracle_vad,1,False,True,0.3548639349390053,0.1273068501720362,0.0109477635283077,0.2166093212386612,0.6416680404763436,0.2336315575437169,0.2856542743121193,0.1154207069127306,4.0,3.0,-1.0,500.0,500.0,500.0,500.0,226.0,0.8010752688172043,60.0,0.1304809052333805,0.0615812999894842,0.0701264999806881,0.1375538999564014,0.0022925649992733,2.9070796460177,
test_001_1022,online,500.0,online_oracle_vad,1,False,True,0.1204970898222431,0.1022494887525562,0.006764196948246,0.0114834041214409,0.1296815726330746,0.0318261207063846,0.0535532478110364,0.0946987572754444,2.0,2.0,0.0,500.0,500.0,500.0,500.0,230.0,0.9897435897435898,60.0,0.1046046915725456,0.0770313999964855,0.0720033000106923,0.1605804999999236,0.0026763416666653,2.9347826086956523,
test_001_1023,online,500.0,online_oracle_vad,1,False,True,0.1704715880686552,0.0721546408931844,0.0094984169305115,0.0888185302449591,0.175166112621509,0.0944263551043861,0.0288350634371395,0.0649891684719213,2.0,3.0,1.0,500.0,500.0,500.0,500.0,225.0,0.9441624365482234,60.0,0.0695063268579575,0.0588454000244382,0.0610040000174194,0.1261487000447232,0.0021024783340787,2.893333333333333,
test_001_1000,offline_ahc,500.0,offline_ahc_oracle_vad,1,False,True,0.1441599438793405,0.0585759382672746,0.0099964924587863,0.0755875131532795,0.2263522798251093,0.1110046012269938,0.0734318133162063,0.0426166257453525,2.0,2.0,0.0,29250.0,56550.0,59250.0,59250.0,217.0,0.9121951219512195,60.0,0.0445136471881296,0.342325699981302,0.0392656000040005,0.3909556999860797,0.0065159283331013,,2.0
test_001_1001,offline_ahc,500.0,offline_ahc_oracle_vad,1,False,True,0.2706780262690806,0.0576854810081647,0.0205892793752218,0.192403265885694,0.654039857466708,0.2459945291129347,0.1699976487185516,0.0457933972310969,4.0,4.0,0.0,27500.0,55050.0,59000.0,59000.0,217.0,0.7889447236180904,60.0,0.0479910714285714,0.1725352000212296,0.0528372999979183,0.2347696000360883,0.0039128266672681,,4.0
test_001_1002,offline_ahc,500.0,offline_ahc_oracle_vad,1,False,True,0.1761067708333333,0.0828450520833333,0.0105794270833333,0.0826822916666666,0.2589413311332707,0.1170130869899923,0.052868658131816,0.0771484375,2.0,2.0,0.0,30375.0,56412.49999999999,59250.0,59250.0,228.0,0.9282051282051282,60.0,0.0835978835978836,0.0577710999932605,0.0443249000236392,0.1098110000020824,0.001830183333368,,2.0
test_001_1003,offline_ahc,500.0,offline_ahc_oracle_vad,1,False,True,0.4864678503706257,0.1117048784692294,0.016721254956042,0.3580417169453542,0.8539507772020725,0.4832372410847747,0.4476315789473684,0.0963626960868815,2.0,1.0,-1.0,28875.0,56387.49999999999,59000.0,59000.0,210.0,0.5536723163841808,60.0,0.1066386875238458,0.0614622000139206,0.0324037999962456,0.1014557000016793,0.0016909283333613,,1.0
test_001_1004,offline_ahc,500.0,offline_ahc_oracle_vad,1,False,True,0.2845656353784303,0.0499912602691837,0.0157315154693235,0.2188428596399231,0.6300195377905208,0.2285549798503166,0.2099220103986135,0.0445726271630833,4.0,4.0,0.0,29250.0,56000.0,59250.0,59250.0,221.0,0.8009708737864077,60.0,0.0466520307354555,0.0614719000004697,0.0374217999924439,0.1056885999860242,0.0017614766664337,,4.0
test_001_1005,offline_ahc,500.0,offline_ahc_oracle_vad,1,False,True,0.137617823479006,0.0413024850042844,0.0095972579263067,0.0867180805484147,0.2310616996076689,0.1115193826933676,0.0306666666666666,0.0335904027420736,2.0,2.0,0.0,30125.0,56687.5,59500.0,59500.0,226.0,0.9234449760765552,60.0,0.0347579358042206,0.0787318000220693,0.0399476000166032,0.1246344000392127,0.0020772400006535,,2.0
test_001_1006,offline_ahc,500.0,offline_ahc_oracle_vad,1,False,True,0.3838915470494418,0.1130781499202551,0.014194577352472,0.2566188197767145,0.7295696864098923,0.30178716490658,0.2768951429868361,0.1076555023923445,5.0,4.0,-1.0,29875.0,56437.5,59250.0,59250.0,226.0,0.6878306878306878,60.0,0.1199285075960679,0.0623964999977033,0.0394649000081699,0.1095056000049226,0.0018250933334153,,4.0
test_001_1007,offline_ahc,500.0,offline_ahc_oracle_vad,1,False,True,0.3276131045241809,0.0656959611717802,0.0147339226902409,0.2471832206621598,0.5716562296410865,0.3013778381525325,0.2454440599769319,0.0533888022187554,5.0,4.0,-1.0,30250.0,56025.0,58750.0,58750.0,219.0,0.7286432160804021,60.0,0.0563999267533418,0.0644863000197801,0.0390464999945834,0.1122465000371448,0.001870775000619,,4.0
test_001_1008,offline_ahc,500.0,offline_ahc_oracle_vad,1,False,True,0.2836609945481579,0.0910292416983314,0.0120601354700148,0.1805716173798116,0.4661770222804817,0.2233602521173921,0.1732055283102987,0.0806211795803733,5.0,6.0,1.0,30500.0,56724.99999999999,59500.0,59500.0,223.0,0.8112244897959183,60.0,0.0876909254267744,0.1638860999955795,0.038751099986257,0.2098954999819398,0.0034982583330323,,6.0
test_001_1009,offline_ahc,500.0,offline_ahc_oracle_vad,1,False,True,0.2745778759665457,0.0913681552785229,0.0066277418336752,0.1765819788543474,0.5741473743597411,0.1641534644016033,0.2064676616915423,0.0866340539687549,3.0,2.0,-1.0,30125.0,56612.5,59500.0,59500.0,232.0,0.8656716417910447,60.0,0.094851416724257,0.0646438999974634,0.0424089999869465,0.1134058999887202,0.0018900983331453,,2.0
test_001_1010,offline_ahc,500.0,offline_ahc_oracle_vad,1,False,True,0.5132379542838349,0.0976813024173655,0.0103601381351751,0.4051965137312942,0.8608621749982701,0.4648756218905472,0.4308905380333951,0.0868278243709916,5.0,3.0,-2.0,29375.0,56237.5,59000.0,59000.0,222.0,0.5714285714285714,60.0,0.095083738519719,0.0614056999911554,0.0367954999965149,0.1089343999919947,0.0018155733331999,,3.0
test_001_1011,offline_ahc,500.0,offline_ahc_oracle_vad,1,False,True,0.1547462096242584,0.1043177323665128,0.00659195781147,0.0438365194462755,0.2025462077809284,0.0788098110172899,0.0721238938053097,0.0901450230718523,2.0,2.0,0.0,29500.0,55775.0,59250.0,59250.0,219.0,0.9523809523809524,60.0,0.0990762543017569,0.0595567999989725,0.040192400017986,0.1083920000237412,0.001806533333729,,2.0
test_001_1012,offline_ahc,500.0,offline_ahc_oracle_vad,1,False,True,0.2892457880648716,0.117619272555503,0.0151157298063297,0.1565107857030389,0.6118953560120124,0.2084098795672586,0.1500621118012422,0.1143127066603684,5.0,5.0,0.0,29875.0,56162.49999999999,59000.0,59000.0,228.0,0.8172043010752689,60.0,0.1290666666666666,0.0681933999876491,0.0440881999966222,0.1194141999876592,0.0019902366664609,,5.0
test_001_1013,offline_ahc,500.0,offline_ahc_oracle_vad,1,False,True,0.1530833032816444,0.0387666786873422,0.0169491525423728,0.0973674720519293,0.2579716719858623,0.1344984802431611,0.0822251773049645,0.0254237288135593,2.0,2.0,0.0,30250.0,56300.0,59000.0,59000.0,217.0,0.8990384615384616,60.0,0.0260869565217391,0.0643516999843996,0.0407082000165246,0.1110716999974101,0.0018511949999568,,2.0
test_001_1014,offline_ahc,500.0,offline_ahc_oracle_vad,1,False,True,0.1366586949094636,0.079091219678852,0.0100785787495729,0.0474888964810386,0.1857790301045178,0.0863477246207701,0.0408388520971302,0.0608131192347113,2.0,2.0,0.0,29625.0,55537.49999999999,59000.0,59000.0,218.0,0.94,60.0,0.064750818479447,0.0609956000116653,0.0385846999997738,0.1093664000218268,0.0018227733336971,,2.0
test_001_1015,offline_ahc,500.0,offline_ahc_oracle_vad,1,False,True,0.147938829787234,0.0841090425531914,0.0066489361702127,0.0571808510638297,0.2113771959661332,0.0876168224299065,0.0693069306930693,0.0731382978723404,2.0,2.0,0.0,29625.0,55987.5,58750.0,58750.0,222.0,0.9387755102040816,60.0,0.078909612625538,0.0621054999937769,0.0371501999907195,0.1073270999768283,0.0017887849996138,,2.0
test_001_1016,offline_ahc,500.0,offline_ahc_oracle_vad,1,False,True,0.3061323815704088,0.1142115509409474,0.0146009085009733,0.177319922128488,0.5155832199507908,0.1669424906909392,0.199238578680203,0.1078844905905256,3.0,4.0,1.0,29875.0,56237.5,59000.0,59000.0,222.0,0.8670212765957447,60.0,0.1209310783778868,0.0581891999754589,0.03569720001542,0.1019571999786421,0.0016992866663107,,4.0
test_001_1017,offline_ahc,500.0,offline_ahc_oracle_vad,1,False,True,0.4868025392582693,0.0786835950551286,0.0100233879051119,0.3980955562980287,0.7812416657607221,0.4514751552795031,0.4122270742358078,0.0696625459405279,5.0,4.0,-1.0,30000.0,56474.99999999999,59250.0,59250.0,223.0,0.565,60.0,0.0748787933201652,0.0544779000047128,0.0355341999966185,0.0973724999930709,0.0016228749998845,,4.0
test_001_1018,offline_ahc,500.0,offline_ahc_oracle_vad,1,False,True,0.4191211214364467,0.1069459757442116,0.0047251535674909,0.307449992124744,0.7511173337248062,0.3609861083936607,0.2981749229675278,0.0974956686092298,5.0,4.0,-1.0,29375.0,56412.49999999999,59250.0,59250.0,228.0,0.6772486772486772,60.0,0.1080279232111692,0.0611089000012725,0.0350711999926716,0.1025054999918211,0.0017084249998636,,4.0
test_001_1019,offline_ahc,500.0,offline_ahc_oracle_vad,1,False,True,0.2855508336057535,0.0992154298790454,0.0104609349460608,0.1758744687806472,0.4937824985583908,0.2255412991178829,0.1890697674418604,0.092350441320693,5.0,5.0,0.0,30250.0,56224.99999999999,59000.0,59000.0,223.0,0.8020833333333334,60.0,0.1017468035296236,0.0718221999995876,0.0395905000041238,0.1209885000134818,0.0020164750002246,,5.0
test_001_1020,offline_ahc,500.0,offline_ahc_oracle_vad,1,False,True,0.4793858892530619,0.093841642228739,0.0210453682939451,0.3644988787303778,0.8841079417473713,0.4456140350877193,0.3670660209023706,0.0821114369501466,5.0,2.0,-3.0,27750.0,55324.99999999999,58750.0,58750.0,215.0,0.5882352941176471,60.0,0.0894568690095846,0.2424308000190649,0.0347859999747015,0.2862779000133741,0.0047712983335562,,2.0
test_001_1021,offline_ahc,500.0,offline_ahc_oracle_vad,1,False,True,0.4987488270253362,0.1273068501720362,0.0109477635283077,0.3604942133249922,0.8610143059090256,0.4819032126880846,0.4501155219491703,0.1154207069127306,4.0,2.0,-2.0,30125.0,55937.5,59250.0,59250.0,226.0,0.543010752688172,60.0,0.1304809052333805,0.0643565999926067,0.0441091999819036,0.1158367999887559,0.0019306133331459,,2.0
test_001_1022,offline_ahc,500.0,offline_ahc_oracle_vad,1,False,True,0.1373289287399716,0.1022494887525562,0.006764196948246,0.0283152430391694,0.161960112647771,0.0525907238501843,0.0580329871716554,0.0946987572754444,2.0,2.0,0.0,29625.0,56637.49999999999,59500.0,59500.0,230.0,0.9743589743589745,60.0,0.1046046915725456,0.0605213000089861,0.041337000002386,0.1104864999942947,0.0018414416665715,,2.0
test_001_1023,offline_ahc,500.0,offline_ahc_oracle_vad,1,False,True,0.1488085319113481,0.0721546408931844,0.0094984169305115,0.067155474087652,0.2160351665791229,0.0963416969929132,0.0385236447520184,0.0649891684719213,2.0,2.0,0.0,29250.0,56449.99999999999,59250.0,59250.0,225.0,0.9390862944162436,60.0,0.0695063268579575,0.0578038999810814,0.042365500004962,0.1083719999878667,0.0018061999997977,,2.0
test_002_1000,online,500.0,online,2,False,False,0.1825161402896527,0.0340254754842086,0.0286162973303088,0.1198743674751352,0.3436158047369088,0.1591965780174818,0.0839160839160839,0.0308846623625894,5.0,5.0,0.0,500.0,500.0,500.0,500.0,228.0,0.8709677419354839,60.0,0.0318689232985235,0.1069918999855872,0.0671938000014051,0.1959891000005882,0.0032664850000098,2.9078947368421053,
test_002_1001,online,500.0,online,2,False,False,0.4749663978494624,0.0829973118279569,0.0280577956989247,0.3639112903225806,0.7683194467372498,0.4681147867676365,0.4279894560268392,0.0784610215053763,4.0,5.0,1.0,500.0,500.0,500.0,500.0,225.0,0.558974358974359,60.0,0.0851412944393801,0.0596673999971244,0.0761034000024665,0.1586218000156805,0.002643696666928,2.897777777777778,
test_002_1002,online,500.0,online,2,False,False,0.3063274188148644,0.0984265148978908,0.031637094074322,0.1762638098426515,0.75298387151672,0.2335899513776337,0.1755986316989737,0.0868764646802812,5.0,8.0,3.0,500.0,500.0,500.0,500.0,223.0,0.7989690721649485,60.0,0.0951420714940421,0.0619975999870803,0.0492915000068023,0.1366649999690707,0.0022777499994845,2.8385650224215246,
test_002_1003,online,500.0,online,2,False,False,0.4473954763536669,0.0623714873200822,0.0219328307059629,0.3630911583276217,0.9114413516000784,0.4211841599384852,0.3692030616839261,0.0543180260452364,5.0,3.0,-2.0,500.0,500.0,500.0,500.0,224.0,0.6059113300492611,60.0,0.0574379416560971,0.0580925999965984,0.0576531000260729,0.1386056000192184,0.0023100933336536,2.892857142857143,
test_002_1004,online,500.0,online,2,False,False,0.4941022280471822,0.1223787680209698,0.0234272608125819,0.3482961992136304,0.8713710543206276,0.4691882702932426,0.4462809917355372,0.1145150720838794,5.0,3.0,-2.0,500.0,500.0,500.0,500.0,220.0,0.5769230769230769,60.0,0.1293246993524514,0.072994899994228,0.0586334000108763,0.1558149000047706,0.0025969150000795,2.868181818181818,
test_002_1005,online,500.0,online,2,False,False,0.3265203551683699,0.093147930976713,0.0271402244932149,0.2062321996984419,0.3337880990332718,0.2155154952400243,0.1193806193806193,0.0864466409783883,4.0,7.0,3.0,500.0,500.0,500.0,500.0,223.0,0.8481675392670157,60.0,0.0946268109297634,0.0778380999981891,0.0562327000079676,0.1568272000004071,0.0026137866666734,2.802690582959641,
test_002_1006,online,500.0,online,2,False,False,0.1877605469401367,0.0763715190928797,0.0226780056695014,0.0887110221777555,0.3255887521168774,0.1216084325590474,0.0746982464131177,0.072869768217442,4.0,4.0,0.0,500.0,500.0,500.0,500.0,227.0,0.914572864321608,60.0,0.0785971223021582,0.0597266999830026,0.0588509000081103,0.1420340999902691,0.0023672349998378,2.881057268722467,
test_002_1007,online,500.0,online,2,False,False,0.4109387755102041,0.1165714285714285,0.034938775510204,0.2594285714285714,0.5948644135178958,0.2974456407008655,0.2728337236533958,0.1133061224489796,4.0,5.0,1.0,500.0,500.0,500.0,500.0,225.0,0.7621621621621621,60.0,0.1277849383170687,0.0594219999911729,0.0643420999986119,0.1470983999897726,0.0024516399998295,2.813333333333333,
test_002_1008,online,500.0,online,2,False,False,0.5407839866555463,0.0707256046705588,0.0256880733944954,0.4443703085904921,0.9407707667667904,0.5144331867711719,0.4858235823582358,0.06371976647206,5.0,3.0,-2.0,500.0,500.0,500.0,500.0,229.0,0.5024630541871922,60.0,0.0680562978799216,0.0572959000128321,0.0622122999920975,0.1427938000124413,0.002379896666874,2.8558951965065504,
test_002_1009,online,500.0,online,2,False,False,0.2377633980421437,0.1012112161937945,0.0303633648581383,0.1061888169902107,0.2497478562714294,0.1522667208782273,0.1178961444172052,0.0919196947071511,3.0,5.0,2.0,500.0,500.0,500.0,500.0,224.0,0.8877551020408163,60.0,0.1012241914854741,0.0657059000222943,0.0639675999991595,0.151868100016145,0.002531135000269,2.8392857142857144,
test_002_1010,online,500.0,online,2,False,False,0.1593103448275862,0.0703448275862069,0.031551724137931,0.0574137931034482,0.1820003272741645,0.1117878192534381,0.0463966085727743,0.0612068965517241,2.0,3.0,1.0,500.0,500.0,500.0,500.0,223.0,0.9353233830845772,60.0,0.0651974288337924,0.0605777000018861,0.0829130999918561,0.1660861999844201,0.0027681033330736,2.878923766816144,
test_002_1011,online,500.0,online,2,False,False,0.3594220349187236,0.1587898856110776,0.0167068031306441,0.1839253461770018,0.691681404336111,0.2725490196078431,0.2739396589418452,0.1547260686333534,5.0,4.0,-1.0,500.0,500.0,500.0,500.0,228.0,0.7758620689655172,60.0,0.1826923076923076,0.0707346000126563,0.0599112000199966,0.1571786000276915,0.0026196433337948,2.912280701754386,
test_002_1012,online,500.0,online,2,False,False,0.3554833468724614,0.0797725426482534,0.0220958570268074,0.2536149471974004,0.4965059332165561,0.3048663204462397,0.2628571428571428,0.0776604386677498,5.0,8.0,3.0,500.0,500.0,500.0,500.0,232.0,0.7317073170731707,60.0,0.0841994010921261,0.0637173999857623,0.0602812999859452,0.1501707999850623,0.0025028466664177,2.913793103448276,
test_002_1013,online,500.0,online,2,False,False,0.1214297930562681,0.0730289037113049,0.0307850179579271,0.017615871387036,0.1422343273349288,0.0615963557140027,0.0245145631067961,0.0682401231400718,2.0,2.0,0.0,500.0,500.0,500.0,500.0,224.0,0.984924623115578,60.0,0.073237885462555,0.0663847000105306,0.0739910999836865,0.1664466999936849,0.0027741116665614,2.8973214285714284,
test_002_1014,online,500.0,online,2,False,False,0.2880569819446745,0.0730495279112141,0.0296504886533046,0.1853569653801557,0.5422614891629534,0.2233121754183497,0.1895935685573917,0.0694053337750538,4.0,3.0,-1.0,500.0,500.0,500.0,500.0,231.0,0.8252427184466019,60.0,0.0745817016731933,0.0618643999914638,0.0542924999899696,0.1381198999879416,0.0023019983331323,2.913419913419913,
test_002_1015,online,500.0,online,2,False,False,0.2444481830417227,0.0593876177658142,0.0225437415881561,0.1625168236877523,0.4388553799096549,0.2090288315629742,0.1500557413600891,0.0565275908479138,5.0,5.0,0.0,500.0,500.0,500.0,500.0,229.0,0.8300970873786407,60.0,0.0599144079885877,0.0576570999983232,0.054017999995267,0.1367005000065546,0.0022783416667759,2.908296943231441,
test_002_1016,online,500.0,online,2,False,False,0.1478885279534963,0.073003932296119,0.0304325525730894,0.0444520430842879,0.1963935644724029,0.097045587947564,0.0444981862152357,0.0630877073003932,2.0,3.0,1.0,500.0,500.0,500.0,500.0,224.0,0.9543147208121828,60.0,0.0673357664233576,0.083595600008266,0.0623277999984566,0.1690681000181939,0.0028178016669698,2.84375,
test_002_1017,online,500.0,online,2,False,False,0.4611612086695143,0.1037810473026419,0.0094921689606074,0.3478879924062648,0.8266800689259046,0.451549240181567,0.4308257674016429,0.0991931656383483,2.0,1.0,-1.0,500.0,500.0,500.0,500.0,229.0,0.5634517766497462,60.0,0.1101159114857745,0.0636512999772094,0.0630032000190112,0.1495377999963238,0.0024922966666053,2.921397379912664,
test_002_1018,online,500.0,online,2,False,False,0.2975179621162638,0.0738079686479425,0.0209013716525146,0.2028086218158066,0.608613076627722,0.2375094625283876,0.1834165400477534,0.0685826257348138,3.0,3.0,0.0,500.0,500.0,500.0,500.0,232.0,0.8009708737864077,60.0,0.0736325385694249,0.0548300000082235,0.0682901999971363,0.1471865000203251,0.002453108333672,2.913793103448276,
test_002_1019,online,500.0,online,2,False,False,0.3693112467306015,0.0563208369659982,0.0327811682650392,0.280209241499564,0.845892221794292,0.3551849722062488,0.2756598240469208,0.0451612903225806,5.0,3.0,-2.0,500.0,500.0,500.0,500.0,224.0,0.6811594202898551,60.0,0.0472972972972973,0.0640408000035677,0.0582389000046532,0.1440222000237554,0.0024003700003959,2.8973214285714284,
test_002_1020,online,500.0,online,2,False,False,0.161630695443645,0.0864908073541167,0.0177458033573141,0.0573940847322142,0.1600867123687702,0.0698211194460473,0.0592452034577271,0.0844124700239808,4.0,7.0,3.0,500.0,500.0,500.0,500.0,233.0,0.9507389162561576,60.0,0.0921948664222105,0.0606510000070557,0.0649153999984264,0.1491975999961141,0.0024866266666019,2.939914163090129,
test_002_1021,online,500.0,online,2,False,False,0.2881933181965618,0.1110930911449886,0.0233538760947129,0.1537463509568602,0.2795893622942149,0.149673735725938,0.1880687563195146,0.1023353876094712,4.0,9.0,5.0,500.0,500.0,500.0,500.0,225.0,0.8923076923076924,60.0,0.1140018066847335,0.0643725000263657,0.065308899997035,0.1517450000392273,0.0025290833339871,2.8177777777777777,
test_002_1022,online,500.0,online,2,False,False,0.3716357775987107,0.1269943593875906,0.0294923448831587,0.2151490733279613,0.7033369440596932,0.2450246094585919,0.2667914813948046,0.1234488315874294,4.0,5.0,1.0,500.0,500.0,500.0,500.0,224.0,0.7978142076502732,60.0,0.1408347122632837,0.0675400999898556,0.0652736999909393,0.1572260999819263,0.0026204349996987,2.861607142857143,
test_002_1023,online,500.0,online,2,False,False,0.3587556447566483,0.0546914199698946,0.0163907007860846,0.287673524000669,0.9390940913786564,0.304,0.2452870154628256,0.0505101187489546,4.0,5.0,1.0,500.0,500.0,500.0,500.0,230.0,0.7272727272727273,60.0,0.0531971111502554,0.062894700007746,0.0612543000024743,0.1470163000049069,0.0024502716667484,2.88695652173913,
test_002_1000,naive_online,500.0,naive_online,2,False,False,0.2441109753969639,0.0340254754842086,0.0286162973303088,0.1814692025824463,0.4835751280295503,0.2233587502324716,0.1428268700995973,0.0308846623625894,5.0,5.0,0.0,0.0,0.0,0.0,0.0,228.0,0.8064516129032258,60.0,0.0318689232985235,0.0702410999801941,0.0365468000236433,0.131068899994716,0.0021844816665786,,
test_002_1001,naive_online,500.0,naive_online,2,False,False,0.4112903225806452,0.0829973118279569,0.0280577956989247,0.3002352150537634,0.714867812125966,0.3666799521721801,0.297627606038821,0.0784610215053763,4.0,4.0,0.0,0.0,0.0,0.0,0.0,225.0,0.6871794871794872,60.0,0.0851412944393801,0.0628907000063918,0.0343083000043407,0.1205557000066619,0.0020092616667776,,
test_002_1002,naive_online,500.0,naive_online,2,False,False,0.3237361901573485,0.0984265148978908,0.031637094074322,0.1936725811851355,1.1162679048564697,0.2684359805510535,0.1849486887115165,0.0868764646802812,5.0,7.0,2.0,0.0,0.0,0.0,0.0,223.0,0.7680412371134021,60.0,0.0951420714940421,0.061342600005446,0.0395150000113062,0.1255550000059884,0.0020925833334331,,
test_002_1003,naive_online,500.0,naive_online,2,False,False,0.5318711446196025,0.0623714873200822,0.0219328307059629,0.4475668265935572,1.0085790845675509,0.5198000768935025,0.4594777127420081,0.0543180260452364,5.0,2.0,-3.0,0.0,0.0,0.0,0.0,224.0,0.5172413793103449,60.0,0.0574379416560971,0.0601634999911766,0.0351191999798174,0.1212097999814432,0.002020163333024,,
test_002_1004,naive_online,500.0,naive_online,2,False,False,0.4963958060288335,0.1223787680209698,0.0234272608125819,0.3505897771952818,0.8639964844247944,0.472163195920102,0.4453875362966272,0.1145150720838794,5.0,2.0,-3.0,0.0,0.0,0.0,0.0,220.0,0.5714285714285714,60.0,0.1293246993524514,0.0737801000068429,0.0395504999905824,0.1380487999995239,0.0023008133333253,,
test_002_1005,naive_online,500.0,naive_online,2,False,False,0.3261852906684537,0.093147930976713,0.0271402244932149,0.2058971351985257,0.3981980281656897,0.248328944703261,0.1603396603396603,0.0864466409783883,4.0,6.0,2.0,0.0,0.0,0.0,0.0,223.0,0.806282722513089,60.0,0.0946268109297634,0.0546663000131957,0.0347794000117573,0.1138445000106003,0.00189740833351,,
test_002_1006,naive_online,500.0,naive_online,2,False,False,0.1965982991495748,0.0763715190928797,0.0226780056695014,0.0975487743871936,0.268045458163388,0.1434706226820222,0.0860851742199954,0.072869768217442,4.0,5.0,1.0,0.0,0.0,0.0,0.0,227.0,0.8944723618090452,60.0,0.0785971223021582,0.0603313000174239,0.0320077000069431,0.1160754000302404,0.001934590000504,,
test_002_1007,naive_online,500.0,naive_online,2,False,False,0.4359183673469388,0.1165714285714285,0.034938775510204,0.2844081632653061,0.7537242440130986,0.3348110618534938,0.2990632318501171,0.1133061224489796,4.0,4.0,0.0,0.0,0.0,0.0,0.0,225.0,0.7243243243243244,60.0,0.1277849383170687,0.0630446999857667,0.050691700016614,0.1379383000021334,0.0022989716667022,,
test_002_1008,naive_online,500.0,naive_online,2,False,False,0.5504587155963303,0.0707256046705588,0.0256880733944954,0.454045037531276,0.9724044813954804,0.5123303383674249,0.4768226822682268,0.06371976647206,5.0,3.0,-2.0,0.0,0.0,0.0,0.0,229.0,0.5369458128078818,60.0,0.0680562978799216,0.0698603999917395,0.0348879000230226,0.1290601000073366,0.0021510016667889,,
test_002_1009,naive_online,500.0,naive_online,2,False,False,0.3057906089264974,0.1012112161937945,0.0303633648581383,0.1742160278745644,0.5541776570880516,0.2486277698719252,0.2048139068419879,0.0919196947071511,3.0,4.0,1.0,0.0,0.0,0.0,0.0,224.0,0.7959183673469388,60.0,0.1012241914854741,0.0647582999954465,0.031596199987689,0.1214832999685313,0.0020247216661421,,
test_002_1010,naive_online,500.0,naive_online,2,False,False,0.2812068965517241,0.0703448275862069,0.031551724137931,0.1793103448275862,0.3114586220427892,0.2467583497053045,0.1476683937823834,0.0612068965517241,2.0,3.0,1.0,0.0,0.0,0.0,0.0,223.0,0.8109452736318408,60.0,0.0651974288337924,0.0589610000024549,0.0319385000038892,0.1149805000168271,0.0019163416669471,,
test_002_1011,naive_online,500.0,naive_online,2,False,False,0.3068934376881396,0.1587898856110776,0.0167068031306441,0.1313967489464178,0.5767168334393087,0.2013071895424836,0.1989505902929602,0.1547260686333534,5.0,4.0,-1.0,0.0,0.0,0.0,0.0,228.0,0.8505747126436781,60.0,0.1826923076923076,0.0707362000248394,0.0368478999880608,0.1330934000143315,0.0022182233335721,,
test_002_1012,naive_online,500.0,naive_online,2,False,False,0.3013809910641755,0.0797725426482534,0.0220958570268074,0.1995125913891145,0.4562495521591093,0.2313906520484708,0.193015873015873,0.0776604386677498,5.0,6.0,1.0,0.0,0.0,0.0,0.0,232.0,0.8,60.0,0.0841994010921261,0.0618436000077053,0.0354563999862875,0.1244303999992553,0.0020738399999875,,
test_002_1013,naive_online,500.0,naive_online,2,False,False,0.1734222678296562,0.0730289037113049,0.0307850179579271,0.0696083461604241,0.2508122583244431,0.1218062982768865,0.0507281553398058,0.0682401231400718,2.0,2.0,0.0,0.0,0.0,0.0,0.0,224.0,0.9296482412060302,60.0,0.073237885462555,0.0607377999986056,0.0340145000081975,0.1171483999933116,0.0019524733332218,,
test_002_1014,naive_online,500.0,naive_online,2,False,False,0.3317873115785986,0.0730495279112141,0.0296504886533046,0.2290872950140798,0.6335107350064386,0.2738988266974418,0.227556945064761,0.0694053337750538,4.0,4.0,0.0,0.0,0.0,0.0,0.0,231.0,0.7766990291262136,60.0,0.0745817016731933,0.0593336999882012,0.0357225000043399,0.1232846999773755,0.0020547449996229,,
test_002_1015,naive_online,500.0,naive_online,2,False,False,0.4453230148048452,0.0593876177658142,0.0225437415881561,0.3633916554508748,0.7129162261115154,0.4283004552352049,0.3536231884057971,0.0565275908479138,5.0,4.0,-1.0,0.0,0.0,0.0,0.0,229.0,0.6116504854368932,60.0,0.0599144079885877,0.0597695000178646,0.0324579000007361,0.1161544000206049,0.00193590666701,,
test_002_1016,naive_online,500.0,naive_online,2,False,False,0.1961018977603009,0.073003932296119,0.0304325525730894,0.0926654128910925,0.2980188441527032,0.1522207004500098,0.0858524788391777,0.0630877073003932,2.0,2.0,0.0,0.0,0.0,0.0,0.0,224.0,0.9086294416243654,60.0,0.0673357664233576,0.0608135999937076,0.0360778999747708,0.1189521999622229,0.001982536666037,,
test_002_1017,naive_online,500.0,naive_online,2,False,False,0.2376206296472077,0.1037810473026419,0.0094921689606074,0.1243474133839582,0.3698831852799452,0.1726860074995066,0.1647211413748378,0.0991931656383483,2.0,2.0,0.0,0.0,0.0,0.0,0.0,229.0,0.8527918781725888,60.0,0.1101159114857745,0.0664906000019982,0.0399020999902859,0.1325408999982755,0.0022090149999712,,
test_002_1018,naive_online,500.0,naive_online,2,False,False,0.2699216198563031,0.0738079686479425,0.0209013716525146,0.1752122795558458,0.5337162662497943,0.2233156699470098,0.1580204037334491,0.0685826257348138,3.0,3.0,0.0,0.0,0.0,0.0,0.0,232.0,0.8155339805825242,60.0,0.0736325385694249,0.0678000000189058,0.0364120999875012,0.1269228000019211,0.002115380000032,,
test_002_1019,naive_online,500.0,naive_online,2,False,False,0.1822144725370532,0.0563208369659982,0.0327811682650392,0.0931124673060156,0.4485290257522528,0.1506612995974698,0.0595533498759305,0.0451612903225806,5.0,4.0,-1.0,0.0,0.0,0.0,0.0,224.0,0.9033816425120772,60.0,0.0472972972972973,0.0571476000186521,0.0370950999786146,0.1173608000099193,0.0019560133334986,,
test_002_1020,naive_online,500.0,naive_online,2,False,False,0.2468425259792166,0.0864908073541167,0.0177458033573141,0.1426059152677857,0.2556101208150409,0.1658011155991536,0.1345140206620282,0.0844124700239808,4.0,5.0,1.0,0.0,0.0,0.0,0.0,233.0,0.8669950738916257,60.0,0.0921948664222105,0.0688667000213172,0.0384770999953616,0.1302905000338796,0.0021715083338979,,
test_002_1021,naive_online,500.0,naive_online,2,False,False,0.2817061303924749,0.1110930911449886,0.0233538760947129,0.1472591631527732,0.2999490115518997,0.1566068515497553,0.2002022244691607,0.1023353876094712,4.0,6.0,2.0,0.0,0.0,0.0,0.0,225.0,0.8871794871794871,60.0,0.1140018066847335,0.0705417999997735,0.0339042000123299,0.1305233000020962,0.0021753883333682,,
test_002_1022,naive_online,500.0,naive_online,2,False,False,0.3269943593875906,0.1269943593875906,0.0294923448831587,0.1705076551168412,0.6209046733684214,0.2281189813824095,0.220219985958343,0.1234488315874294,4.0,3.0,-1.0,0.0,0.0,0.0,0.0,224.0,0.819672131147541,60.0,0.1408347122632837,0.0582271000021137,0.0358172999985981,0.1195374999952036,0.0019922916665867,,
test_002_1023,naive_online,500.0,naive_online,2,False,False,0.377989630372972,0.0546914199698946,0.0163907007860846,0.3069075096169928,1.0593027375793929,0.3257674418604651,0.2713408176233848,0.0505101187489546,4.0,4.0,0.0,0.0,0.0,0.0,0.0,230.0,0.7081339712918661,60.0,0.0531971111502554,0.0653028999804519,0.0360933000047225,0.125350399990566,0.0020891733331761,,
test_002_1000,offline_ahc,500.0,offline_ahc,2,False,False,0.3463618914674576,0.0340254754842086,0.0286162973303088,0.2837201186529401,0.7275777374790058,0.318951087967268,0.2557745285018012,0.0308846623625894,5.0,3.0,-2.0,30625.0,56662.49999999999,59500.0,59500.0,228.0,0.7188940092165899,60.0,0.0318689232985235,0.0774867000000085,0.0376420999818947,0.1391832999652251,0.002319721666087,,3.0
test_002_1001,offline_ahc,500.0,offline_ahc,2,False,False,0.5551075268817204,0.0829973118279569,0.0280577956989247,0.4440524193548387,0.9284647823113744,0.5372658429653249,0.4924514737598849,0.0784610215053763,4.0,2.0,-2.0,29500.0,56099.99999999999,59000.0,59000.0,225.0,0.5128205128205128,60.0,0.0851412944393801,0.0625282999826595,0.0336751999857369,0.1197700999618973,0.0019961683326982,,2.0
test_002_1002,offline_ahc,500.0,offline_ahc,2,False,False,0.3269166387679946,0.0984265148978908,0.031637094074322,0.1968530297957817,1.137861870390243,0.2757293354943274,0.1927023945267958,0.0868764646802812,5.0,5.0,0.0,29750.0,55724.99999999999,59250.0,59250.0,223.0,0.7680412371134021,60.0,0.0951420714940421,0.0650897000159602,0.0327962000155821,0.1208556000201497,0.0020142600003358,,5.0
test_002_1003,offline_ahc,500.0,offline_ahc,2,False,False,0.5361549006168609,0.0623714873200822,0.0219328307059629,0.4518505825908156,1.0154237115353808,0.5246059207996924,0.465105808194507,0.0543180260452364,5.0,2.0,-3.0,29375.0,55962.5,58750.0,58750.0,224.0,0.5123152709359606,60.0,0.0574379416560971,0.0645727000082843,0.0346795999794267,0.1241698999656364,0.0020694983327606,,2.0
test_002_1004,offline_ahc,500.0,offline_ahc,2,False,False,0.5157273918741808,0.1223787680209698,0.0234272608125819,0.3699213630406291,0.8853509201548462,0.4972375690607735,0.4652669198123743,0.1145150720838794,5.0,2.0,-3.0,30125.0,56012.49999999999,59000.0,59000.0,220.0,0.5439560439560439,60.0,0.1293246993524514,0.0610870000091381,0.0362317000108305,0.1198613000160548,0.0019976883336009,,2.0
test_002_1005,offline_ahc,500.0,offline_ahc,2,False,False,0.2956944211760764,0.093147930976713,0.0271402244932149,0.1754062657061484,0.422889258488807,0.2219971642697994,0.1505994005994006,0.0864466409783883,4.0,5.0,1.0,29250.0,56224.99999999999,59000.0,59000.0,223.0,0.8324607329842932,60.0,0.0946268109297634,0.061697400000412,0.0349317999789491,0.1227874999749474,0.0020464583329157,,5.0
test_002_1006,offline_ahc,500.0,offline_ahc,2,False,False,0.2668000667000166,0.0763715190928797,0.0226780056695014,0.1677505419376354,0.496951046415726,0.2260394300214717,0.1865178774766568,0.072869768217442,4.0,3.0,-1.0,29750.0,55925.0,59250.0,59250.0,227.0,0.8090452261306532,60.0,0.0785971223021582,0.0696932999999262,0.0344724000024143,0.1287481999897863,0.0021458033331631,,3.0
test_002_1007,offline_ahc,500.0,offline_ahc,2,False,False,0.4532244897959184,0.1165714285714285,0.034938775510204,0.3017142857142857,0.7901880190519797,0.3620434874393076,0.3220140515222482,0.1133061224489796,4.0,4.0,0.0,30000.0,55949.99999999999,58750.0,58750.0,225.0,0.7027027027027027,60.0,0.1277849383170687,0.0786722999764606,0.0691176999825984,0.1781862999778241,0.002969771666297,,4.0
test_002_1008,offline_ahc,500.0,offline_ahc,2,False,False,0.514929107589658,0.0707256046705588,0.0256880733944954,0.4185154295246038,0.9142257667276432,0.5092716497801567,0.4633213321332133,0.06371976647206,5.0,2.0,-3.0,29500.0,56150.0,59000.0,59000.0,229.0,0.5270935960591133,60.0,0.0680562978799216,0.1303461999923456,0.0337147000245749,0.1871360000222921,0.0031189333337048,,2.0
test_002_1009,offline_ahc,500.0,offline_ahc,2,False,False,0.3424589347934296,0.1012112161937945,0.0303633648581383,0.2108843537414966,0.7170668622060279,0.2968082943687741,0.2409182081568977,0.0919196947071511,3.0,2.0,-1.0,29125.0,56712.5,59500.0,59500.0,224.0,0.7602040816326531,60.0,0.1012241914854741,0.1345160000200849,0.041862400015816,0.1993770000408403,0.0033229500006806,,2.0
test_002_1010,offline_ahc,500.0,offline_ahc,2,False,False,0.2205172413793103,0.0703448275862069,0.031551724137931,0.1186206896551724,0.2652507236539064,0.1779960707269155,0.0883184173339613,0.0612068965517241,2.0,3.0,1.0,29000.0,56224.99999999999,59500.0,59500.0,223.0,0.8706467661691543,60.0,0.0651974288337924,0.0653006999928038,0.0374619000067468,0.1280607999942731,0.0021343466665712,,3.0
test_002_1011,offline_ahc,500.0,offline_ahc,2,False,False,0.3273630343166767,0.1587898856110776,0.0167068031306441,0.1518663455749548,0.6277201176599326,0.2418300653594771,0.2304328815041539,0.1547260686333534,5.0,3.0,-2.0,30000.0,56162.49999999999,59000.0,59000.0,228.0,0.8103448275862069,60.0,0.1826923076923076,0.0729337999946437,0.033775499992771,0.1321209999732673,0.0022020166662211,,3.0
test_002_1012,offline_ahc,500.0,offline_ahc,2,False,False,0.3556458164094232,0.0797725426482534,0.0220958570268074,0.2537774167343623,0.544455245393896,0.3073668013079438,0.263068783068783,0.0776604386677498,5.0,5.0,0.0,29375.0,56362.5,59250.0,59250.0,232.0,0.7317073170731707,60.0,0.0841994010921261,0.0680444000172428,0.0390827000082936,0.1306621000403538,0.0021777016673392,,5.0
test_002_1013,offline_ahc,500.0,offline_ahc,2,False,False,0.1693175987685992,0.0730289037113049,0.0307850179579271,0.0655036770993671,0.2390500105540633,0.1170528817587641,0.0451456310679611,0.0682401231400718,2.0,2.0,0.0,29125.0,55712.5,58750.0,58750.0,224.0,0.9296482412060302,60.0,0.073237885462555,0.0660494999901857,0.0331049000087659,0.1202041000069584,0.0020034016667826,,2.0
test_002_1014,offline_ahc,500.0,offline_ahc,2,False,False,0.3235050521782342,0.0730495279112141,0.0296504886533046,0.2208050356137154,0.606742745010836,0.2642815926139642,0.2251004912907548,0.0694053337750538,4.0,3.0,-1.0,30000.0,56625.0,59500.0,59500.0,231.0,0.7864077669902912,60.0,0.0745817016731933,0.0613046999787911,0.0386085000063758,0.1260713999799918,0.0021011899996665,,3.0
test_002_1015,offline_ahc,500.0,offline_ahc,2,False,False,0.4205921938088829,0.0593876177658142,0.0225437415881561,0.3386608344549125,0.6485886833738801,0.3930197268588771,0.3355629877369008,0.0565275908479138,5.0,4.0,-1.0,30000.0,56400.0,59250.0,59250.0,229.0,0.6456310679611651,60.0,0.0599144079885877,0.1233082999824546,0.0349321000103373,0.1815474999893922,0.0030257916664898,,4.0
test_002_1016,offline_ahc,500.0,offline_ahc,2,False,False,0.1957599589673448,0.073003932296119,0.0304325525730894,0.0923234740981364,0.2939981588900665,0.1518293875953825,0.0899637243047158,0.0630877073003932,2.0,2.0,0.0,29375.0,56212.5,59250.0,59250.0,224.0,0.9086294416243654,60.0,0.0673357664233576,0.0781924000184517,0.0381760000018402,0.1390365000115707,0.0023172750001928,,2.0
test_002_1017,offline_ahc,500.0,offline_ahc,2,False,False,0.4611612086695143,0.1037810473026419,0.0094921689606074,0.3478879924062648,0.8266800689259046,0.451549240181567,0.4308257674016429,0.0991931656383483,2.0,1.0,-1.0,30500.0,56400.0,59250.0,59250.0,229.0,0.5634517766497462,60.0,0.1101159114857745,0.0552892000123392,0.0344728999771177,0.1139104999892879,0.0018985083331547,,1.0
test_002_1018,offline_ahc,500.0,offline_ahc,2,False,False,0.3016002612671457,0.0738079686479425,0.0209013716525146,0.2068909209666884,0.5982509187647413,0.2647615442846328,0.1903624918602127,0.0685826257348138,3.0,3.0,0.0,29625.0,56362.5,59250.0,59250.0,232.0,0.7669902912621359,60.0,0.0736325385694249,0.0649863999860826,0.0351422000094316,0.1231433000066317,0.0020523883334438,,3.0
test_002_1019,offline_ahc,500.0,offline_ahc,2,False,False,0.2673060156931124,0.0563208369659982,0.0327811682650392,0.1782040104620749,0.6284563048006964,0.237492811960897,0.1579066095195127,0.0451612903225806,5.0,3.0,-2.0,30125.0,56462.5,59250.0,59250.0,224.0,0.8067632850241546,60.0,0.0472972972972973,0.0895315000088885,0.0314414999738801,0.1414022000099066,0.0023567033334984,,3.0
test_002_1020,offline_ahc,500.0,offline_ahc,2,False,False,0.1811350919264588,0.0864908073541167,0.0177458033573141,0.0768984812150279,0.2161120991255066,0.1067512983266012,0.0794855576639257,0.0844124700239808,4.0,6.0,2.0,29500.0,56349.99999999999,59250.0,59250.0,233.0,0.916256157635468,60.0,0.0921948664222105,0.0694229999789968,0.0355108000221662,0.1264712999982293,0.0021078549999704,,6.0
test_002_1021,offline_ahc,500.0,offline_ahc,2,False,False,0.3245215698994486,0.1110930911449886,0.0233538760947129,0.190074602659747,0.3268845148567901,0.1977977161500815,0.2313447927199191,0.1023353876094712,4.0,7.0,3.0,30000.0,56449.99999999999,59250.0,59250.0,225.0,0.8461538461538461,60.0,0.1140018066847335,0.0638359999866224,0.0333432000188622,0.1191276999888941,0.0019854616664815,,7.0
test_002_1022,offline_ahc,500.0,offline_ahc,2,False,False,0.374375503626108,0.1269943593875906,0.0294923448831587,0.2178887993553585,0.7447868578584556,0.2659961480847421,0.2717060613152351,0.1234488315874294,4.0,4.0,0.0,30375.0,55962.5,58750.0,58750.0,224.0,0.7814207650273224,60.0,0.1408347122632837,0.063180299999658,0.0312695000029634,0.1187326000072062,0.0019788766667867,,4.0
test_002_1023,offline_ahc,500.0,offline_ahc,2,False,False,0.3614316775380498,0.0546914199698946,0.0163907007860846,0.2903495567820706,0.8729602293988523,0.3164651162790697,0.264138953611523,0.0505101187489546,4.0,3.0,-1.0,29875.0,56137.49999999999,59000.0,59000.0,230.0,0.722488038277512,60.0,0.0531971111502554,0.069799699995201,0.0383952999836765,0.1322146999591495,0.0022035783326524,,3.0
test_002_1000,offline_spectral,500.0,offline_spectral,2,False,False,0.2217763043098935,0.0340254754842086,0.0286162973303088,0.159134531495376,0.4502812436338887,0.2034591779802864,0.1282051282051282,0.0308846623625894,5.0,5.0,0.0,30625.0,56662.49999999999,59500.0,59500.0,228.0,0.8248847926267281,60.0,0.0318689232985235,0.066266000008909,0.0396666000015102,0.1258378000056836,0.0020972966667613,,5.0
test_002_1001,offline_spectral,500.0,offline_spectral,2,False,False,0.236391129032258,0.0829973118279569,0.0280577956989247,0.1253360215053763,0.3635195568437631,0.1873256277401355,0.1169422477833692,0.0784610215053763,4.0,4.0,0.0,29500.0,56099.99999999999,59000.0,59000.0,225.0,0.8615384615384616,60.0,0.0851412944393801,0.0538441000098828,0.041977399989264,0.1161830000055488,0.0019363833334258,,4.0
test_002_1002,offline_spectral,500.0,offline_spectral,2,False,False,0.2735185805155674,0.0984265148978908,0.031637094074322,0.1434549715433545,0.7045646305077149,0.2198136142625607,0.1391106043329532,0.0868764646802812,5.0,3.0,-2.0,29750.0,55724.99999999999,59250.0,59250.0,223.0,0.8402061855670103,60.0,0.0951420714940421,0.0588870999927166,0.0329981000104453,0.1158716999925673,0.0019311949998761,,3.0
test_002_1003,offline_spectral,500.0,offline_spectral,2,False,False,0.2763879369431117,0.0623714873200822,0.0219328307059629,0.1920836189170665,0.5540850447264882,0.2472126105344098,0.1805493021161638,0.0543180260452364,5.0,4.0,-1.0,29375.0,55962.5,58750.0,58750.0,224.0,0.7980295566502463,60.0,0.0574379416560971,0.0615232000127434,0.036995799979195,0.1189836999983526,0.0019830616666392,,4.0
test_002_1004,offline_spectral,500.0,offline_spectral,2,False,False,0.4424967234600262,0.1223787680209698,0.0234272608125819,0.2966906946264744,0.7860360159309654,0.4014024649383765,0.3772615590797409,0.1145150720838794,5.0,3.0,-2.0,30125.0,56012.49999999999,59000.0,59000.0,220.0,0.6538461538461539,60.0,0.1293246993524514,0.0684310000215191,0.0375698000134434,0.1314993000414688,0.0021916550006911,,3.0
test_002_1005,offline_spectral,500.0,offline_spectral,2,False,False,0.2734126319316468,0.093147930976713,0.0271402244932149,0.1531244764617189,0.510423881621641,0.2120721085679562,0.1363636363636363,0.0864466409783883,4.0,3.0,-1.0,29250.0,56224.99999999999,59000.0,59000.0,223.0,0.8272251308900523,60.0,0.0946268109297634,0.147087699995609,0.0458329000102821,0.2182003000052645,0.0036366716667544,,3.0
test_002_1006,offline_spectral,500.0,offline_spectral,2,False,False,0.2437885609471402,0.0763715190928797,0.0226780056695014,0.144739036184759,0.4240149290407183,0.165918407183291,0.1275335914370303,0.072869768217442,4.0,4.0,0.0,29750.0,55925.0,59250.0,59250.0,227.0,0.8743718592964824,60.0,0.0785971223021582,0.212959900003625,0.0410617000015918,0.2738452999910805,0.0045640883331846,,4.0
test_002_1007,offline_spectral,500.0,offline_spectral,2,False,False,0.4337959183673469,0.1165714285714285,0.034938775510204,0.2822857142857143,0.7524157328213362,0.3402997677855182,0.3028103044496487,0.1133061224489796,4.0,4.0,0.0,30000.0,55949.99999999999,58750.0,58750.0,225.0,0.7189189189189189,60.0,0.1277849383170687,0.2734510000154841,0.0398615000012796,0.3345087000343483,0.0055751450005724,,4.0
test_002_1008,offline_spectral,500.0,offline_spectral,2,False,False,0.2980817347789825,0.0707256046705588,0.0256880733944954,0.2016680567139282,0.6314255448864994,0.2607532020646148,0.1869936993699369,0.06371976647206,5.0,3.0,-2.0,29500.0,56150.0,59000.0,59000.0,229.0,0.7832512315270936,60.0,0.0680562978799216,0.2407225000206381,0.0328542999923229,0.2989511000341736,0.0049825183339028,,3.0
test_002_1009,offline_spectral,500.0,offline_spectral,2,False,False,0.2196781151484984,0.1012112161937945,0.0303633648581383,0.0881035340965654,0.3305681286342107,0.1538930676966863,0.116781814129708,0.0919196947071511,3.0,3.0,0.0,29125.0,56712.5,59500.0,59500.0,224.0,0.8928571428571429,60.0,0.1012241914854741,0.1670986999815795,0.0323558000090997,0.2205941999854985,0.0036765699997583,,3.0
test_002_1010,offline_spectral,500.0,offline_spectral,2,False,False,0.3106896551724138,0.0703448275862069,0.031551724137931,0.2087931034482758,0.3002443105331921,0.2758349705304518,0.1905322656617993,0.0612068965517241,2.0,3.0,1.0,29000.0,56224.99999999999,59500.0,59500.0,223.0,0.7512437810945274,60.0,0.0651974288337924,0.0666576999938115,0.032917999982601,0.1215503999846987,0.0020258399997449,,3.0
test_002_1011,offline_spectral,500.0,offline_spectral,2,False,False,0.3193859121011438,0.1587898856110776,0.0167068031306441,0.143889223359422,0.7101986606054581,0.1947712418300653,0.2184083952776563,0.1547260686333534,5.0,4.0,-1.0,30000.0,56162.49999999999,59000.0,59000.0,228.0,0.8333333333333334,60.0,0.1826923076923076,0.0572744000237435,0.0395514999981969,0.1204099000315181,0.0020068316671919,,4.0
test_002_1012,offline_spectral,500.0,offline_spectral,2,False,False,0.4714865962632006,0.0797725426482534,0.0220958570268074,0.3696181965881397,0.865014658934767,0.4422004231582996,0.3955555555555555,0.0776604386677498,5.0,2.0,-3.0,29375.0,56362.5,59250.0,59250.0,232.0,0.5951219512195122,60.0,0.0841994010921261,0.0504204999888315,0.0297893999959342,0.1024334999965503,0.0017072249999425,,2.0
test_002_1013,offline_spectral,500.0,offline_spectral,2,False,False,0.1645288181973661,0.0730289037113049,0.0307850179579271,0.060714896528134,0.2328135942999015,0.1115072291542879,0.0390776699029126,0.0682401231400718,2.0,2.0,0.0,29125.0,55712.5,58750.0,58750.0,224.0,0.9346733668341708,60.0,0.073237885462555,0.0585511999961454,0.0282612000009976,0.1084159000020008,0.0018069316667,,2.0
test_002_1014,offline_spectral,500.0,offline_spectral,2,False,False,0.3069405333775054,0.0730495279112141,0.0296504886533046,0.2042405168129865,0.5756839220192684,0.2498557414887478,0.1962929879410451,0.0694053337750538,4.0,3.0,-1.0,30000.0,56625.0,59500.0,59500.0,231.0,0.8009708737864077,60.0,0.0745817016731933,0.0596189000061713,0.033489900000859,0.120699399994919,0.0020116566665819,,3.0
test_002_1015,offline_spectral,500.0,offline_spectral,2,False,False,0.2225773889636608,0.0593876177658142,0.0225437415881561,0.1406460296096904,0.473705770727325,0.1832321699544764,0.0940914158305462,0.0565275908479138,5.0,4.0,-1.0,30000.0,56400.0,59250.0,59250.0,229.0,0.8640776699029126,60.0,0.0599144079885877,0.059805500000948,0.0384555000055115,0.1222883000154979,0.0020381383335916,,4.0
test_002_1016,offline_spectral,500.0,offline_spectral,2,False,False,0.1961018977603009,0.073003932296119,0.0304325525730894,0.0926654128910925,0.2980188441527032,0.1522207004500098,0.0858524788391777,0.0630877073003932,2.0,2.0,0.0,29375.0,56212.5,59250.0,59250.0,224.0,0.9086294416243654,60.0,0.0673357664233576,0.1523098000034224,0.0305986999883316,0.2035223999992013,0.0033920399999866,,2.0
test_002_1017,offline_spectral,500.0,offline_spectral,2,False,False,0.1599430469862363,0.1037810473026419,0.0094921689606074,0.0466698307229868,0.2072121425965853,0.0757844878626406,0.0642023346303501,0.0991931656383483,2.0,2.0,0.0,30500.0,56400.0,59250.0,59250.0,229.0,0.949238578680203,60.0,0.1101159114857745,0.061501300020609,0.0336085000017192,0.1176017000398133,0.0019600283339968,,2.0
test_002_1018,offline_spectral,500.0,offline_spectral,2,False,False,0.3781841933376877,0.0738079686479425,0.0209013716525146,0.2834748530372306,0.4180701826559157,0.3467070401211203,0.2904276101584545,0.0685826257348138,3.0,4.0,1.0,29625.0,56362.5,59250.0,59250.0,232.0,0.6796116504854369,60.0,0.0736325385694249,0.0575650999962817,0.0431862999976147,0.1278179999790154,0.0021302999996502,,4.0
test_002_1019,offline_spectral,500.0,offline_spectral,2,False,False,0.2594594594594595,0.0563208369659982,0.0327811682650392,0.1703574542284219,0.6988756515278255,0.2286754839946329,0.1427926911797879,0.0451612903225806,5.0,3.0,-2.0,30125.0,56462.5,59250.0,59250.0,224.0,0.821256038647343,60.0,0.0472972972972973,0.0634221000073012,0.0300653000012971,0.1146879000007174,0.0019114650000119,,3.0
test_002_1020,offline_spectral,500.0,offline_spectral,2,False,False,0.1579536370903277,0.0864908073541167,0.0177458033573141,0.0537170263788968,0.2141363351634412,0.0880938642046547,0.0590343664347459,0.0844124700239808,4.0,4.0,0.0,29500.0,56349.99999999999,59250.0,59250.0,233.0,0.9359605911330048,60.0,0.0921948664222105,0.0588663000089582,0.0421191999921575,0.123541999986628,0.0020590333331104,,4.0
test_002_1021,offline_spectral,500.0,offline_spectral,2,False,False,0.3096010379500487,0.1110930911449886,0.0233538760947129,0.175154070710347,0.5850528026013764,0.2561174551386623,0.246309403437816,0.1023353876094712,4.0,3.0,-1.0,30000.0,56449.99999999999,59250.0,59250.0,225.0,0.7794871794871795,60.0,0.1140018066847335,0.0811830000020563,0.0330547000048682,0.1354554000135976,0.0022575900002266,,3.0
test_002_1022,offline_spectral,500.0,offline_spectral,2,False,False,0.3350523771152296,0.1269943593875906,0.0294923448831587,0.1785656728444802,0.6342623414923672,0.2334688636849989,0.2307512286449801,0.1234488315874294,4.0,3.0,-1.0,30375.0,55962.5,58750.0,58750.0,224.0,0.8142076502732241,60.0,0.1408347122632837,0.0702685000142082,0.0327415000065229,0.1226353000092785,0.0020439216668213,,3.0
test_002_1023,offline_spectral,500.0,offline_spectral,2,False,False,0.3316608128449573,0.0546914199698946,0.0163907007860846,0.2605786920889781,0.8189069592967868,0.285953488372093,0.2302478288498199,0.0505101187489546,4.0,2.0,-2.0,29875.0,56137.49999999999,59000.0,59000.0,230.0,0.7464114832535885,60.0,0.0531971111502554,0.0578928999893832,0.0328757999814115,0.1169414999603759,0.0019490249993395,,2.0
test_002_1000,online,500.0,online_oracle_count,2,True,False,0.1825161402896527,0.0340254754842086,0.0286162973303088,0.1198743674751352,0.3436158047369088,0.1591965780174818,0.0839160839160839,0.0308846623625894,5.0,5.0,0.0,500.0,500.0,500.0,500.0,228.0,0.8709677419354839,60.0,0.0318689232985235,0.0870367999887093,0.0637624000082723,0.1738124999974388,0.0028968749999573,2.9078947368421053,
test_002_1001,online,500.0,online_oracle_count,2,True,False,0.5598118279569892,0.0829973118279569,0.0280577956989247,0.4487567204301075,0.955885776478643,0.5428457552809884,0.4950874670500839,0.0784610215053763,4.0,4.0,0.0,500.0,500.0,500.0,500.0,225.0,0.4923076923076923,60.0,0.0851412944393801,0.0553794000006746,0.0514110999938566,0.1288952000031713,0.0021482533333861,2.897777777777778,
test_002_1002,online,500.0,online_oracle_count,2,True,False,0.4035821894877804,0.0984265148978908,0.031637094074322,0.2735185805155674,0.9711398800776532,0.3644651539708265,0.2930444697833523,0.0868764646802812,5.0,5.0,0.0,500.0,500.0,500.0,500.0,223.0,0.6752577319587629,60.0,0.0951420714940421,0.0572795000043697,0.0518077999877277,0.1300940999935846,0.002168234999893,2.8385650224215246,
test_002_1003,online,500.0,online_oracle_count,2,True,False,0.4473954763536669,0.0623714873200822,0.0219328307059629,0.3630911583276217,0.9114413516000784,0.4211841599384852,0.3692030616839261,0.0543180260452364,5.0,3.0,-2.0,500.0,500.0,500.0,500.0,224.0,0.6059113300492611,60.0,0.0574379416560971,0.0621895999938715,0.0601812000095378,0.1459615000057965,0.0024326916667632,2.892857142857143,
test_002_1004,online,500.0,online_oracle_count,2,True,False,0.4941022280471822,0.1223787680209698,0.0234272608125819,0.3482961992136304,0.8713710543206276,0.4691882702932426,0.4462809917355372,0.1145150720838794,5.0,3.0,-2.0,500.0,500.0,500.0,500.0,220.0,0.5769230769230769,60.0,0.1293246993524514,0.0673167000059038,0.0516786999942269,0.1513480000139679,0.0025224666668994,2.868181818181818,
test_002_1005,online,500.0,online_oracle_count,2,True,False,0.1688725079577819,0.093147930976713,0.0271402244932149,0.0485843524878539,0.2345752208742577,0.0996556613327931,0.0484515484515484,0.0864466409783883,4.0,4.0,0.0,500.0,500.0,500.0,500.0,223.0,0.9528795811518324,60.0,0.0946268109297634,0.0608462000091094,0.0557564999908208,0.1396033999917563,0.0023267233331959,2.802690582959641,
test_002_1006,online,500.0,online_oracle_count,2,True,False,0.1877605469401367,0.0763715190928797,0.0226780056695014,0.0887110221777555,0.3255887521168774,0.1216084325590474,0.0746982464131177,0.072869768217442,4.0,4.0,0.0,500.0,500.0,500.0,500.0,227.0,0.914572864321608,60.0,0.0785971223021582,0.0596185000031255,0.0807221000140998,0.1612798000278417,0.0026879966671306,2.881057268722467,
test_002_1007,online,500.0,online_oracle_count,2,True,False,0.356734693877551,0.1165714285714285,0.034938775510204,0.2052244897959183,0.5943006643542101,0.2617690521427063,0.234192037470726,0.1133061224489796,4.0,4.0,0.0,500.0,500.0,500.0,500.0,225.0,0.7945945945945946,60.0,0.1277849383170687,0.4765545000263955,0.0779283999872859,0.5801400000345893,0.0096690000005764,2.813333333333333,
test_002_1008,online,500.0,online_oracle_count,2,True,False,0.5407839866555463,0.0707256046705588,0.0256880733944954,0.4443703085904921,0.9407707667667904,0.5144331867711719,0.4858235823582358,0.06371976647206,5.0,3.0,-2.0,500.0,500.0,500.0,500.0,229.0,0.5024630541871922,60.0,0.0680562978799216,0.1540941999992355,0.0677672000019811,0.241922599991085,0.0040320433331847,2.8558951965065504,
test_002_1009,online,500.0,online_oracle_count,2,True,False,0.1606105856976937,0.1012112161937945,0.0303633648581383,0.0290360046457607,0.2136343974130053,0.0815206342752592,0.0710942723423222,0.0919196947071511,3.0,3.0,0.0,500.0,500.0,500.0,500.0,224.0,0.9642857142857144,60.0,0.1012241914854741,0.2010732000053394,0.0548989000089932,0.2767007000220474,0.0046116783337007,2.8392857142857144,
test_002_1010,online,500.0,online_oracle_count,2,True,False,0.426551724137931,0.0703448275862069,0.031551724137931,0.3246551724137931,0.7853179367543293,0.4163064833005894,0.3577484691474328,0.0612068965517241,2.0,2.0,0.0,500.0,500.0,500.0,500.0,223.0,0.6318407960199005,60.0,0.0651974288337924,0.0560508000198751,0.053416400012793,0.1363177000603173,0.0022719616676719,2.878923766816144,
test_002_1011,online,500.0,online_oracle_count,2,True,False,0.3594220349187236,0.1587898856110776,0.0167068031306441,0.1839253461770018,0.691681404336111,0.2725490196078431,0.2739396589418452,0.1547260686333534,5.0,4.0,-1.0,500.0,500.0,500.0,500.0,228.0,0.7758620689655172,60.0,0.1826923076923076,0.1725035000126809,0.0562806999951135,0.2544819000177085,0.0042413650002951,2.912280701754386,
test_002_1012,online,500.0,online_oracle_count,2,True,False,0.3852152721364744,0.0797725426482534,0.0220958570268074,0.2833468724614135,0.7520403211797144,0.3427582227351414,0.3028571428571429,0.0776604386677498,5.0,5.0,0.0,500.0,500.0,500.0,500.0,232.0,0.6926829268292682,60.0,0.0841994010921261,0.0633171000226866,0.0558095999876968,0.1425474000279791,0.0023757900004663,2.913793103448276,
test_002_1013,online,500.0,online_oracle_count,2,True,False,0.1214297930562681,0.0730289037113049,0.0307850179579271,0.017615871387036,0.1422343273349288,0.0615963557140027,0.0245145631067961,0.0682401231400718,2.0,2.0,0.0,500.0,500.0,500.0,500.0,224.0,0.984924623115578,60.0,0.073237885462555,0.0684925999958068,0.070050899987109,0.1621260999818332,0.0027021016663638,2.8973214285714284,
test_002_1014,online,500.0,online_oracle_count,2,True,False,0.2880569819446745,0.0730495279112141,0.0296504886533046,0.1853569653801557,0.5422614891629534,0.2233121754183497,0.1895935685573917,0.0694053337750538,4.0,3.0,-1.0,500.0,500.0,500.0,500.0,231.0,0.8252427184466019,60.0,0.0745817016731933,0.1408070999896153,0.0681306000042241,0.2326612999895587,0.0038776883331593,2.913419913419913,
test_002_1015,online,500.0,online_oracle_count,2,True,False,0.2444481830417227,0.0593876177658142,0.0225437415881561,0.1625168236877523,0.4388553799096549,0.2090288315629742,0.1500557413600891,0.0565275908479138,5.0,5.0,0.0,500.0,500.0,500.0,500.0,229.0,0.8300970873786407,60.0,0.0599144079885877,0.1836375999846495,0.0650661000108812,0.2714600999897811,0.0045243349998296,2.908296943231441,
test_002_1016,online,500.0,online_oracle_count,2,True,False,0.1436142930415455,0.073003932296119,0.0304325525730894,0.0401778081723371,0.1930459479753488,0.0921541772647231,0.0413542926239419,0.0630877073003932,2.0,2.0,0.0,500.0,500.0,500.0,500.0,224.0,0.9593908629441624,60.0,0.0673357664233576,0.114635099977022,0.0644898999889846,0.2016425999754574,0.0033607099995909,2.84375,
test_002_1017,online,500.0,online_oracle_count,2,True,False,0.4611612086695143,0.1037810473026419,0.0094921689606074,0.3478879924062648,0.8266800689259046,0.451549240181567,0.4308257674016429,0.0991931656383483,2.0,1.0,-1.0,500.0,500.0,500.0,500.0,229.0,0.5634517766497462,60.0,0.1101159114857745,0.1195413999957963,0.0608639999991282,0.2075097999768331,0.0034584966662805,2.921397379912664,
test_002_1018,online,500.0,online_oracle_count,2,True,False,0.2975179621162638,0.0738079686479425,0.0209013716525146,0.2028086218158066,0.608613076627722,0.2375094625283876,0.1834165400477534,0.0685826257348138,3.0,3.0,0.0,500.0,500.0,500.0,500.0,232.0,0.8009708737864077,60.0,0.0736325385694249,0.1091659999801777,0.073508799978299,0.2132540999737102,0.0035542349995618,2.913793103448276,
test_002_1019,online,500.0,online_oracle_count,2,True,False,0.3693112467306015,0.0563208369659982,0.0327811682650392,0.280209241499564,0.845892221794292,0.3551849722062488,0.2756598240469208,0.0451612903225806,5.0,3.0,-2.0,500.0,500.0,500.0,500.0,224.0,0.6811594202898551,60.0,0.0472972972972973,0.1052518999786116,0.0775809999904595,0.2070249999524094,0.0034504166658734,2.8973214285714284,
test_002_1020,online,500.0,online_oracle_count,2,True,False,0.3063149480415667,0.0864908073541167,0.0177458033573141,0.2020783373301359,0.5710670819708943,0.2398538180419311,0.2253847775669407,0.0844124700239808,4.0,4.0,0.0,500.0,500.0,500.0,500.0,233.0,0.7832512315270936,60.0,0.0921948664222105,0.1687077000096906,0.0653342000150587,0.2560930000036023,0.0042682166667267,2.939914163090129,
test_002_1021,online,500.0,online_oracle_count,2,True,False,0.3115471942912747,0.1110930911449886,0.0233538760947129,0.1771002270515731,0.5998181233053642,0.2510195758564437,0.2543983822042467,0.1023353876094712,4.0,4.0,0.0,500.0,500.0,500.0,500.0,225.0,0.7846153846153846,60.0,0.1140018066847335,0.1094832000089809,0.0657500000088475,0.2010939000174403,0.0033515650002906,2.8177777777777777,
test_002_1022,online,500.0,online_oracle_count,2,True,False,0.3174858984689766,0.1269943593875906,0.0294923448831587,0.1609991941982272,0.6385140102102296,0.2114273485983308,0.2153054060379124,0.1234488315874294,4.0,4.0,0.0,500.0,500.0,500.0,500.0,224.0,0.8360655737704918,60.0,0.1408347122632837,0.1240478999970946,0.0587401000084355,0.2036079000099562,0.0033934650001659,2.861607142857143,
test_002_1023,online,500.0,online_oracle_count,2,True,False,0.3565813681217595,0.0546914199698946,0.0163907007860846,0.2854992473657802,0.9747918174053456,0.3045581395348837,0.2501588646473204,0.0505101187489546,4.0,4.0,0.0,500.0,500.0,500.0,500.0,230.0,0.7368421052631579,60.0,0.0531971111502554,0.1287843000027351,0.0730793999973684,0.2278566999884788,0.0037976116664746,2.88695652173913,
test_002_1000,offline_ahc,500.0,offline_ahc_oracle_count,2,True,False,0.3463618914674576,0.0340254754842086,0.0286162973303088,0.2837201186529401,0.7275777374790058,0.318951087967268,0.2557745285018012,0.0308846623625894,5.0,3.0,-2.0,30625.0,56662.49999999999,59500.0,59500.0,228.0,0.7188940092165899,60.0,0.0318689232985235,0.1191913999791722,0.0386040000012144,0.1817324999719858,0.003028874999533,,3.0
test_002_1001,offline_ahc,500.0,offline_ahc_oracle_count,2,True,False,0.5551075268817204,0.0829973118279569,0.0280577956989247,0.4440524193548387,0.9284647823113744,0.5372658429653249,0.4924514737598849,0.0784610215053763,4.0,2.0,-2.0,29500.0,56099.99999999999,59000.0,59000.0,225.0,0.5128205128205128,60.0,0.0851412944393801,0.1140310000046156,0.0361431999772321,0.1728734000062104,0.0028812233334368,,2.0
test_002_1002,offline_ahc,500.0,offline_ahc_oracle_count,2,True,False,0.3269166387679946,0.0984265148978908,0.031637094074322,0.1968530297957817,1.137861870390243,0.2757293354943274,0.1927023945267958,0.0868764646802812,5.0,5.0,0.0,29750.0,55724.99999999999,59250.0,59250.0,223.0,0.7680412371134021,60.0,0.0951420714940421,0.2287780000187922,0.0303640999773051,0.2854716000147164,0.0047578600002452,,5.0
test_002_1003,offline_ahc,500.0,offline_ahc_oracle_count,2,True,False,0.5361549006168609,0.0623714873200822,0.0219328307059629,0.4518505825908156,1.0154237115353808,0.5246059207996924,0.465105808194507,0.0543180260452364,5.0,2.0,-3.0,29375.0,55962.5,58750.0,58750.0,224.0,0.5123152709359606,60.0,0.0574379416560971,0.0680999000032898,0.0376014000212308,0.1293767000315711,0.0021562783338595,,2.0
test_002_1004,offline_ahc,500.0,offline_ahc_oracle_count,2,True,False,0.5157273918741808,0.1223787680209698,0.0234272608125819,0.3699213630406291,0.8853509201548462,0.4972375690607735,0.4652669198123743,0.1145150720838794,5.0,2.0,-3.0,30125.0,56012.49999999999,59000.0,59000.0,220.0,0.5439560439560439,60.0,0.1293246993524514,0.0591139999742154,0.0310295000090263,0.1148414999770466,0.0019140249996174,,2.0
test_002_1005,offline_ahc,500.0,offline_ahc_oracle_count,2,True,False,0.3335567096666108,0.093147930976713,0.0271402244932149,0.2132685541966828,0.7435263950811752,0.2635203564917966,0.1808191808191808,0.0864466409783883,4.0,4.0,0.0,29250.0,56224.99999999999,59000.0,59000.0,223.0,0.7853403141361257,60.0,0.0946268109297634,0.063723300001584,0.0287970999779645,0.1162416999577544,0.0019373616659625,,4.0
test_002_1006,offline_ahc,500.0,offline_ahc_oracle_count,2,True,False,0.2668000667000166,0.0763715190928797,0.0226780056695014,0.1677505419376354,0.496951046415726,0.2260394300214717,0.1865178774766568,0.072869768217442,4.0,3.0,-1.0,29750.0,55925.0,59250.0,59250.0,227.0,0.8090452261306532,60.0,0.0785971223021582,0.0605052999744657,0.0299502999987453,0.1120024999836459,0.0018667083330607,,3.0
test_002_1007,offline_ahc,500.0,offline_ahc_oracle_count,2,True,False,0.4532244897959184,0.1165714285714285,0.034938775510204,0.3017142857142857,0.7901880190519797,0.3620434874393076,0.3220140515222482,0.1133061224489796,4.0,4.0,0.0,30000.0,55949.99999999999,58750.0,58750.0,225.0,0.7027027027027027,60.0,0.1277849383170687,0.0529423000116366,0.0312346999999135,0.1070605000131763,0.0017843416668862,,4.0
test_002_1008,offline_ahc,500.0,offline_ahc_oracle_count,2,True,False,0.514929107589658,0.0707256046705588,0.0256880733944954,0.4185154295246038,0.9142257667276432,0.5092716497801567,0.4633213321332133,0.06371976647206,5.0,2.0,-3.0,29500.0,56150.0,59000.0,59000.0,229.0,0.5270935960591133,60.0,0.0680562978799216,0.0565454000025056,0.0332516000198666,0.1122328000201378,0.0018705466670022,,2.0
test_002_1009,offline_ahc,500.0,offline_ahc_oracle_count,2,True,False,0.3424589347934296,0.1012112161937945,0.0303633648581383,0.2108843537414966,0.7170668622060279,0.2968082943687741,0.2409182081568977,0.0919196947071511,3.0,2.0,-1.0,29125.0,56712.5,59500.0,59500.0,224.0,0.7602040816326531,60.0,0.1012241914854741,0.0676127999904565,0.0329840000194963,0.1239141999976709,0.0020652366666278,,2.0
test_002_1010,offline_ahc,500.0,offline_ahc_oracle_count,2,True,False,0.4312068965517241,0.0703448275862069,0.031551724137931,0.3293103448275862,0.7934381037503427,0.4216110019646365,0.3598681111634479,0.0612068965517241,2.0,2.0,0.0,29000.0,56224.99999999999,59500.0,59500.0,223.0,0.6268656716417911,60.0,0.0651974288337924,0.0737038000079337,0.0324620000028517,0.1265408000326715,0.0021090133338778,,2.0
test_002_1011,offline_ahc,500.0,offline_ahc_oracle_count,2,True,False,0.3273630343166767,0.1587898856110776,0.0167068031306441,0.1518663455749548,0.6277201176599326,0.2418300653594771,0.2304328815041539,0.1547260686333534,5.0,3.0,-2.0,30000.0,56162.49999999999,59000.0,59000.0,228.0,0.8103448275862069,60.0,0.1826923076923076,0.0719479999970644,0.0334472999966237,0.1260025999799836,0.0021000433329997,,3.0
test_002_1012,offline_ahc,500.0,offline_ahc_oracle_count,2,True,False,0.3556458164094232,0.0797725426482534,0.0220958570268074,0.2537774167343623,0.544455245393896,0.3073668013079438,0.263068783068783,0.0776604386677498,5.0,5.0,0.0,29375.0,56362.5,59250.0,59250.0,232.0,0.7317073170731707,60.0,0.0841994010921261,0.0658543000172358,0.0336397000064607,0.120950200012885,0.0020158366668814,,5.0
test_002_1013,offline_ahc,500.0,offline_ahc_oracle_count,2,True,False,0.1693175987685992,0.0730289037113049,0.0307850179579271,0.0655036770993671,0.2390500105540633,0.1170528817587641,0.0451456310679611,0.0682401231400718,2.0,2.0,0.0,29125.0,55712.5,58750.0,58750.0,224.0,0.9296482412060302,60.0,0.073237885462555,0.1704732000071089,0.0304959999921266,0.2208617000142112,0.0036810283335701,,2.0
test_002_1014,offline_ahc,500.0,offline_ahc_oracle_count,2,True,False,0.3235050521782342,0.0730495279112141,0.0296504886533046,0.2208050356137154,0.606742745010836,0.2642815926139642,0.2251004912907548,0.0694053337750538,4.0,3.0,-1.0,30000.0,56625.0,59500.0,59500.0,231.0,0.7864077669902912,60.0,0.0745817016731933,0.0554998999868985,0.0294996000011451,0.1050527999759651,0.0017508799995994,,3.0
test_002_1015,offline_ahc,500.0,offline_ahc_oracle_count,2,True,False,0.4205921938088829,0.0593876177658142,0.0225437415881561,0.3386608344549125,0.6485886833738801,0.3930197268588771,0.3355629877369008,0.0565275908479138,5.0,4.0,-1.0,30000.0,56400.0,59250.0,59250.0,229.0,0.6456310679611651,60.0,0.0599144079885877,0.058030799991684,0.0435666999837849,0.1242973999760579,0.0020716233329342,,4.0
test_002_1016,offline_ahc,500.0,offline_ahc_oracle_count,2,True,False,0.1957599589673448,0.073003932296119,0.0304325525730894,0.0923234740981364,0.2939981588900665,0.1518293875953825,0.0899637243047158,0.0630877073003932,2.0,2.0,0.0,29375.0,56212.5,59250.0,59250.0,224.0,0.9086294416243654,60.0,0.0673357664233576,0.0621409000013954,0.0302297000016551,0.1141758000012487,0.0019029300000208,,2.0
test_002_1017,offline_ahc,500.0,offline_ahc_oracle_count,2,True,False,0.4611612086695143,0.1037810473026419,0.0094921689606074,0.3478879924062648,0.8266800689259046,0.451549240181567,0.4308257674016429,0.0991931656383483,2.0,1.0,-1.0,30500.0,56400.0,59250.0,59250.0,229.0,0.5634517766497462,60.0,0.1101159114857745,0.0652267999830655,0.0327882999845314,0.1202816999575588,0.0020046949992926,,1.0
test_002_1018,offline_ahc,500.0,offline_ahc_oracle_count,2,True,False,0.3016002612671457,0.0738079686479425,0.0209013716525146,0.2068909209666884,0.5982509187647413,0.2647615442846328,0.1903624918602127,0.0685826257348138,3.0,3.0,0.0,29625.0,56362.5,59250.0,59250.0,232.0,0.7669902912621359,60.0,0.0736325385694249,0.0633192999812308,0.0342268000240437,0.1216690000146627,0.002027816666911,,3.0
test_002_1019,offline_ahc,500.0,offline_ahc_oracle_count,2,True,False,0.2673060156931124,0.0563208369659982,0.0327811682650392,0.1782040104620749,0.6284563048006964,0.237492811960897,0.1579066095195127,0.0451612903225806,5.0,3.0,-2.0,30125.0,56462.5,59250.0,59250.0,224.0,0.8067632850241546,60.0,0.0472972972972973,0.057059599988861,0.0337795999948866,0.1159232999780215,0.0019320549996336,,3.0
test_002_1020,offline_ahc,500.0,offline_ahc_oracle_count,2,True,False,0.1614708233413269,0.0864908073541167,0.0177458033573141,0.057234212629896,0.2197334777468852,0.0927101365647239,0.0624077588024457,0.0844124700239808,4.0,4.0,0.0,29500.0,56349.99999999999,59250.0,59250.0,233.0,0.9310344827586208,60.0,0.0921948664222105,0.065922000008868,0.0345918000093661,0.1258136999967973,0.0020968949999466,,4.0
test_002_1021,offline_ahc,500.0,offline_ahc_oracle_count,2,True,False,0.3730132987349984,0.1110930911449886,0.0233538760947129,0.2385663314952968,0.7913883354844126,0.3075040783034258,0.3063700707785642,0.1023353876094712,4.0,4.0,0.0,30000.0,56449.99999999999,59250.0,59250.0,225.0,0.7282051282051282,60.0,0.1140018066847335,0.0600223999936133,0.0323009999992791,0.1147692999802529,0.0019128216663375,,4.0
test_002_1022,offline_ahc,500.0,offline_ahc_oracle_count,2,True,False,0.374375503626108,0.1269943593875906,0.0294923448831587,0.2178887993553585,0.7447868578584556,0.2659961480847421,0.2717060613152351,0.1234488315874294,4.0,4.0,0.0,30375.0,55962.5,58750.0,58750.0,224.0,0.7814207650273224,60.0,0.1408347122632837,0.0592532000155188,0.0347542999952565,0.1158015000110026,0.0019300250001833,,4.0
test_002_1023,offline_ahc,500.0,offline_ahc_oracle_count,2,True,False,0.3614316775380498,0.0546914199698946,0.0163907007860846,0.2903495567820706,0.8729602293988523,0.3164651162790697,0.264138953611523,0.0505101187489546,4.0,3.0,-1.0,29875.0,56137.49999999999,59000.0,59000.0,230.0,0.722488038277512,60.0,0.0531971111502554,0.1050400999956764,0.0328344999870751,0.1602440999704413,0.0026707349995073,,3.0
test_002_1000,online,500.0,online_oracle_vad,2,False,True,0.3064037689757459,0.0444948525562729,0.0129122317222125,0.2489966846972605,0.6359679575761004,0.2852891947182444,0.2273786819241364,0.0308846623625894,5.0,4.0,-1.0,500.0,500.0,500.0,500.0,222.0,0.7393364928909952,60.0,0.0318689232985235,0.2145126000104937,0.0615152999816928,0.282080799981486,0.0047013466663581,2.873873873873874,
test_002_1001,online,500.0,online_oracle_vad,2,False,True,0.4526209677419355,0.0900537634408602,0.0099126344086021,0.3526545698924731,0.7371129653130198,0.4416102032682343,0.4270309130122214,0.0784610215053763,4.0,5.0,1.0,500.0,500.0,500.0,500.0,219.0,0.582010582010582,60.0,0.0851412944393801,0.0630953999934718,0.0597109000082127,0.1305120000033639,0.002175200000056,2.8767123287671232,
test_002_1002,online,500.0,online_oracle_vad,2,False,True,0.2882490793438232,0.0967525945764981,0.0132239705390023,0.1782725142283227,0.72912987402096,0.2088735818476499,0.169897377423033,0.0868764646802812,5.0,8.0,3.0,500.0,500.0,500.0,500.0,219.0,0.8052631578947368,60.0,0.0951420714940421,0.0622430000221356,0.0554368000011891,0.1255920000257901,0.0020932000004298,2.82648401826484,
test_002_1003,online,500.0,online_oracle_vad,2,False,True,0.4441398217957505,0.0673406442769019,0.0097669636737491,0.3670322138450994,0.9126134708710308,0.4175317185697808,0.3692030616839261,0.0543180260452364,5.0,3.0,-2.0,500.0,500.0,500.0,500.0,220.0,0.6030150753768844,60.0,0.0574379416560971,0.0577801000035833,0.0575771000003442,0.1214081000071019,0.0020234683334516,2.8772727272727274,
test_002_1004,online,500.0,online_oracle_vad,2,False,True,0.4770642201834862,0.1223787680209698,0.0152359108781127,0.3394495412844037,0.8474438420759549,0.4470888227794305,0.4360062541880724,0.1145150720838794,5.0,3.0,-2.0,500.0,500.0,500.0,500.0,218.0,0.5833333333333334,60.0,0.1293246993524514,0.0605968000018037,0.0551876000245101,0.1219363000127486,0.0020322716668791,2.8577981651376145,
test_002_1005,online,500.0,online_oracle_vad,2,False,True,0.3204891941698777,0.1000167532249958,0.0130675154967331,0.2074049254481487,0.334303837515371,0.2049827830666396,0.1193806193806193,0.0864466409783883,4.0,7.0,3.0,500.0,500.0,500.0,500.0,218.0,0.8502673796791443,60.0,0.0946268109297634,0.0634883999882731,0.053269399999408,0.1232030999963171,0.0020533849999386,2.76605504587156,
test_002_1006,online,500.0,online_oracle_vad,2,False,True,0.2372853093213273,0.0827080206770051,0.008170752042688,0.1464065366016341,0.5235806563684836,0.1901229748194417,0.1575950808471874,0.072869768217442,4.0,4.0,0.0,500.0,500.0,500.0,500.0,222.0,0.8358974358974359,60.0,0.0785971223021582,0.0562416999891866,0.0619755000225268,0.1246277000172995,0.0020771283336216,2.864864864864865,
test_002_1007,online,500.0,online_oracle_vad,2,False,True,0.3978775510204081,0.1276734693877551,0.0093061224489795,0.2608979591836735,0.583969090120479,0.2752797128984589,0.2749414519906323,0.1133061224489796,4.0,5.0,1.0,500.0,500.0,500.0,500.0,216.0,0.7584269662921348,60.0,0.1277849383170687,0.0600221000204328,0.0562422999937552,0.123077500029467,0.0020512916671577,2.7685185185185186,
test_002_1008,online,500.0,online_oracle_vad,2,False,True,0.5267723102585488,0.0697247706422018,0.016346955796497,0.4407005838198499,0.9271417828431964,0.5016249283119862,0.477047704770477,0.06371976647206,5.0,3.0,-2.0,500.0,500.0,500.0,500.0,227.0,0.4975124378109453,60.0,0.0680562978799216,0.0566428000165615,0.061130599991884,0.1236419999913778,0.0020606999998562,2.841409691629956,
test_002_1009,online,500.0,online_oracle_vad,2,False,True,0.2319561971129915,0.1075161772025883,0.0076323212211713,0.1168076986892317,0.2612950738057841,0.145151453547469,0.1308223757521729,0.0919196947071511,3.0,5.0,2.0,500.0,500.0,500.0,500.0,217.0,0.8835978835978836,60.0,0.1012241914854741,0.0686939999868627,0.0514845000288914,0.1297236000245902,0.0021620600004098,2.80184331797235,
test_002_1010,online,500.0,online_oracle_vad,2,False,True,0.145,0.0739655172413793,0.0136206896551724,0.0574137931034482,0.1672810547536572,0.0954813359528487,0.0463966085727743,0.0612068965517241,2.0,3.0,1.0,500.0,500.0,500.0,500.0,218.0,0.9336734693877552,60.0,0.0651974288337924,0.058945600001607,0.0620592999912332,0.1276890999870374,0.0021281516664506,2.8486238532110093,
test_002_1011,online,500.0,online_oracle_vad,2,False,True,0.4483744732089103,0.1568332329921734,0.0147501505117399,0.276791089704997,0.8450099673508097,0.4115468409586056,0.3819414079580236,0.1547260686333534,5.0,4.0,-1.0,500.0,500.0,500.0,500.0,228.0,0.6264367816091954,60.0,0.1826923076923076,0.0597995000134687,0.0581179000146221,0.1240042000135872,0.0020667366668931,2.8903508771929824,
test_002_1012,online,500.0,online_oracle_vad,2,False,True,0.3432981316003249,0.0820471161657189,0.0081234768480909,0.253127538586515,0.491817742150656,0.2904404693210233,0.2628571428571428,0.0776604386677498,5.0,8.0,3.0,500.0,500.0,500.0,500.0,228.0,0.7313432835820896,60.0,0.0841994010921261,0.0626115000050049,0.0554670999990776,0.1270938999950885,0.0021182316665848,2.8859649122807016,
test_002_1013,online,500.0,online_oracle_vad,2,False,True,0.1082606464853771,0.0796989909355224,0.0118009235505387,0.0167607319993158,0.1284663315860627,0.0463458110516934,0.0245145631067961,0.0682401231400718,2.0,2.0,0.0,500.0,500.0,500.0,500.0,218.0,0.9845360824742267,60.0,0.073237885462555,0.0906456999946385,0.0559469000145327,0.1533636000240221,0.0025560600004003,2.871559633027523,
test_002_1014,online,500.0,online_oracle_vad,2,False,True,0.2660261719397051,0.0801722709955275,0.0119264535365247,0.1739274474076528,0.50538332710563,0.1977303327562992,0.1795444394819115,0.0694053337750538,4.0,4.0,0.0,500.0,500.0,500.0,500.0,225.0,0.835820895522388,60.0,0.0745817016731933,0.0738798000093083,0.0632017999887466,0.1434433999820612,0.0023907233330343,2.871111111111111,
test_002_1015,online,500.0,online_oracle_vad,2,False,True,0.2383916554508748,0.0679676985195154,0.0100942126514131,0.1603297442799461,0.4325150917563837,0.2022003034901365,0.1500557413600891,0.0565275908479138,5.0,5.0,0.0,500.0,500.0,500.0,500.0,224.0,0.8316831683168316,60.0,0.0599144079885877,0.0632832999981474,0.0571941999951377,0.1271431999921333,0.0021190533332022,2.8705357142857144,
test_002_1016,online,500.0,online_oracle_vad,2,False,True,0.140365874508463,0.07898786117285,0.0150453068900666,0.0463327064455462,0.1865770550091739,0.088436705145764,0.0444981862152357,0.0630877073003932,2.0,3.0,1.0,500.0,500.0,500.0,500.0,219.0,0.9484536082474226,60.0,0.0673357664233576,0.0590331999992486,0.050647600000957,0.1158886999764945,0.0019314783329415,2.817351598173516,
test_002_1017,online,500.0,online_oracle_vad,2,False,True,0.4610030058535042,0.1017244106945103,0.0113906027527289,0.3478879924062648,0.8265364732912119,0.4513518847444247,0.4308257674016429,0.0991931656383483,2.0,1.0,-1.0,500.0,500.0,500.0,500.0,230.0,0.5656565656565656,60.0,0.1101159114857745,0.0768165000190492,0.057203499978641,0.1402812000014819,0.0023380200000246,2.92608695652174,
test_002_1018,online,500.0,online_oracle_vad,2,False,True,0.2844546048334422,0.0798497713912475,0.0065316786414108,0.1980731548007838,0.5789208628160826,0.2248296744890234,0.1801606251356631,0.0685826257348138,3.0,3.0,0.0,500.0,500.0,500.0,500.0,227.0,0.8109452736318408,60.0,0.0736325385694249,0.0586601000104565,0.0645542000129353,0.1297597000084351,0.0021626616668072,2.8898678414096914,
test_002_1019,online,500.0,online_oracle_vad,2,False,True,0.3476896251089799,0.0666085440278988,0.0081952920662598,0.2728857890148213,0.8129493522782589,0.3314165229058846,0.2756598240469208,0.0451612903225806,5.0,3.0,-2.0,500.0,500.0,500.0,500.0,216.0,0.695,60.0,0.0472972972972973,0.0626594000204932,0.0570357000106014,0.1268851000349968,0.0021147516672499,2.8472222222222223,
test_002_1020,online,500.0,online_oracle_vad,2,False,True,0.158273381294964,0.0871302957633892,0.014388489208633,0.0567545963229416,0.1616880559088936,0.0705904981727255,0.060931899641577,0.0844124700239808,4.0,6.0,2.0,500.0,500.0,500.0,500.0,232.0,0.9458128078817734,60.0,0.0921948664222105,0.0573108000098727,0.0626935999898705,0.129440999997314,0.0021573499999552,2.9267241379310347,
test_002_1021,online,500.0,online_oracle_vad,2,False,True,0.288355497891664,0.1154719429127473,0.0115147583522542,0.1613687966266623,0.2825218499523106,0.1447797716150081,0.1953488372093023,0.1023353876094712,4.0,10.0,6.0,500.0,500.0,500.0,500.0,221.0,0.8900523560209425,60.0,0.1140018066847335,0.0718992000038269,0.0581223999906796,0.1362048000155482,0.0022700800002591,2.800904977375565,
test_002_1022,online,500.0,online_oracle_vad,2,False,True,0.3569701853344077,0.1353746978243352,0.0096696212731668,0.2119258662369057,0.6864331525162296,0.2255510378771667,0.2667914813948046,0.1234488315874294,4.0,5.0,1.0,500.0,500.0,500.0,500.0,217.0,0.8022598870056498,60.0,0.1408347122632837,0.06001750001451,0.0505068999773357,0.1172068999730981,0.0019534483328849,2.834101382488479,
test_002_1023,online,500.0,online_oracle_vad,2,False,True,0.3512293025589563,0.0592072252885097,0.0041813012209399,0.2878407760495066,0.9352909947213082,0.2956279069767442,0.2514297818258843,0.0505101187489546,4.0,5.0,1.0,500.0,500.0,500.0,500.0,226.0,0.7317073170731707,60.0,0.0531971111502554,0.0556139000109396,0.0601430000097025,0.1229720000119414,0.0020495333335323,2.871681415929204,
test_002_1000,offline_ahc,500.0,offline_ahc_oracle_vad,2,False,True,0.3374629209562031,0.044494852556272904,0.012912231722212529,0.28005583667771766,0.7134452450637193,0.3094662451180956,0.2557745285018012,0.030884662362589427,5.0,3.0,-2.0,30875.0,56737.5,59500.0,59500.0,222.0,0.7203791469194313,60.0,0.03186892329852359,0.0675506999832578,0.03901860001496971,0.11304389999713749,0.0018840649999522915,,3.0
test_002_1001,offline_ahc,500.0,offline_ahc_oracle_vad,2,False,True,0.5440188172043011,0.09005376344086022,0.00991263440860215,0.4440524193548387,0.9155014816503306,0.5241131925069749,0.49245147375988496,0.07846102150537634,4.0,2.0,-2.0,29500.0,55599.99999999999,59000.0,59000.0,219.0,0.4973544973544973,60.0,0.08514129443938012,0.06266309999045916,0.03114790000836365,0.10025389998918399,0.0016708983331530666,,2.0
test_002_1002,offline_ahc,500.0,offline_ahc_oracle_vad,2,False,True,0.32457315031804485,0.09675259457649815,0.013223970539002344,0.21459658520254435,1.1435504678085469,0.2554700162074554,0.20912200684150514,0.08687646468028122,5.0,6.0,1.0,30000.0,55525.0,59250.0,59250.0,219.0,0.7684210526315789,60.0,0.09514207149404216,0.061924199981149286,0.035534099995857105,0.10374349998892285,0.0017290583331487142,,6.0
test_002_1003,offline_ahc,500.0,offline_ahc_oracle_vad,2,False,True,0.5406100068540096,0.06734064427690199,0.009766963673749143,0.4635023989033585,1.0273010810627132,0.52479815455594,0.4763619990995047,0.054318026045236466,5.0,2.0,-3.0,29125.0,56012.49999999999,58750.0,58750.0,220.0,0.49748743718592964,60.0,0.05743794165609712,0.059709199995268136,0.03218629999901168,0.09998550001182593,0.0016664250001970989,,2.0
test_002_1004,offline_ahc,500.0,offline_ahc_oracle_vad,2,False,True,0.48705766710353865,0.12237876802096985,0.015235910878112713,0.3494429882044561,0.8513997222427223,0.46005099872503186,0.44203707840071477,0.11451507208387943,5.0,2.0,-3.0,30375.0,56037.49999999999,59250.0,59250.0,218.0,0.5666666666666667,60.0,0.12932469935245144,0.06141690001823008,0.034293900011107326,0.10230460003367625,0.0017050766672279374,,2.0
test_002_1005,offline_ahc,500.0,offline_ahc_oracle_vad,2,False,True,0.30641648517339587,0.10001675322499581,0.013067515496733122,0.19333221645166696,0.4087590370642124,0.22868138545675512,0.15284715284715283,0.08644664097838833,4.0,6.0,2.0,29375.0,56287.49999999999,59000.0,59000.0,218.0,0.8128342245989305,60.0,0.09462681092976344,0.06720630000927486,0.03498699999181554,0.10869870000169612,0.0018116450000282688,,6.0
test_002_1006,offline_ahc,500.0,offline_ahc_oracle_vad,2,False,True,0.2542938135734534,0.08270802067700517,0.008170752042688011,0.1634150408537602,0.48070332118696424,0.21003318368143667,0.18629013892051924,0.07286976821744205,4.0,3.0,-1.0,29375.0,55737.5,59250.0,59250.0,222.0,0.8205128205128205,60.0,0.07859712230215828,0.05776639998657629,0.037843699974473566,0.10250309997354634,0.0017083849995591057,,3.0
test_002_1007,offline_ahc,500.0,offline_ahc_oracle_vad,2,False,True,0.4349387755102041,0.1276734693877551,0.009306122448979591,0.2979591836734694,0.7676708127238466,0.33839983111674055,0.32201405152224827,0.1133061224489796,4.0,4.0,0.0,29875.0,56062.5,58750.0,58750.0,216.0,0.702247191011236,60.0,0.1277849383170687,0.05776179998065345,0.037055699998745695,0.10229279997292906,0.0017048799995488177,,4.0
test_002_1008,offline_ahc,500.0,offline_ahc_oracle_vad,2,False,True,0.5089241034195162,0.06972477064220184,0.01634695579649708,0.42285237698081735,0.9124744532425293,0.5023896004588033,0.4633213321332133,0.06371976647206005,5.0,2.0,-3.0,29750.0,56425.0,59250.0,59250.0,227.0,0.5174129353233831,60.0,0.06805629787992161,0.06098739997833036,0.03482659999281168,0.10291779995895922,0.0017152966659826536,,2.0
test_002_1009,offline_ahc,500.0,offline_ahc_oracle_vad,2,False,True,0.3270283723245396,0.10751617720258835,0.0076323212211713955,0.21187987390077984,0.7018723542139923,0.27790201260418784,0.2409182081568977,0.09191969470715115,3.0,2.0,-1.0,29250.0,56800.0,59500.0,59500.0,217.0,0.7513227513227513,60.0,0.10122419148547415,0.06735119997756556,0.03457009998965077,0.10817169997608289,0.0018028616662680481,,2.0
test_002_1010,offline_ahc,500.0,offline_ahc_oracle_vad,2,False,True,0.23810344827586208,0.07396551724137931,0.013620689655172415,0.15051724137931036,0.26699612430064845,0.19803536345776032,0.12246820536975978,0.061206896551724135,2.0,3.0,1.0,28125.0,56574.999999999985,59500.0,59500.0,218.0,0.826530612244898,60.0,0.06519742883379247,0.05086060002213344,0.03699620001134463,0.09578760003205389,0.0015964600005342314,,3.0
test_002_1011,offline_ahc,500.0,offline_ahc_oracle_vad,2,False,True,0.32344972907886815,0.1568332329921734,0.014750150511739916,0.15186634557495485,0.6247115244030752,0.23616557734204793,0.23043288150415392,0.1547260686333534,5.0,3.0,-2.0,30000.0,56162.49999999999,59250.0,59250.0,228.0,0.8103448275862069,60.0,0.18269230769230768,0.05259199999272823,0.037783100007800385,0.0972096000041347,0.0016201600000689117,,3.0
test_002_1012,offline_ahc,500.0,offline_ahc_oracle_vad,2,False,True,0.3520714865962632,0.08204711616571893,0.008123476848090982,0.2619008935824533,0.5415243332525153,0.3031352183112137,0.27724867724867724,0.0776604386677498,5.0,6.0,1.0,29125.0,56162.49999999999,59250.0,59250.0,228.0,0.7164179104477612,60.0,0.08419940109212612,0.05490059999283403,0.035865899990312755,0.09743209998123348,0.001623868333020558,,6.0
test_002_1013,offline_ahc,500.0,offline_ahc_oracle_vad,2,False,True,0.18966991619634,0.07969899093552249,0.011800923550538737,0.09817000171027877,0.299256063470019,0.14062190532778768,0.08058252427184466,0.06824012314007183,2.0,2.0,0.0,28750.0,55537.49999999999,58750.0,58750.0,218.0,0.8969072164948454,60.0,0.07323788546255507,0.06380790000548586,0.03566359999240376,0.10710249998373911,0.0017850416663956518,,2.0
test_002_1014,offline_ahc,500.0,offline_ahc_oracle_vad,2,False,True,0.3097565015736293,0.08017227099552758,0.011926453536524764,0.21765777704157693,0.5919166922111427,0.24831698403539143,0.2251004912907548,0.06940533377505384,4.0,3.0,-1.0,29750.0,56699.99999999999,59500.0,59500.0,225.0,0.7860696517412935,60.0,0.0745817016731933,0.06072619999758899,0.03631570001016371,0.10593499999959022,0.0017655833333265036,,3.0
test_002_1015,offline_ahc,500.0,offline_ahc_oracle_vad,2,False,True,0.4133580080753701,0.06796769851951548,0.010094212651413189,0.33529609690444145,0.6414921211395926,0.38486342943854324,0.3355629877369008,0.05652759084791386,5.0,4.0,-1.0,30375.0,56462.5,59250.0,59250.0,224.0,0.6435643564356436,60.0,0.05991440798858773,0.059746299986727536,0.037516700016567484,0.10388700000476092,0.0017314500000793487,,4.0
test_002_1016,offline_ahc,500.0,offline_ahc_oracle_vad,2,False,True,0.15472730381261754,0.07898786117285006,0.015045306890066678,0.060694135749700805,0.22489094525926853,0.10487184504010957,0.0437726723095526,0.06308770730039323,2.0,2.0,0.0,29250.0,56025.0,59250.0,59250.0,219.0,0.9432989690721649,60.0,0.06733576642335766,0.050640500005101785,0.0330365999834612,0.09133759999531321,0.0015222933332552202,,2.0
test_002_1017,offline_ahc,500.0,offline_ahc_oracle_vad,2,False,True,0.4610030058535042,0.10172441069451037,0.011390602752728999,0.34788799240626483,0.8265364732912119,0.4513518847444247,0.4308257674016429,0.09919316563834836,2.0,1.0,-1.0,30375.0,56387.49999999999,59250.0,59250.0,230.0,0.5656565656565656,60.0,0.1101159114857745,0.053778400004375726,0.04023700000834651,0.10298039999906905,0.0017163399999844842,,1.0
test_002_1018,offline_ahc,500.0,offline_ahc_oracle_vad,2,False,True,0.29000653167864143,0.07984977139124755,0.006531678641410843,0.20362508164598303,0.5845140145905325,0.2513247539742619,0.19036249186021273,0.06858262573481384,3.0,3.0,0.0,30000.0,56425.0,59250.0,59250.0,227.0,0.7761194029850746,60.0,0.07363253856942496,0.060472600016510114,0.03302629999234341,0.10221599999931641,0.0017035999999886068,,3.0
test_002_1019,offline_ahc,500.0,offline_ahc_oracle_vad,2,False,True,0.2908456843940715,0.06660854402789887,0.008195292066259808,0.21604184829991283,0.667978400349498,0.26279470960322027,0.1958041958041958,0.04516129032258064,5.0,3.0,-2.0,30125.0,56562.5,59250.0,59250.0,216.0,0.77,60.0,0.0472972972972973,0.06150870001874864,0.03319980000378564,0.10172650002641603,0.001695441667106934,,3.0
test_002_1020,offline_ahc,500.0,offline_ahc_oracle_vad,2,False,True,0.1782573940847322,0.08713029576338929,0.014388489208633094,0.07673860911270983,0.21373947175287922,0.10328909405654933,0.07948555766392579,0.08441247002398082,4.0,6.0,2.0,29375.0,56362.5,59250.0,59250.0,232.0,0.916256157635468,60.0,0.09219486642221059,0.05817319999914616,0.03799750001053326,0.10314390002167784,0.0017190650003612972,,6.0
test_002_1021,offline_ahc,500.0,offline_ahc_oracle_vad,2,False,True,0.31673694453454426,0.11547194291274733,0.011514758352254299,0.18975024326954265,0.3221631441784124,0.18800978792822187,0.23134479271991912,0.10233538760947129,4.0,7.0,3.0,30000.0,56500.0,59250.0,59250.0,221.0,0.8481675392670157,60.0,0.11400180668473352,0.05661659999168478,0.03456570001435466,0.09959769999841228,0.0016599616666402048,,7.0
test_002_1022,offline_ahc,500.0,offline_ahc_oracle_vad,2,False,True,0.36051571313456887,0.13537469782433523,0.009669621273166801,0.2154713940370669,0.7364071095070204,0.2443826235822812,0.2766206412356658,0.12344883158742949,4.0,4.0,0.0,30500.0,56050.0,58750.0,58750.0,217.0,0.7853107344632768,60.0,0.1408347122632837,0.07485979999182746,0.031982599990442395,0.11332039997796528,0.001888673332966088,,4.0
test_002_1023,offline_ahc,500.0,offline_ahc_oracle_vad,2,False,True,0.35106205051011874,0.05920722528850978,0.0041813012209399565,0.28767352400066903,0.8612354498596777,0.30493023255813956,0.264138953611523,0.050510118748954676,4.0,3.0,-1.0,29875.0,55937.5,59000.0,59000.0,226.0,0.7268292682926829,60.0,0.05319711115025542,0.07235559998662211,0.03618550000828691,0.11464789998717606,0.001910798333119601,,3.0
